IPR000276,IPR000276,-1
IPR000276,IPR000980,-1
IPR000276,IPR001811,-1
IPR000276,IPR001611,-1
IPR000276,IPR001478,-1
IPR000276,IPR004125,-1
IPR003959,IPR003959,-1
IPR003959,IPR002110,-1
IPR003959,IPR001353,-1
IPR003959,IPR000626,-1
IPR003959,IPR001487,-1
IPR003959,IPR022648,-1
IPR003959,IPR000555,-1
IPR003959,IPR000717,-1
IPR003959,IPR000642,-1
IPR003959,IPR001943,-1
IPR003959,IPR003338,-1
IPR003959,IPR022649,-1
IPR003959,IPR004201,-1
IPR003959,IPR008269,-1
IPR003959,IPR010339,-1
IPR003959,IPR011546,-1
IPR003959,IPR013725,-1
IPR003959,IPR013748,-1
IPR003959,IPR015415,-1
IPR003959,IPR019489,-1
IPR003439,IPR003439,-1
IPR003439,IPR000795,-1
IPR003439,IPR000644,-1
IPR000194,IPR000194,-1
IPR000194,IPR000793,-1
IPR000194,IPR004100,-1
IPR000194,IPR007648,-1
IPR000194,IPR008387,-1
IPR006208,IPR006208,-1
IPR006208,IPR000884,-1
IPR006208,IPR000867,-1
IPR006208,IPR001611,-1
IPR006208,IPR000372,-1
IPR006208,IPR013106,-1
IPR000795,IPR000795,-1
IPR000795,IPR001039,-1
IPR000795,IPR000640,-1
IPR000795,IPR014038,-1
IPR000795,IPR000649,-1
IPR000795,IPR001163,-1
IPR000795,IPR006073,-1
IPR000795,IPR004160,-1
IPR000795,IPR004161,-1
IPR000795,IPR005517,-1
IPR000795,IPR013106,-1
IPR000795,IPR015256,-1
IPR000795,IPR023115,-1
IPR011598,IPR011598,-1
IPR011598,IPR001356,-1
IPR011598,IPR011539,-1
IPR011598,IPR004092,-1
IPR011598,IPR000357,-1
IPR013126,IPR013126,-1
IPR013126,IPR000719,-1
IPR013126,IPR001404,-1
IPR013126,IPR001623,-1
IPR013126,IPR002020,-1
IPR013126,IPR001680,-1
IPR013126,IPR007120,-1
IPR013126,IPR000866,-1
IPR013126,IPR001305,-1
IPR013126,IPR002939,-1
IPR013126,IPR003103,-1
IPR013126,IPR003594,-1
IPR004088,IPR004088,-1
IPR004088,IPR000980,-1
IPR004088,IPR000504,-1
IPR004088,IPR001351,-1
IPR004088,IPR011545,-1
IPR004088,IPR003029,-1
IPR004088,IPR001247,-1
IPR004088,IPR015847,-1
IPR002223,IPR002223,-1
IPR002223,IPR001211,-1
IPR002223,IPR001254,-1
IPR000980,IPR000980,-1
IPR000980,IPR001452,-1
IPR000980,IPR002110,-1
IPR000980,IPR003961,-1
IPR000980,IPR013151,-1
IPR000980,IPR000719,-1
IPR000980,IPR000242,-1
IPR000980,IPR000008,-1
IPR000980,IPR001849,-1
IPR000980,IPR001711,-1
IPR000980,IPR000909,-1
IPR000980,IPR017892,-1
IPR000980,IPR001263,-1
IPR000980,IPR000198,-1
IPR000980,IPR000219,-1
IPR000980,IPR006020,-1
IPR000980,IPR001562,-1
IPR000980,IPR013800,-1
IPR000980,IPR002404,-1
IPR000980,IPR003110,-1
IPR000980,IPR003116,-1
IPR000980,IPR013801,-1
IPR000980,IPR005189,-1
IPR000980,IPR011511,-1
IPR000980,IPR013106,-1
IPR001452,IPR001452,-1
IPR001452,IPR002110,-1
IPR001452,IPR013151,-1
IPR001452,IPR001609,-1
IPR001452,IPR000719,-1
IPR001452,IPR001806,-1
IPR001452,IPR000242,-1
IPR001452,IPR000008,-1
IPR001452,IPR001849,-1
IPR001452,IPR001078,-1
IPR001452,IPR001623,-1
IPR001452,IPR001715,-1
IPR001452,IPR001680,-1
IPR001452,IPR002017,-1
IPR001452,IPR000270,-1
IPR001452,IPR001478,-1
IPR001452,IPR000048,-1
IPR001452,IPR001936,-1
IPR001452,IPR001895,-1
IPR001452,IPR000651,-1
IPR001452,IPR000198,-1
IPR001452,IPR000219,-1
IPR001452,IPR008144,-1
IPR001452,IPR000095,-1
IPR001452,IPR001683,-1
IPR001452,IPR011615,-1
IPR001452,IPR001164,-1
IPR001452,IPR004099,-1
IPR001452,IPR004148,-1
IPR001452,IPR006785,-1
IPR001452,IPR009224,-1
IPR001452,IPR011511,-1
IPR001839,IPR001839,-1
IPR001839,IPR002350,-1
IPR001839,IPR013106,-1
IPR001368,IPR001368,-1
IPR001368,IPR013151,-1
IPR001368,IPR000719,-1
IPR001368,IPR006052,-1
IPR001368,IPR002072,-1
IPR001368,IPR000488,-1
IPR001368,IPR002083,-1
IPR001368,IPR013106,-1
IPR001526,IPR001526,-1
IPR001526,IPR000001,-1
IPR001526,IPR001212,-1
IPR001526,IPR013106,-1
IPR004000,IPR004000,-1
IPR004000,IPR001609,-1
IPR004000,IPR000719,-1
IPR004000,IPR002423,-1
IPR004000,IPR007125,-1
IPR004000,IPR002108,-1
IPR004000,IPR000533,-1
IPR004000,IPR014760,-1
IPR004000,IPR001680,-1
IPR004000,IPR009071,-1
IPR004000,IPR007123,-1
IPR004000,IPR001978,-1
IPR004000,IPR001152,-1
IPR004000,IPR015425,-1
IPR004000,IPR004018,-1
IPR004000,IPR005135,-1
IPR004000,IPR006789,-1
IPR002110,IPR002110,-1
IPR002110,IPR006689,-1
IPR002110,IPR000595,-1
IPR002110,IPR000719,-1
IPR002110,IPR001806,-1
IPR002110,IPR000504,-1
IPR002110,IPR018957,-1
IPR002110,IPR001849,-1
IPR002110,IPR000418,-1
IPR002110,IPR001781,-1
IPR002110,IPR001440,-1
IPR002110,IPR000488,-1
IPR002110,IPR011539,-1
IPR002110,IPR000048,-1
IPR002110,IPR001810,-1
IPR002110,IPR023801,-1
IPR002110,IPR001214,-1
IPR002110,IPR011615,-1
IPR002110,IPR001698,-1
IPR002110,IPR002189,-1
IPR002110,IPR001164,-1
IPR002110,IPR002909,-1
IPR002110,IPR001496,-1
IPR006689,IPR006689,-1
IPR006689,IPR001849,-1
IPR006689,IPR007123,-1
IPR006689,IPR000904,-1
IPR006689,IPR001164,-1
IPR006689,IPR000237,-1
IPR006689,IPR002553,-1
IPR006689,IPR006896,-1
IPR006689,IPR006900,-1
IPR006689,IPR008015,-1
IPR001461,IPR001461,-1
IPR001461,IPR008138,-1
IPR001461,IPR007856,-1
IPR001461,IPR013106,-1
IPR001461,IPR012848,-1
IPR000595,IPR000595,-1
IPR000595,IPR000719,-1
IPR000595,IPR017892,-1
IPR000595,IPR000048,-1
IPR002126,IPR002126,-1
IPR002126,IPR001304,-1
IPR002126,IPR000225,-1
IPR002126,IPR001611,-1
IPR002126,IPR000233,-1
IPR001064,IPR001064,-1
IPR000010,IPR000010,-1
IPR000010,IPR000668,-1
IPR000083,IPR000083,-1
IPR000562,IPR000562,-1
IPR000562,IPR018487,-1
IPR000562,IPR001818,-1
IPR000562,IPR000479,-1
IPR000562,IPR002477,-1
IPR003961,IPR003961,-1
IPR003961,IPR013151,-1
IPR003961,IPR001304,-1
IPR003961,IPR000719,-1
IPR003961,IPR002035,-1
IPR003961,IPR000242,-1
IPR003961,IPR001400,-1
IPR003961,IPR000536,-1
IPR003961,IPR002181,-1
IPR003961,IPR001715,-1
IPR003961,IPR001611,-1
IPR003961,IPR001478,-1
IPR003961,IPR006211,-1
IPR003961,IPR001323,-1
IPR003961,IPR000494,-1
IPR003961,IPR000320,-1
IPR003961,IPR001090,-1
IPR003961,IPR013098,-1
IPR003961,IPR013106,-1
IPR003961,IPR015321,-1
IPR000971,IPR000971,-1
IPR000971,IPR002172,-1
IPR000971,IPR001433,-1
IPR000971,IPR008333,-1
IPR004046,IPR004046,-1
IPR004046,IPR002109,-1
IPR004046,IPR004045,-1
IPR004046,IPR005135,-1
IPR020828,IPR020828,-1
IPR020828,IPR020829,-1
IPR018487,IPR018487,-1
IPR018487,IPR000033,-1
IPR018487,IPR001818,-1
IPR018487,IPR001820,-1
IPR018487,IPR002477,-1
IPR001356,IPR001356,-1
IPR001356,IPR000719,-1
IPR001356,IPR000504,-1
IPR001356,IPR007087,-1
IPR001356,IPR000327,-1
IPR001356,IPR002100,-1
IPR001356,IPR001680,-1
IPR001356,IPR017956,-1
IPR001356,IPR003350,-1
IPR013151,IPR013151,-1
IPR013151,IPR001304,-1
IPR013151,IPR000719,-1
IPR013151,IPR000436,-1
IPR013151,IPR000884,-1
IPR013151,IPR000242,-1
IPR013151,IPR001039,-1
IPR013151,IPR000975,-1
IPR013151,IPR000225,-1
IPR013151,IPR000488,-1
IPR013151,IPR001611,-1
IPR013151,IPR001627,-1
IPR013151,IPR000372,-1
IPR013151,IPR000157,-1
IPR013151,IPR003110,-1
IPR013151,IPR001791,-1
IPR013151,IPR003452,-1
IPR013151,IPR003597,-1
IPR013151,IPR013098,-1
IPR013151,IPR013106,-1
IPR001811,IPR001811,-1
IPR001811,IPR013106,-1
IPR016179,IPR016179,-1
IPR016179,IPR000716,-1
IPR016179,IPR000867,-1
IPR016179,IPR011765,-1
IPR016179,IPR000479,-1
IPR016179,IPR007863,-1
IPR016179,IPR013106,-1
IPR002350,IPR002350,-1
IPR002350,IPR002049,-1
IPR002350,IPR000209,-1
IPR002350,IPR000716,-1
IPR002350,IPR001254,-1
IPR002350,IPR015369,-1
IPR002350,IPR019577,-1
IPR000001,IPR000001,-1
IPR000001,IPR023796,-1
IPR000001,IPR001254,-1
IPR002049,IPR002049,-1
IPR002049,IPR000033,-1
IPR002049,IPR001774,-1
IPR001791,IPR001791,-1
IPR001791,IPR001791,-1
IPR001791,IPR013106,-1
IPR001236,IPR001236,-1
IPR001236,IPR002020,-1
IPR001236,IPR006114,-1
IPR001236,IPR022383,-1
IPR002172,IPR002172,-1
IPR002172,IPR000033,-1
IPR002172,IPR001254,-1
IPR002172,IPR000884,-1
IPR002172,IPR000859,-1
IPR002172,IPR015104,-1
IPR000033,IPR000033,-1
IPR000033,IPR006020,-1
IPR001304,IPR001304,-1
IPR001304,IPR000436,-1
IPR001304,IPR002035,-1
IPR001304,IPR001039,-1
IPR001304,IPR006052,-1
IPR001304,IPR000859,-1
IPR001304,IPR000294,-1
IPR001304,IPR003597,-1
IPR001304,IPR006586,-1
IPR001304,IPR015097,-1
IPR001320,IPR001320,-1
IPR001320,IPR001478,-1
IPR001320,IPR008144,-1
IPR001320,IPR001828,-1
IPR001320,IPR019594,-1
IPR000566,IPR000566,-1
IPR000566,IPR013106,-1
IPR001609,IPR001609,-1
IPR001609,IPR000719,-1
IPR001609,IPR001401,-1
IPR001609,IPR001478,-1
IPR001609,IPR000048,-1
IPR001609,IPR000375,-1
IPR001609,IPR004009,-1
IPR000800,IPR000800,-1
IPR000800,IPR010660,-1
IPR000800,IPR011656,-1
IPR000800,IPR013106,-1
IPR001128,IPR001128,-1
IPR001128,IPR001433,-1
IPR001128,IPR009081,-1
IPR001211,IPR001211,-1
IPR000719,IPR000719,-1
IPR000719,IPR001806,-1
IPR000719,IPR000504,-1
IPR000719,IPR001424,-1
IPR000719,IPR007087,-1
IPR000719,IPR018957,-1
IPR000719,IPR000242,-1
IPR000719,IPR000536,-1
IPR000719,IPR001628,-1
IPR000719,IPR002423,-1
IPR000719,IPR007125,-1
IPR000719,IPR006671,-1
IPR000719,IPR004843,-1
IPR000719,IPR000008,-1
IPR000719,IPR001849,-1
IPR000719,IPR001404,-1
IPR000719,IPR001752,-1
IPR000719,IPR000626,-1
IPR000719,IPR023410,-1
IPR000719,IPR011545,-1
IPR000719,IPR001650,-1
IPR000719,IPR001926,-1
IPR000719,IPR001680,-1
IPR000719,IPR000408,-1
IPR000719,IPR017892,-1
IPR000719,IPR002017,-1
IPR000719,IPR001932,-1
IPR000719,IPR000253,-1
IPR000719,IPR000225,-1
IPR000719,IPR001440,-1
IPR000719,IPR000488,-1
IPR000719,IPR001357,-1
IPR000719,IPR011539,-1
IPR000719,IPR001611,-1
IPR000719,IPR000270,-1
IPR000719,IPR000644,-1
IPR000719,IPR003029,-1
IPR000719,IPR001763,-1
IPR000719,IPR001478,-1
IPR000719,IPR000048,-1
IPR000719,IPR000651,-1
IPR000719,IPR001315,-1
IPR000719,IPR000219,-1
IPR000719,IPR001370,-1
IPR000719,IPR000959,-1
IPR000719,IPR006211,-1
IPR000719,IPR000095,-1
IPR000719,IPR001683,-1
IPR000719,IPR000159,-1
IPR000719,IPR001313,-1
IPR000719,IPR000905,-1
IPR000719,IPR011615,-1
IPR000719,IPR002083,-1
IPR000719,IPR002164,-1
IPR000719,IPR000494,-1
IPR000719,IPR001828,-1
IPR000719,IPR000704,-1
IPR000719,IPR020067,-1
IPR000719,IPR001090,-1
IPR000719,IPR001163,-1
IPR000719,IPR003018,-1
IPR000719,IPR002843,-1
IPR000719,IPR011072,-1
IPR000719,IPR003116,-1
IPR000719,IPR004009,-1
IPR000719,IPR004367,-1
IPR000719,IPR000357,-1
IPR000719,IPR006692,-1
IPR000719,IPR006941,-1
IPR000719,IPR013098,-1
IPR000719,IPR001245,-1
IPR000719,IPR015128,-1
IPR000719,IPR019577,-1
IPR001806,IPR001806,-1
IPR001806,IPR013149,-1
IPR001806,IPR001849,-1
IPR001806,IPR000408,-1
IPR001806,IPR000403,-1
IPR001806,IPR001440,-1
IPR001806,IPR001611,-1
IPR001806,IPR000270,-1
IPR001806,IPR001478,-1
IPR001806,IPR000651,-1
IPR001806,IPR000198,-1
IPR001806,IPR001876,-1
IPR001806,IPR000095,-1
IPR001806,IPR001683,-1
IPR001806,IPR000159,-1
IPR001806,IPR018203,-1
IPR001806,IPR000306,-1
IPR001806,IPR001164,-1
IPR001806,IPR002909,-1
IPR001806,IPR000406,-1
IPR001806,IPR000357,-1
IPR001806,IPR005043,-1
IPR001806,IPR010472,-1
IPR001806,IPR010504,-1
IPR001806,IPR010703,-1
IPR001806,IPR013106,-1
IPR001806,IPR013598,-1
IPR001806,IPR013713,-1
IPR001806,IPR014877,-1
IPR001806,IPR015008,-1
IPR001806,IPR015116,-1
IPR001806,IPR015390,-1
IPR001806,IPR019018,-1
IPR001806,IPR021563,-1
IPR000504,IPR000504,-1
IPR000504,IPR007087,-1
IPR000504,IPR001628,-1
IPR000504,IPR002130,-1
IPR000504,IPR011545,-1
IPR000504,IPR001650,-1
IPR000504,IPR001680,-1
IPR000504,IPR019787,-1
IPR000504,IPR000340,-1
IPR000504,IPR001313,-1
IPR000504,IPR001606,-1
IPR000504,IPR000555,-1
IPR000504,IPR001163,-1
IPR000504,IPR001040,-1
IPR000504,IPR002769,-1
IPR000504,IPR006677,-1
IPR000504,IPR003034,-1
IPR000504,IPR002075,-1
IPR000504,IPR003890,-1
IPR000504,IPR004160,-1
IPR000504,IPR012996,-1
IPR000504,IPR015016,-1
IPR000504,IPR015362,-1
IPR018061,IPR000626,-1
IPR018061,IPR000721,-1
IPR023796,IPR023796,-1
IPR023796,IPR001254,-1
IPR023796,IPR001039,-1
IPR023796,IPR001212,-1
IPR001424,IPR001424,-1
IPR001424,IPR001179,-1
IPR001424,IPR006121,-1
IPR000209,IPR000209,-1
IPR000209,IPR002884,-1
IPR000209,IPR003137,-1
IPR000209,IPR010259,-1
IPR000209,IPR013106,-1
IPR000209,IPR015366,-1
IPR000209,IPR022229,-1
IPR000436,IPR000436,-1
IPR000436,IPR001254,-1
IPR000436,IPR002035,-1
IPR000436,IPR001599,-1
IPR000436,IPR001759,-1
IPR000436,IPR000859,-1
IPR000436,IPR002890,-1
IPR000436,IPR011626,-1
IPR000436,IPR013106,-1
IPR000436,IPR015104,-1
IPR013766,IPR013766,-1
IPR013766,IPR003008,-1
IPR013766,IPR011539,-1
IPR013766,IPR023485,-1
IPR013766,IPR005135,-1
IPR013766,IPR013106,-1
IPR013766,IPR023753,-1
IPR000716,IPR000716,-1
IPR000716,IPR000668,-1
IPR000716,IPR000867,-1
IPR000519,IPR000519,-1
IPR000519,IPR000322,-1
IPR001254,IPR001254,-1
IPR001254,IPR002035,-1
IPR001254,IPR008197,-1
IPR001254,IPR002072,-1
IPR001254,IPR000834,-1
IPR001254,IPR000859,-1
IPR001254,IPR001611,-1
IPR001254,IPR000294,-1
IPR001254,IPR001478,-1
IPR001254,IPR002919,-1
IPR001254,IPR003146,-1
IPR001254,IPR001881,-1
IPR001254,IPR009048,-1
IPR001254,IPR013106,-1
IPR001254,IPR012290,-1
IPR001254,IPR015352,-1
IPR001254,IPR018992,-1
IPR000884,IPR000884,-1
IPR000884,IPR002035,-1
IPR000884,IPR001007,-1
IPR000884,IPR000867,-1
IPR000884,IPR001590,-1
IPR003008,IPR001752,-1
IPR003008,IPR000956,-1
IPR003008,IPR018316,-1
IPR002035,IPR002035,-1
IPR002035,IPR001611,-1
IPR002035,IPR001442,-1
IPR002035,IPR000372,-1
IPR002035,IPR018933,-1
IPR002035,IPR013517,-1
IPR002035,IPR003597,-1
IPR002035,IPR011626,-1
IPR002035,IPR013106,-1
IPR008197,IPR008197,-1
IPR007087,IPR007087,-1
IPR007087,IPR018957,-1
IPR007087,IPR001628,-1
IPR007087,IPR006032,-1
IPR007087,IPR001005,-1
IPR007087,IPR006139,-1
IPR007087,IPR001680,-1
IPR007087,IPR001781,-1
IPR007087,IPR001487,-1
IPR007087,IPR001440,-1
IPR007087,IPR001478,-1
IPR007087,IPR000159,-1
IPR007087,IPR023801,-1
IPR007087,IPR001214,-1
IPR007087,IPR002083,-1
IPR007087,IPR006140,-1
IPR018957,IPR018957,-1
IPR018957,IPR007125,-1
IPR018957,IPR000608,-1
IPR018957,IPR000626,-1
IPR018957,IPR001650,-1
IPR018957,IPR001680,-1
IPR018957,IPR001611,-1
IPR018957,IPR001810,-1
IPR018957,IPR001373,-1
IPR018957,IPR002083,-1
IPR018957,IPR000306,-1
IPR018957,IPR003137,-1
IPR001878,IPR001878,-1
IPR001878,IPR011545,-1
IPR000242,IPR000242,-1
IPR000242,IPR019748,-1
IPR000242,IPR000225,-1
IPR000242,IPR001478,-1
IPR000242,IPR023485,-1
IPR000242,IPR003110,-1
IPR001400,IPR001400,-1
IPR000536,IPR000536,-1
IPR000536,IPR001628,-1
IPR000536,IPR001103,-1
IPR001628,IPR001628,-1
IPR001628,IPR017868,-1
IPR001628,IPR004038,-1
IPR001628,IPR004160,-1
IPR002198,IPR002198,-1
IPR002198,IPR014030,-1
IPR002198,IPR002539,-1
IPR002198,IPR002843,-1
IPR002198,IPR014031,-1
IPR013149,IPR013149,-1
IPR013149,IPR014030,-1
IPR013149,IPR002652,-1
IPR013149,IPR002843,-1
IPR013149,IPR014031,-1
IPR020616,IPR020616,-1
IPR020616,IPR001753,-1
IPR020616,IPR006108,-1
IPR020616,IPR006176,-1
IPR020616,IPR020617,-1
IPR014030,IPR014030,-1
IPR014030,IPR000873,-1
IPR014030,IPR001031,-1
IPR014030,IPR002539,-1
IPR014030,IPR014031,-1
IPR000668,IPR000668,-1
IPR000668,IPR012599,-1
IPR000668,IPR013201,-1
IPR000668,IPR014882,-1
IPR020810,IPR020811,-1
IPR002429,IPR002429,-1
IPR002429,IPR003213,-1
IPR002429,IPR011759,-1
IPR002429,IPR004203,-1
IPR002429,IPR004204,-1
IPR002429,IPR013106,-1
IPR017926,IPR017926,-1
IPR017926,IPR005481,-1
IPR017926,IPR002474,-1
IPR017926,IPR011607,-1
IPR017926,IPR022310,-1
IPR017926,IPR005479,-1
IPR017926,IPR005480,-1
IPR002423,IPR002423,-1
IPR002423,IPR020818,-1
IPR002423,IPR001680,-1
IPR008146,IPR008146,-1
IPR008146,IPR008147,-1
IPR000652,IPR000652,-1
IPR008250,IPR008250,-1
IPR008250,IPR006121,-1
IPR008250,IPR006068,-1
IPR008250,IPR004014,-1
IPR008250,IPR001163,-1
IPR000532,IPR001879,-1
IPR007125,IPR007125,-1
IPR007125,IPR001564,-1
IPR007125,IPR001680,-1
IPR007125,IPR000219,-1
IPR007125,IPR002164,-1
IPR007125,IPR001948,-1
IPR007125,IPR001494,-1
IPR001039,IPR001039,-1
IPR001039,IPR000608,-1
IPR001039,IPR000721,-1
IPR001039,IPR000494,-1
IPR001039,IPR002190,-1
IPR001039,IPR007365,-1
IPR001039,IPR007369,-1
IPR001039,IPR013106,-1
IPR001039,IPR015404,-1
IPR002219,IPR019787,-1
IPR001451,IPR001451,-1
IPR001451,IPR005835,-1
IPR001451,IPR000649,-1
IPR002300,IPR002300,-1
IPR002300,IPR001950,-1
IPR002300,IPR013155,-1
IPR002300,IPR015413,-1
IPR006671,IPR006671,-1
IPR006671,IPR001810,-1
IPR006671,IPR003175,-1
IPR006671,IPR003316,-1
IPR006671,IPR004367,-1
IPR006671,IPR013855,-1
IPR006671,IPR015030,-1
IPR002018,IPR002018,-1
IPR002018,IPR001791,-1
IPR006134,IPR006134,-1
IPR006134,IPR006133,-1
IPR000471,IPR000471,-1
IPR000471,IPR015373,-1
IPR001466,IPR001466,-1
IPR001525,IPR001525,-1
IPR002181,IPR002181,-1
IPR002181,IPR012290,-1
IPR004843,IPR004843,-1
IPR004843,IPR001353,-1
IPR004843,IPR001680,-1
IPR004843,IPR001440,-1
IPR004843,IPR001478,-1
IPR004843,IPR000198,-1
IPR004843,IPR001015,-1
IPR013818,IPR013818,-1
IPR013818,IPR001024,-1
IPR004364,IPR004364,-1
IPR004364,IPR002305,-1
IPR004364,IPR002314,-1
IPR004364,IPR004365,-1
IPR004364,IPR001163,-1
IPR018108,IPR018108,-1
IPR018108,IPR001313,-1
IPR018108,IPR000649,-1
IPR018108,IPR001698,-1
IPR018108,IPR004217,-1
IPR004839,IPR004839,-1
IPR004839,IPR002843,-1
IPR000836,IPR000836,-1
IPR000836,IPR000845,-1
IPR000836,IPR002843,-1
IPR000327,IPR000327,-1
IPR000327,IPR009071,-1
IPR001955,IPR001955,-1
IPR001955,IPR001375,-1
IPR001955,IPR002469,-1
IPR002130,IPR002130,-1
IPR002130,IPR000721,-1
IPR002130,IPR023801,-1
IPR002130,IPR001950,-1
IPR002130,IPR014906,-1
IPR001576,IPR001576,-1
IPR001576,IPR001680,-1
IPR001576,IPR000031,-1
IPR001576,IPR006692,-1
IPR001912,IPR001351,-1
IPR001912,IPR013810,-1
IPR001912,IPR002942,-1
IPR001912,IPR005324,-1
IPR006032,IPR001063,-1
IPR006032,IPR000630,-1
IPR006032,IPR006196,-1
IPR020818,IPR020818,-1
IPR000008,IPR000008,-1
IPR000008,IPR001849,-1
IPR000008,IPR001711,-1
IPR000008,IPR000909,-1
IPR000008,IPR001202,-1
IPR000008,IPR017892,-1
IPR000008,IPR001478,-1
IPR000008,IPR001936,-1
IPR000008,IPR000569,-1
IPR000008,IPR013787,-1
IPR000008,IPR015359,-1
IPR001849,IPR001849,-1
IPR001849,IPR001715,-1
IPR001849,IPR001711,-1
IPR001849,IPR000909,-1
IPR001849,IPR001680,-1
IPR001849,IPR017892,-1
IPR001849,IPR002017,-1
IPR001849,IPR000253,-1
IPR001849,IPR001936,-1
IPR001849,IPR001895,-1
IPR001849,IPR000198,-1
IPR001849,IPR000219,-1
IPR001849,IPR001562,-1
IPR001849,IPR000095,-1
IPR001849,IPR000159,-1
IPR001849,IPR000306,-1
IPR001849,IPR000904,-1
IPR001849,IPR001164,-1
IPR001849,IPR002404,-1
IPR001849,IPR022613,-1
IPR015590,IPR015590,-1
IPR015590,IPR002843,-1
IPR015590,IPR013137,-1
IPR001199,IPR001199,-1
IPR001199,IPR001433,-1
IPR001199,IPR008333,-1
IPR001199,IPR003597,-1
IPR001199,IPR013106,-1
IPR001433,IPR001433,-1
IPR001433,IPR008333,-1
IPR000330,IPR001487,-1
IPR023798,IPR023798,-1
IPR023798,IPR013810,-1
IPR023798,IPR000754,-1
IPR023798,IPR001971,-1
IPR000418,IPR000418,-1
IPR000418,IPR002100,-1
IPR000608,IPR000608,-1
IPR000608,IPR000626,-1
IPR000608,IPR000569,-1
IPR000608,IPR001810,-1
IPR000608,IPR004855,-1
IPR000608,IPR003613,-1
IPR000608,IPR009109,-1
IPR000608,IPR019572,-1
IPR000608,IPR022617,-1
IPR000608,IPR022011,-1
IPR024084,IPR024084,-1
IPR024084,IPR002164,-1
IPR022666,IPR022666,-1
IPR022666,IPR022669,-1
IPR001404,IPR001404,-1
IPR001404,IPR001440,-1
IPR001404,IPR003594,-1
IPR001404,IPR003613,-1
IPR000981,IPR000981,-1
IPR000981,IPR022423,-1
IPR006131,IPR006132,-1
IPR001351,IPR001865,-1
IPR001351,IPR013810,-1
IPR001351,IPR004044,-1
IPR018502,IPR018502,-1
IPR001148,IPR001148,-1
IPR001148,IPR013098,-1
IPR001148,IPR013106,-1
IPR001078,IPR000626,-1
IPR001078,IPR001017,-1
IPR001078,IPR002652,-1
IPR001078,IPR005475,-1
IPR001078,IPR004167,-1
IPR001078,IPR004099,-1
IPR001762,IPR001762,-1
IPR001762,IPR006586,-1
IPR005814,IPR005814,-1
IPR005814,IPR001950,-1
IPR002222,IPR001865,-1
IPR002222,IPR001892,-1
IPR013506,IPR013506,-1
IPR013506,IPR013500,-1
IPR013506,IPR006171,-1
IPR013506,IPR003594,-1
IPR013506,IPR008336,-1
IPR013506,IPR007696,-1
IPR022761,IPR022761,-1
IPR022761,IPR019468,-1
IPR001599,IPR002890,-1
IPR001599,IPR009048,-1
IPR001599,IPR013106,-1
IPR001599,IPR011625,-1
IPR006096,IPR006096,-1
IPR006096,IPR006097,-1
IPR000175,IPR000175,-1
IPR000663,IPR001828,-1
IPR021116,IPR021116,-1
IPR001754,IPR001754,-1
IPR022414,IPR022414,-1
IPR022414,IPR022413,-1
IPR000867,IPR000867,-1
IPR022423,IPR022423,-1
IPR015793,IPR015795,-1
IPR001752,IPR001752,-1
IPR001752,IPR000253,-1
IPR001752,IPR018316,-1
IPR001623,IPR001440,-1
IPR001623,IPR002939,-1
IPR001623,IPR005341,-1
IPR001623,IPR015030,-1
IPR001353,IPR001353,-1
IPR001353,IPR001394,-1
IPR001353,IPR001578,-1
IPR001353,IPR001950,-1
IPR001353,IPR000555,-1
IPR001353,IPR000717,-1
IPR001353,IPR002015,-1
IPR001353,IPR019489,-1
IPR001353,IPR000426,-1
IPR001353,IPR024689,-1
IPR006052,IPR006052,-1
IPR006052,IPR013106,-1
IPR001360,IPR001360,-1
IPR002073,IPR002073,-1
IPR002073,IPR003018,-1
IPR001063,IPR001063,-1
IPR000218,IPR000597,-1
IPR000218,IPR000988,-1
IPR000218,IPR002769,-1
IPR000626,IPR000626,-1
IPR000626,IPR000569,-1
IPR000626,IPR001876,-1
IPR000626,IPR002014,-1
IPR000626,IPR001373,-1
IPR000626,IPR001578,-1
IPR000626,IPR002653,-1
IPR000626,IPR006155,-1
IPR000626,IPR001607,-1
IPR000626,IPR003323,-1
IPR000626,IPR003594,-1
IPR000626,IPR022649,-1
IPR000626,IPR003892,-1
IPR000626,IPR003653,-1
IPR000626,IPR004152,-1
IPR000626,IPR006773,-1
IPR000626,IPR011511,-1
IPR000626,IPR013106,-1
IPR000626,IPR015360,-1
IPR000626,IPR018965,-1
IPR000626,IPR019559,-1
IPR000626,IPR019572,-1
IPR000626,IPR024725,-1
IPR002108,IPR002108,-1
IPR023410,IPR023410,-1
IPR023410,IPR000644,-1
IPR023410,IPR000182,-1
IPR000834,IPR000834,-1
IPR000834,IPR003146,-1
IPR000834,IPR009684,-1
IPR023210,IPR023210,-1
IPR023210,IPR001950,-1
IPR023210,IPR003131,-1
IPR001005,IPR001005,-1
IPR001005,IPR001650,-1
IPR001005,IPR001357,-1
IPR001005,IPR001810,-1
IPR001005,IPR000555,-1
IPR001766,IPR001766,-1
IPR001766,IPR011539,-1
IPR016180,IPR016180,-1
IPR001179,IPR001179,-1
IPR001179,IPR001440,-1
IPR000533,IPR000533,-1
IPR000533,IPR001978,-1
IPR000192,IPR000192,-1
IPR000358,IPR000358,-1
IPR011545,IPR011545,-1
IPR011545,IPR001650,-1
IPR011545,IPR006139,-1
IPR011545,IPR001680,-1
IPR011545,IPR000692,-1
IPR011545,IPR004365,-1
IPR011545,IPR001163,-1
IPR011545,IPR003891,-1
IPR011545,IPR012961,-1
IPR011545,IPR018982,-1
IPR001650,IPR001650,-1
IPR001650,IPR006139,-1
IPR001650,IPR001487,-1
IPR001650,IPR004365,-1
IPR001650,IPR001163,-1
IPR001650,IPR002877,-1
IPR001650,IPR001943,-1
IPR001650,IPR003891,-1
IPR001650,IPR007109,-1
IPR001650,IPR011709,-1
IPR001650,IPR012961,-1
IPR001650,IPR018982,-1
IPR014760,IPR014760,-1
IPR000741,IPR000741,-1
IPR013025,IPR000597,-1
IPR013025,IPR001854,-1
IPR013025,IPR013822,-1
IPR002132,IPR002132,-1
IPR002132,IPR002132,-1
IPR002132,IPR002143,-1
IPR002129,IPR002129,-1
IPR002020,IPR002020,-1
IPR002020,IPR002843,-1
IPR002020,IPR022383,-1
IPR000402,IPR006068,-1
IPR006204,IPR006204,-1
IPR006204,IPR013750,-1
IPR006204,IPR019539,-1
IPR005481,IPR005481,-1
IPR005481,IPR002474,-1
IPR005481,IPR000022,-1
IPR005481,IPR011607,-1
IPR005481,IPR005482,-1
IPR005481,IPR005479,-1
IPR005481,IPR005480,-1
IPR001926,IPR001926,-1
IPR001926,IPR000644,-1
IPR001926,IPR001950,-1
IPR000086,IPR000086,-1
IPR000086,IPR013078,-1
IPR000086,IPR007722,-1
IPR000597,IPR000597,-1
IPR000597,IPR002136,-1
IPR000597,IPR000988,-1
IPR020783,IPR001790,-1
IPR020783,IPR013823,-1
IPR020783,IPR020784,-1
IPR000398,IPR000398,-1
IPR000398,IPR013137,-1
IPR013819,IPR013819,-1
IPR013819,IPR001024,-1
IPR000793,IPR002843,-1
IPR000793,IPR004100,-1
IPR000793,IPR007648,-1
IPR001715,IPR001715,-1
IPR001715,IPR001202,-1
IPR001715,IPR002017,-1
IPR001715,IPR001478,-1
IPR001715,IPR000048,-1
IPR001715,IPR000219,-1
IPR001715,IPR001245,-1
IPR001715,IPR014837,-1
IPR000589,IPR001865,-1
IPR000589,IPR013810,-1
IPR000589,IPR004038,-1
IPR002059,IPR002059,-1
IPR013509,IPR000788,-1
IPR013509,IPR005144,-1
IPR001865,IPR000266,-1
IPR001865,IPR001680,-1
IPR002100,IPR002100,-1
IPR001928,IPR001928,-1
IPR006081,IPR006081,-1
IPR001375,IPR001375,-1
IPR001375,IPR002469,-1
IPR001375,IPR013094,-1
IPR001030,IPR001030,-1
IPR001030,IPR000573,-1
IPR013810,IPR001848,-1
IPR013810,IPR000754,-1
IPR013810,IPR005324,-1
IPR001564,IPR001564,-1
IPR001079,IPR001079,-1
IPR001848,IPR001848,-1
IPR001848,IPR000754,-1
IPR001848,IPR005824,-1
IPR001848,IPR004044,-1
IPR000975,IPR000975,-1
IPR000975,IPR013106,-1
IPR000072,IPR006782,-1
IPR000072,IPR003597,-1
IPR000072,IPR013106,-1
IPR001672,IPR001672,-1
IPR000811,IPR000811,-1
IPR020040,IPR020040,-1
IPR020040,IPR005822,-1
IPR020040,IPR002136,-1
IPR020040,IPR000196,-1
IPR000092,IPR000092,-1
IPR000092,IPR001950,-1
IPR022672,IPR022672,-1
IPR022672,IPR022673,-1
IPR001759,IPR001759,-1
IPR017941,IPR017941,-1
IPR017941,IPR004192,-1
IPR017941,IPR013106,-1
IPR018184,IPR014836,-1
IPR002369,IPR002369,-1
IPR002369,IPR013517,-1
IPR002369,IPR012896,-1
IPR002369,IPR013111,-1
IPR000089,IPR005475,-1
IPR000023,IPR000023,-1
IPR000266,IPR000630,-1
IPR019748,IPR019748,-1
IPR019748,IPR001478,-1
IPR019748,IPR011259,-1
IPR019748,IPR000582,-1
IPR019748,IPR002404,-1
IPR019748,IPR001245,-1
IPR019748,IPR014836,-1
IPR019748,IPR015098,-1
IPR019748,IPR018979,-1
IPR019748,IPR018980,-1
IPR001991,IPR001991,-1
IPR022416,IPR022416,-1
IPR022416,IPR013106,-1
IPR001753,IPR006108,-1
IPR001753,IPR006176,-1
IPR013150,IPR013150,-1
IPR013150,IPR002735,-1
IPR013150,IPR007644,-1
IPR001073,IPR001073,-1
IPR001711,IPR000909,-1
IPR001711,IPR001895,-1
IPR001711,IPR000159,-1
IPR001711,IPR015359,-1
IPR000909,IPR000909,-1
IPR000909,IPR001895,-1
IPR000909,IPR000159,-1
IPR000909,IPR015359,-1
IPR006139,IPR006139,-1
IPR006139,IPR001680,-1
IPR006139,IPR006140,-1
IPR012301,IPR012301,-1
IPR012301,IPR012302,-1
IPR006114,IPR006114,-1
IPR006114,IPR006115,-1
IPR001117,IPR001117,-1
IPR001117,IPR011706,-1
IPR001117,IPR011707,-1
IPR001202,IPR001202,-1
IPR001202,IPR002017,-1
IPR001202,IPR001478,-1
IPR001202,IPR000569,-1
IPR001202,IPR006020,-1
IPR001202,IPR008465,-1
IPR001202,IPR015153,-1
IPR001680,IPR001680,-1
IPR001680,IPR001487,-1
IPR001680,IPR001440,-1
IPR001680,IPR000569,-1
IPR001680,IPR001810,-1
IPR001680,IPR023801,-1
IPR001680,IPR022309,-1
IPR001680,IPR022775,-1
IPR001680,IPR000306,-1
IPR001680,IPR001163,-1
IPR001680,IPR002553,-1
IPR001680,IPR002015,-1
IPR001680,IPR002769,-1
IPR001680,IPR004045,-1
IPR001680,IPR000357,-1
IPR001680,IPR004871,-1
IPR001680,IPR007252,-1
IPR001680,IPR006789,-1
IPR001680,IPR008384,-1
IPR001680,IPR015048,-1
IPR001680,IPR021967,-1
IPR001680,IPR022052,-1
IPR006121,IPR006121,-1
IPR006121,IPR004099,-1
IPR001156,IPR001156,-1
IPR000850,IPR000850,-1
IPR000850,IPR001015,-1
IPR000850,IPR007862,-1
IPR005843,IPR005844,-1
IPR005843,IPR005845,-1
IPR005843,IPR005846,-1
IPR000630,IPR000630,-1
IPR000630,IPR005324,-1
IPR001971,IPR004044,-1
IPR001818,IPR001818,-1
IPR001818,IPR001820,-1
IPR001818,IPR002477,-1
IPR000408,IPR000408,-1
IPR000408,IPR000156,-1
IPR001892,IPR001892,-1
IPR001892,IPR001266,-1
IPR000859,IPR000859,-1
IPR000859,IPR000421,-1
IPR000859,IPR001881,-1
IPR000859,IPR013106,-1
IPR017892,IPR017892,-1
IPR017892,IPR001478,-1
IPR017892,IPR006211,-1
IPR017892,IPR011072,-1
IPR017892,IPR003116,-1
IPR002017,IPR002017,-1
IPR002017,IPR000906,-1
IPR002017,IPR014837,-1
IPR000424,IPR000424,-1
IPR022628,IPR022628,-1
IPR022628,IPR022629,-1
IPR022628,IPR022630,-1
IPR001487,IPR001487,-1
IPR001487,IPR000182,-1
IPR001394,IPR001394,-1
IPR001394,IPR001578,-1
IPR001394,IPR000717,-1
IPR000897,IPR000897,-1
IPR000897,IPR013822,-1
IPR000897,IPR004125,-1
IPR001563,IPR001563,-1
IPR001563,IPR008914,-1
IPR000403,IPR000403,-1
IPR000403,IPR001263,-1
IPR005474,IPR005474,-1
IPR005474,IPR005475,-1
IPR000738,IPR002314,-1
IPR000760,IPR000760,-1
IPR002109,IPR002109,-1
IPR002109,IPR001698,-1
IPR002109,IPR023753,-1
IPR001085,IPR001085,-1
IPR001790,IPR001790,-1
IPR005824,IPR005824,-1
IPR005824,IPR020189,-1
IPR005824,IPR002942,-1
IPR005824,IPR006645,-1
IPR001093,IPR001093,-1
IPR001093,IPR000644,-1
IPR001093,IPR000649,-1
IPR022674,IPR022674,-1
IPR022674,IPR022675,-1
IPR001932,IPR001932,-1
IPR001932,IPR001370,-1
IPR000432,IPR000432,-1
IPR000432,IPR013507,-1
IPR000432,IPR007695,-1
IPR000432,IPR007860,-1
IPR000432,IPR007861,-1
IPR000432,IPR007696,-1
IPR001208,IPR001208,-1
IPR000253,IPR000253,-1
IPR000253,IPR001357,-1
IPR000253,IPR001164,-1
IPR000253,IPR021043,-1
IPR000873,IPR000873,-1
IPR000873,IPR001031,-1
IPR000873,IPR014031,-1
IPR000225,IPR000225,-1
IPR000225,IPR000644,-1
IPR000225,IPR000182,-1
IPR000225,IPR001810,-1
IPR000225,IPR000233,-1
IPR000225,IPR001415,-1
IPR000225,IPR002652,-1
IPR000225,IPR000357,-1
IPR000225,IPR004301,-1
IPR000225,IPR013713,-1
IPR000225,IPR015030,-1
IPR001440,IPR001440,-1
IPR001440,IPR003010,-1
IPR001440,IPR023801,-1
IPR001440,IPR003594,-1
IPR001440,IPR003613,-1
IPR001440,IPR013105,-1
IPR001440,IPR013235,-1
IPR005821,IPR013106,-1
IPR002205,IPR006171,-1
IPR001190,IPR001190,-1
IPR000488,IPR000488,-1
IPR000488,IPR001315,-1
IPR000488,IPR002083,-1
IPR000488,IPR000157,-1
IPR001357,IPR001357,-1
IPR001357,IPR012317,-1
IPR001357,IPR002769,-1
IPR001357,IPR007109,-1
IPR001357,IPR010585,-1
IPR005818,IPR005818,-1
IPR013823,IPR020784,-1
IPR005811,IPR003781,-1
IPR002376,IPR002376,-1
IPR011539,IPR011539,-1
IPR011539,IPR002909,-1
IPR011539,IPR004092,-1
IPR000994,IPR000994,-1
IPR000994,IPR000587,-1
IPR000994,IPR007865,-1
IPR001611,IPR001611,-1
IPR001611,IPR001478,-1
IPR001611,IPR008144,-1
IPR001611,IPR001810,-1
IPR001611,IPR000372,-1
IPR001611,IPR000157,-1
IPR001611,IPR002909,-1
IPR001611,IPR003172,-1
IPR001611,IPR015245,-1
IPR000073,IPR000073,-1
IPR000073,IPR006693,-1
IPR000073,IPR010497,-1
IPR000073,IPR022742,-1
IPR007120,IPR000722,-1
IPR007120,IPR011262,-1
IPR007120,IPR006591,-1
IPR007120,IPR007641,-1
IPR007120,IPR007642,-1
IPR007120,IPR007644,-1
IPR007120,IPR007645,-1
IPR007120,IPR007066,-1
IPR007120,IPR007080,-1
IPR007120,IPR007081,-1
IPR007120,IPR007083,-1
IPR007120,IPR013137,-1
IPR000270,IPR000219,-1
IPR000195,IPR000195,-1
IPR002999,IPR002999,-1
IPR002121,IPR002121,-1
IPR000644,IPR000644,-1
IPR000644,IPR001807,-1
IPR000644,IPR000704,-1
IPR000644,IPR001347,-1
IPR000644,IPR002652,-1
IPR002136,IPR021131,-1
IPR003029,IPR003029,-1
IPR003029,IPR001247,-1
IPR003029,IPR015847,-1
IPR003029,IPR011488,-1
IPR000866,IPR000866,-1
IPR000866,IPR019479,-1
IPR002305,IPR002305,-1
IPR002305,IPR002314,-1
IPR002305,IPR002942,-1
IPR001763,IPR001763,-1
IPR001763,IPR000594,-1
IPR001763,IPR004099,-1
IPR001763,IPR023753,-1
IPR000182,IPR000182,-1
IPR000182,IPR001048,-1
IPR000182,IPR003781,-1
IPR000182,IPR007197,-1
IPR002314,IPR002314,-1
IPR002314,IPR015866,-1
IPR002314,IPR004154,-1
IPR002314,IPR012947,-1
IPR002314,IPR016061,-1
IPR000878,IPR000878,-1
IPR000312,IPR017459,-1
IPR000312,IPR013102,-1
IPR000294,IPR000294,-1
IPR001478,IPR001478,-1
IPR001478,IPR000219,-1
IPR001478,IPR008144,-1
IPR001478,IPR006020,-1
IPR001478,IPR011259,-1
IPR001478,IPR001158,-1
IPR001478,IPR000159,-1
IPR001478,IPR001799,-1
IPR001478,IPR005151,-1
IPR001478,IPR009232,-1
IPR001478,IPR015098,-1
IPR001303,IPR001303,-1
IPR000721,IPR000721,-1
IPR000721,IPR013106,-1
IPR000048,IPR000048,-1
IPR000048,IPR004009,-1
IPR001936,IPR001936,-1
IPR001895,IPR001895,-1
IPR001895,IPR000651,-1
IPR001895,IPR000159,-1
IPR000651,IPR000651,-1
IPR000651,IPR000159,-1
IPR001315,IPR001315,-1
IPR001315,IPR003093,-1
IPR000198,IPR000198,-1
IPR000198,IPR000095,-1
IPR000219,IPR000219,-1
IPR000219,IPR000306,-1
IPR000219,IPR011511,-1
IPR003877,IPR003877,-1
IPR003877,IPR003597,-1
IPR000722,IPR007641,-1
IPR000722,IPR007642,-1
IPR000722,IPR007644,-1
IPR000722,IPR007645,-1
IPR000722,IPR007066,-1
IPR000722,IPR007075,-1
IPR000722,IPR007080,-1
IPR000722,IPR007081,-1
IPR000722,IPR007083,-1
IPR000722,IPR013137,-1
IPR008144,IPR008144,-1
IPR008144,IPR011511,-1
IPR007123,IPR007123,-1
IPR007123,IPR001152,-1
IPR007123,IPR006896,-1
IPR007123,IPR006900,-1
IPR007123,IPR012990,-1
IPR017868,IPR017868,-1
IPR000569,IPR000569,-1
IPR000535,IPR000535,-1
IPR000547,IPR000547,-1
IPR000547,IPR022365,-1
IPR000547,IPR006692,-1
IPR000156,IPR000156,-1
IPR000156,IPR002075,-1
IPR000156,IPR014877,-1
IPR000297,IPR000297,-1
IPR006020,IPR006020,-1
IPR006020,IPR003116,-1
IPR006020,IPR014836,-1
IPR006020,IPR019543,-1
IPR000571,IPR000571,-1
IPR000571,IPR007854,-1
IPR012317,IPR012317,-1
IPR012317,IPR004102,-1
IPR001810,IPR001810,-1
IPR001810,IPR001373,-1
IPR001810,IPR004367,-1
IPR001810,IPR016073,-1
IPR001300,IPR001300,-1
IPR001300,IPR001259,-1
IPR001300,IPR022682,-1
IPR001251,IPR001251,-1
IPR001251,IPR009038,-1
IPR000772,IPR000772,-1
IPR001370,IPR001370,-1
IPR001807,IPR001807,-1
IPR001807,IPR013106,-1
IPR002004,IPR002004,-1
IPR002004,IPR009818,-1
IPR000959,IPR000959,-1
IPR015878,IPR015878,-1
IPR015878,IPR000043,-1
IPR002132,IPR002132,-1
IPR002132,IPR005484,-1
IPR011765,IPR011765,-1
IPR011765,IPR004192,-1
IPR011765,IPR007863,-1
IPR011765,IPR013578,-1
IPR011765,IPR015248,-1
IPR001017,IPR005475,-1
IPR000640,IPR000640,-1
IPR000640,IPR004161,-1
IPR000640,IPR005517,-1
IPR000640,IPR020784,-1
IPR001101,IPR001101,-1
IPR017878,IPR001881,-1
IPR001305,IPR002939,-1
IPR000863,IPR000863,-1
IPR002143,IPR002143,-1
IPR006068,IPR006068,-1
IPR006068,IPR004014,-1
IPR004014,IPR004014,-1
IPR000573,IPR000573,-1
IPR001048,IPR001048,-1
IPR001048,IPR002478,-1
IPR014043,IPR014043,-1
IPR022648,IPR022648,-1
IPR022648,IPR006086,-1
IPR022648,IPR022649,-1
IPR001114,IPR001114,-1
IPR001114,IPR002695,-1
IPR019759,IPR001387,-1
IPR008162,IPR008162,-1
IPR008162,IPR000649,-1
IPR006108,IPR006108,-1
IPR006108,IPR006176,-1
IPR000031,IPR000031,-1
IPR001962,IPR001962,-1
IPR014038,IPR014038,-1
IPR014038,IPR004161,-1
IPR001259,IPR001259,-1
IPR001259,IPR022682,-1
IPR020058,IPR020058,-1
IPR020058,IPR020059,-1
IPR006085,IPR006085,-1
IPR006085,IPR006086,-1
IPR001279,IPR001279,-1
IPR001279,IPR022712,-1
IPR000421,IPR000421,-1
IPR000421,IPR013106,-1
IPR000421,IPR011706,-1
IPR000801,IPR000801,-1
IPR000801,IPR001585,-1
IPR006211,IPR006211,-1
IPR006211,IPR000494,-1
IPR006211,IPR013106,-1
IPR001323,IPR001323,-1
IPR001323,IPR003597,-1
IPR001323,IPR013106,-1
IPR001015,IPR001015,-1
IPR001015,IPR007862,-1
IPR020630,IPR020630,-1
IPR020630,IPR020631,-1
IPR001518,IPR001518,-1
IPR001518,IPR002652,-1
IPR001518,IPR005480,-1
IPR014731,IPR014730,-1
IPR014731,IPR006091,-1
IPR011259,IPR011259,-1
IPR011259,IPR015098,-1
IPR011259,IPR018979,-1
IPR011259,IPR018980,-1
IPR001562,IPR001562,-1
IPR001206,IPR001206,-1
IPR000340,IPR000340,-1
IPR000340,IPR014020,-1
IPR000095,IPR000095,-1
IPR001683,IPR001683,-1
IPR001683,IPR019497,-1
IPR000159,IPR000159,-1
IPR001012,IPR004201,-1
IPR002014,IPR002014,-1
IPR002014,IPR000306,-1
IPR002014,IPR008152,-1
IPR000906,IPR000906,-1
IPR003010,IPR003010,-1
IPR003010,IPR001388,-1
IPR003010,IPR022310,-1
IPR001313,IPR001313,-1
IPR003958,IPR003958,-1
IPR001799,IPR001799,-1
IPR001799,IPR001090,-1
IPR000905,IPR000905,-1
IPR001126,IPR001126,-1
IPR001126,IPR017961,-1
IPR000439,IPR004038,-1
IPR021131,IPR021131,-1
IPR001854,IPR013822,-1
IPR000056,IPR000056,-1
IPR000928,IPR001388,-1
IPR000928,IPR000727,-1
IPR000956,IPR018316,-1
IPR018105,IPR018105,-1
IPR006145,IPR006145,-1
IPR006145,IPR002942,-1
IPR023801,IPR023801,-1
IPR023801,IPR000704,-1
IPR000313,IPR000313,-1
IPR001214,IPR001214,-1
IPR001873,IPR001873,-1
IPR005484,IPR001147,-1
IPR001429,IPR001429,-1
IPR006086,IPR006086,-1
IPR001102,IPR001102,-1
IPR001102,IPR008958,-1
IPR001102,IPR002931,-1
IPR000479,IPR000479,-1
IPR000819,IPR000819,-1
IPR000819,IPR008283,-1
IPR000917,IPR000917,-1
IPR000582,IPR002404,-1
IPR001373,IPR001373,-1
IPR001373,IPR000357,-1
IPR001373,IPR004871,-1
IPR001373,IPR016073,-1
IPR001373,IPR013932,-1
IPR001373,IPR019559,-1
IPR003953,IPR003953,-1
IPR003953,IPR015939,-1
IPR001077,IPR001077,-1
IPR000594,IPR000594,-1
IPR000594,IPR018965,-1
IPR000594,IPR019572,-1
IPR000594,IPR022617,-1
IPR004360,IPR004360,-1
IPR001699,IPR001699,-1
IPR002083,IPR002083,-1
IPR001585,IPR001585,-1
IPR008958,IPR008958,-1
IPR008958,IPR002931,-1
IPR013520,IPR003034,-1
IPR002469,IPR002469,-1
IPR002469,IPR001365,-1
IPR002182,IPR002182,-1
IPR002182,IPR003093,-1
IPR002092,IPR002092,-1
IPR002164,IPR002164,-1
IPR001388,IPR001388,-1
IPR001388,IPR001619,-1
IPR001388,IPR002675,-1
IPR001388,IPR004241,-1
IPR001388,IPR000727,-1
IPR001674,IPR022310,-1
IPR001365,IPR001365,-1
IPR001820,IPR001590,-1
IPR008333,IPR008333,-1
IPR008333,IPR003213,-1
IPR001031,IPR001031,-1
IPR001031,IPR014031,-1
IPR014026,IPR014027,-1
IPR014026,IPR001732,-1
IPR002474,IPR011607,-1
IPR002474,IPR005479,-1
IPR002474,IPR005480,-1
IPR001619,IPR001619,-1
IPR018203,IPR018203,-1
IPR018203,IPR002088,-1
IPR018203,IPR001164,-1
IPR011262,IPR007641,-1
IPR011262,IPR007642,-1
IPR011262,IPR007644,-1
IPR011262,IPR007645,-1
IPR000649,IPR000649,-1
IPR000649,IPR001533,-1
IPR000649,IPR001163,-1
IPR000649,IPR002735,-1
IPR000649,IPR004130,-1
IPR014730,IPR014730,-1
IPR014730,IPR023753,-1
IPR001593,IPR001377,-1
IPR013800,IPR013801,-1
IPR000101,IPR000101,-1
IPR013787,IPR013787,-1
IPR013787,IPR002189,-1
IPR013787,IPR007699,-1
IPR013500,IPR013500,-1
IPR013500,IPR008336,-1
IPR000494,IPR000494,-1
IPR000494,IPR013106,-1
IPR000494,IPR013111,-1
IPR000375,IPR003130,-1
IPR001212,IPR001212,-1
IPR001050,IPR001050,-1
IPR000022,IPR000022,-1
IPR000022,IPR005482,-1
IPR000022,IPR005479,-1
IPR006077,IPR006077,-1
IPR006077,IPR000357,-1
IPR006077,IPR015009,-1
IPR006077,IPR015224,-1
IPR000845,IPR000845,-1
IPR000233,IPR000233,-1
IPR000233,IPR000357,-1
IPR000322,IPR000322,-1
IPR012310,IPR012308,-1
IPR012310,IPR012309,-1
IPR020561,IPR020561,-1
IPR001767,IPR001767,-1
IPR001767,IPR000320,-1
IPR000320,IPR000320,-1
IPR000320,IPR013106,-1
IPR001578,IPR001578,-1
IPR001266,IPR000289,-1
IPR001377,IPR000196,-1
IPR001377,IPR001163,-1
IPR001828,IPR001828,-1
IPR001828,IPR006680,-1
IPR001828,IPR011500,-1
IPR009038,IPR009038,-1
IPR000246,IPR000246,-1
IPR001698,IPR001698,-1
IPR001698,IPR002189,-1
IPR001698,IPR004910,-1
IPR013507,IPR013507,-1
IPR013507,IPR007695,-1
IPR013507,IPR003594,-1
IPR000682,IPR000682,-1
IPR023797,IPR023797,-1
IPR001247,IPR001247,-1
IPR001247,IPR001163,-1
IPR001247,IPR015847,-1
IPR001233,IPR001233,-1
IPR001656,IPR001656,-1
IPR013528,IPR013528,-1
IPR013528,IPR013746,-1
IPR000509,IPR004148,-1
IPR008914,IPR008914,-1
IPR006196,IPR006196,-1
IPR006196,IPR023115,-1
IPR006148,IPR006148,-1
IPR001398,IPR001398,-1
IPR001678,IPR001678,-1
IPR000054,IPR019009,-1
IPR000289,IPR000289,-1
IPR000289,IPR000554,-1
IPR000289,IPR001163,-1
IPR022309,IPR002769,-1
IPR000257,IPR000257,-1
IPR000704,IPR000704,-1
IPR022775,IPR022775,-1
IPR022775,IPR002553,-1
IPR022775,IPR008152,-1
IPR001260,IPR001260,-1
IPR001372,IPR001372,-1
IPR001372,IPR025956,-1
IPR001604,IPR001604,-1
IPR001604,IPR014893,-1
IPR001310,IPR001310,-1
IPR001310,IPR002843,-1
IPR022676,IPR022676,-1
IPR022676,IPR022677,-1
IPR000940,IPR000940,-1
IPR000648,IPR000648,-1
IPR001250,IPR001250,-1
IPR002088,IPR002088,-1
IPR011576,IPR019576,-1
IPR008257,IPR008257,-1
IPR004038,IPR004038,-1
IPR004038,IPR002687,-1
IPR001950,IPR002478,-1
IPR001950,IPR007955,-1
IPR007698,IPR007698,-1
IPR007698,IPR012136,-1
IPR007698,IPR007886,-1
IPR002189,IPR002189,-1
IPR000559,IPR000559,-1
IPR000692,IPR000692,-1
IPR001415,IPR001415,-1
IPR001415,IPR001879,-1
IPR001415,IPR000357,-1
IPR001415,IPR001494,-1
IPR020189,IPR020189,-1
IPR020189,IPR001040,-1
IPR020189,IPR002769,-1
IPR000938,IPR000938,-1
IPR000938,IPR004953,-1
IPR000587,IPR000587,-1
IPR004365,IPR004365,-1
IPR004365,IPR013955,-1
IPR024567,IPR024567,-1
IPR000306,IPR000306,-1
IPR000306,IPR003903,-1
IPR000699,IPR000699,-1
IPR020045,IPR002562,-1
IPR000904,IPR000904,-1
IPR022417,IPR022417,-1
IPR022417,IPR022418,-1
IPR001347,IPR001347,-1
IPR001387,IPR001387,-1
IPR008160,IPR008160,-1
IPR008251,IPR008251,-1
IPR022365,IPR022365,-1
IPR022365,IPR015348,-1
IPR000555,IPR000555,-1
IPR000555,IPR000717,-1
IPR000555,IPR012984,-1
IPR000717,IPR000717,-1
IPR001548,IPR001548,-1
IPR001627,IPR001627,-1
IPR001627,IPR002165,-1
IPR001627,IPR002909,-1
IPR001090,IPR001090,-1
IPR024909,IPR024909,-1
IPR000683,IPR015249,-1
IPR002319,IPR002319,-1
IPR018164,IPR018164,-1
IPR018164,IPR012947,-1
IPR001164,IPR001164,-1
IPR001442,IPR001442,-1
IPR001590,IPR001590,-1
IPR001590,IPR006586,-1
IPR001163,IPR001163,-1
IPR001163,IPR001040,-1
IPR001163,IPR002687,-1
IPR001163,IPR002769,-1
IPR001163,IPR005097,-1
IPR001374,IPR001374,-1
IPR001374,IPR006941,-1
IPR000058,IPR000058,-1
IPR018497,IPR008753,-1
IPR001567,IPR001567,-1
IPR014782,IPR015211,-1
IPR000642,IPR011546,-1
IPR001915,IPR001915,-1
IPR001258,IPR001258,-1
IPR002165,IPR002165,-1
IPR002165,IPR002909,-1
IPR000074,IPR000074,-1
IPR000074,IPR006801,-1
IPR023485,IPR023485,-1
IPR002190,IPR013106,-1
IPR001925,IPR004148,-1
IPR000372,IPR000372,-1
IPR000237,IPR000237,-1
IPR000816,IPR000816,-1
IPR002478,IPR002478,-1
IPR002478,IPR002501,-1
IPR002478,IPR012960,-1
IPR002942,IPR002942,-1
IPR002942,IPR002877,-1
IPR002884,IPR002884,-1
IPR002495,IPR002495,-1
IPR002498,IPR002498,-1
IPR002499,IPR002499,-1
IPR002501,IPR002501,-1
IPR002501,IPR007504,-1
IPR002501,IPR012960,-1
IPR011538,IPR019554,-1
IPR011538,IPR019575,-1
IPR002933,IPR002933,-1
IPR002933,IPR011650,-1
IPR001045,IPR001045,-1
IPR002539,IPR002539,-1
IPR002539,IPR014031,-1
IPR000157,IPR000157,-1
IPR002547,IPR005146,-1
IPR002547,IPR005147,-1
IPR003018,IPR003018,-1
IPR003018,IPR003594,-1
IPR002553,IPR002553,-1
IPR002553,IPR008152,-1
IPR002553,IPR006692,-1
IPR002553,IPR000727,-1
IPR002554,IPR000357,-1
IPR002562,IPR002562,-1
IPR007695,IPR007695,-1
IPR007695,IPR003594,-1
IPR007695,IPR007860,-1
IPR007695,IPR007861,-1
IPR007695,IPR007696,-1
IPR018155,IPR013106,-1
IPR006099,IPR006158,-1
IPR001040,IPR001040,-1
IPR001040,IPR002769,-1
IPR001040,IPR003890,-1
IPR002589,IPR002589,-1
IPR022764,IPR022764,-1
IPR002616,IPR002616,-1
IPR002618,IPR002618,-1
IPR002637,IPR002637,-1
IPR002877,IPR002877,-1
IPR002638,IPR002638,-1
IPR002638,IPR022310,-1
IPR002638,IPR022412,-1
IPR002642,IPR002642,-1
IPR002925,IPR002925,-1
IPR002925,IPR013137,-1
IPR002652,IPR002652,-1
IPR002652,IPR000357,-1
IPR002652,IPR001494,-1
IPR006171,IPR006171,-1
IPR006171,IPR003594,-1
IPR018933,IPR009048,-1
IPR002687,IPR012976,-1
IPR000061,IPR021966,-1
IPR002695,IPR002695,-1
IPR002695,IPR011607,-1
IPR000020,IPR000020,-1
IPR000020,IPR009048,-1
IPR002919,IPR002919,-1
IPR002909,IPR002909,-1
IPR002706,IPR002706,-1
IPR002890,IPR002890,-1
IPR002890,IPR009048,-1
IPR002890,IPR011626,-1
IPR002890,IPR011625,-1
IPR013517,IPR013517,-1
IPR013517,IPR013111,-1
IPR002931,IPR002931,-1
IPR002716,IPR002716,-1
IPR002913,IPR002913,-1
IPR002717,IPR002717,-1
IPR002717,IPR002843,-1
IPR002717,IPR005033,-1
IPR002719,IPR002720,-1
IPR002719,IPR015030,-1
IPR002720,IPR002720,-1
IPR002720,IPR015030,-1
IPR002731,IPR002731,-1
IPR002735,IPR003307,-1
IPR002735,IPR004161,-1
IPR002934,IPR002934,-1
IPR002769,IPR002769,-1
IPR002769,IPR006073,-1
IPR002769,IPR007109,-1
IPR002777,IPR004127,-1
IPR006073,IPR013029,-1
IPR006073,IPR004044,-1
IPR002818,IPR002818,-1
IPR006677,IPR006677,-1
IPR006677,IPR006678,-1
IPR006680,IPR006680,-1
IPR002833,IPR002833,-1
IPR002842,IPR002842,-1
IPR002842,IPR002843,-1
IPR002843,IPR002843,-1
IPR002843,IPR010301,-1
IPR002848,IPR002848,-1
IPR002905,IPR002905,-1
IPR003307,IPR003307,-1
IPR003033,IPR003033,-1
IPR003034,IPR003034,-1
IPR003034,IPR011685,-1
IPR000111,IPR000111,-1
IPR002472,IPR002472,-1
IPR000406,IPR000406,-1
IPR001666,IPR001666,-1
IPR001559,IPR001559,-1
IPR001948,IPR001948,-1
IPR001948,IPR005607,-1
IPR002466,IPR002466,-1
IPR000409,IPR000409,-1
IPR000922,IPR000922,-1
IPR011607,IPR011607,-1
IPR011607,IPR005479,-1
IPR011607,IPR005480,-1
IPR003000,IPR003000,-1
IPR001943,IPR001943,-1
IPR008915,IPR008915,-1
IPR002404,IPR002404,-1
IPR002404,IPR014836,-1
IPR015849,IPR015849,-1
IPR003103,IPR003103,-1
IPR003093,IPR003093,-1
IPR015425,IPR015425,-1
IPR011072,IPR011072,-1
IPR003110,IPR003110,-1
IPR003111,IPR003111,-1
IPR003116,IPR003116,-1
IPR003117,IPR003117,-1
IPR003117,IPR018459,-1
IPR003121,IPR003121,-1
IPR003121,IPR013106,-1
IPR003121,IPR013872,-1
IPR003123,IPR003123,-1
IPR003126,IPR003126,-1
IPR001791,IPR001791,-1
IPR003169,IPR003169,-1
IPR003172,IPR003172,-1
IPR003137,IPR003137,-1
IPR003137,IPR007365,-1
IPR003173,IPR003173,-1
IPR003140,IPR003140,-1
IPR003175,IPR003175,-1
IPR003146,IPR003146,-1
IPR003185,IPR003185,-1
IPR003185,IPR003186,-1
IPR003186,IPR003186,-1
IPR003186,IPR000426,-1
IPR003149,IPR003149,-1
IPR003149,IPR004108,-1
IPR003198,IPR003198,-1
IPR003199,IPR003199,-1
IPR003204,IPR011759,-1
IPR003204,IPR004203,-1
IPR003204,IPR004204,-1
IPR003210,IPR003210,-1
IPR003210,IPR004125,-1
IPR003164,IPR008152,-1
IPR003213,IPR003213,-1
IPR006158,IPR006158,-1
IPR006158,IPR003726,-1
IPR006158,IPR007197,-1
IPR003316,IPR004367,-1
IPR003316,IPR013855,-1
IPR003428,IPR003428,-1
IPR003323,IPR003323,-1
IPR006645,IPR006645,-1
IPR003338,IPR003338,-1
IPR003338,IPR004201,-1
IPR003338,IPR004127,-1
IPR003343,IPR003343,-1
IPR003347,IPR003349,-1
IPR015866,IPR015866,-1
IPR003452,IPR003452,-1
IPR003452,IPR013098,-1
IPR003367,IPR003367,-1
IPR003367,IPR008859,-1
IPR003367,IPR001881,-1
IPR003395,IPR003395,-1
IPR003395,IPR006909,-1
IPR003395,IPR010935,-1
IPR003397,IPR004217,-1
IPR000782,IPR000782,-1
IPR003495,IPR003495,-1
IPR003495,IPR011629,-1
IPR003409,IPR003409,-1
IPR003594,IPR003594,-1
IPR003594,IPR007051,-1
IPR003594,IPR013874,-1
IPR003680,IPR003680,-1
IPR022310,IPR022310,-1
IPR022310,IPR022412,-1
IPR003726,IPR003726,-1
IPR003732,IPR003732,-1
IPR003829,IPR008778,-1
IPR006132,IPR006132,-1
IPR006166,IPR006166,-1
IPR004006,IPR004006,-1
IPR004006,IPR004007,-1
IPR004007,IPR004007,-1
IPR006164,IPR006164,-1
IPR006164,IPR005160,-1
IPR006164,IPR005161,-1
IPR006176,IPR006176,-1
IPR022649,IPR022649,-1
IPR022412,IPR022412,-1
IPR004018,IPR004018,-1
IPR004021,IPR004021,-1
IPR010918,IPR010918,-1
IPR006091,IPR006091,-1
IPR022629,IPR022629,-1
IPR022629,IPR022630,-1
IPR022630,IPR022630,-1
IPR006678,IPR006678,-1
IPR005475,IPR005475,-1
IPR022675,IPR022675,-1
IPR005482,IPR005482,-1
IPR005482,IPR005479,-1
IPR005479,IPR005479,-1
IPR005479,IPR005480,-1
IPR005480,IPR005480,-1
IPR011759,IPR004203,-1
IPR011759,IPR004204,-1
IPR011759,IPR013106,-1
IPR001879,IPR001879,-1
IPR004045,IPR004045,-1
IPR022677,IPR022677,-1
IPR020829,IPR020829,-1
IPR014031,IPR014031,-1
IPR006097,IPR006097,-1
IPR004167,IPR004167,-1
IPR004167,IPR004099,-1
IPR004167,IPR023753,-1
IPR004092,IPR004092,-1
IPR004095,IPR012947,-1
IPR004170,IPR004170,-1
IPR006140,IPR006140,-1
IPR014775,IPR014775,-1
IPR014775,IPR015143,-1
IPR004098,IPR004098,-1
IPR020562,IPR020562,-1
IPR003892,IPR003892,-1
IPR003891,IPR003891,-1
IPR013801,IPR013801,-1
IPR013801,IPR013799,-1
IPR022383,IPR022383,-1
IPR000788,IPR000788,-1
IPR000788,IPR005144,-1
IPR004102,IPR004102,-1
IPR005844,IPR005844,-1
IPR005844,IPR005845,-1
IPR005844,IPR005846,-1
IPR005845,IPR005845,-1
IPR005845,IPR005846,-1
IPR013822,IPR013822,-1
IPR013822,IPR004125,-1
IPR020631,IPR020631,-1
IPR008152,IPR008152,-1
IPR008152,IPR015151,-1
IPR017459,IPR013102,-1
IPR003653,IPR003653,-1
IPR003653,IPR009109,-1
IPR003653,IPR022617,-1
IPR004108,IPR004108,-1
IPR008336,IPR008336,-1
IPR004192,IPR007863,-1
IPR006202,IPR006202,-1
IPR006202,IPR006029,-1
IPR006029,IPR006029,-1
IPR004201,IPR000727,-1
IPR004203,IPR004204,-1
IPR004217,IPR004217,-1
IPR004122,IPR004122,-1
IPR004122,IPR003887,-1
IPR004226,IPR004226,-1
IPR004125,IPR004125,-1
IPR004367,IPR004367,-1
IPR004367,IPR013855,-1
IPR000357,IPR000357,-1
IPR000357,IPR001494,-1
IPR000357,IPR007230,-1
IPR000357,IPR013932,-1
IPR000357,IPR024666,-1
IPR004241,IPR004241,-1
IPR004241,IPR005078,-1
IPR004127,IPR004127,-1
IPR003887,IPR013146,-1
IPR004130,IPR004130,-1
IPR004279,IPR004279,-1
IPR004134,IPR004134,-1
IPR006683,IPR006683,-1
IPR013530,IPR013732,-1
IPR013530,IPR013733,-1
IPR004328,IPR004328,-1
IPR013132,IPR013132,-1
IPR013132,IPR013974,-1
IPR004152,IPR004152,-1
IPR004152,IPR018514,-1
IPR004154,IPR016061,-1
IPR004826,IPR004826,-1
IPR004160,IPR004160,-1
IPR004160,IPR004161,-1
IPR004160,IPR005142,-1
IPR004161,IPR004161,-1
IPR004161,IPR005517,-1
IPR004161,IPR011488,-1
IPR004161,IPR015256,-1
IPR004161,IPR023115,-1
IPR004855,IPR004855,-1
IPR003644,IPR003644,-1
IPR005123,IPR005123,-1
IPR007187,IPR007187,-1
IPR007187,IPR007252,-1
IPR004887,IPR005615,-1
IPR013855,IPR013855,-1
IPR004953,IPR004953,-1
IPR004971,IPR004971,-1
IPR005135,IPR005135,-1
IPR005043,IPR001494,-1
IPR005043,IPR013713,-1
IPR005061,IPR005061,-1
IPR005078,IPR005078,-1
IPR005097,IPR005097,-1
IPR005100,IPR005100,-1
IPR006115,IPR006115,-1
IPR005140,IPR005140,-1
IPR005140,IPR005141,-1
IPR005140,IPR005142,-1
IPR005141,IPR005142,-1
IPR005142,IPR005142,-1
IPR005144,IPR005144,-1
IPR005146,IPR005147,-1
IPR005147,IPR005147,-1
IPR005148,IPR005148,-1
IPR005148,IPR008909,-1
IPR008138,IPR008138,-1
IPR008138,IPR007856,-1
IPR013803,IPR013803,-1
IPR018514,IPR018514,-1
IPR024954,IPR024954,-1
IPR005151,IPR005151,-1
IPR006591,IPR007644,-1
IPR005189,IPR005189,-1
IPR005334,IPR005334,-1
IPR005334,IPR025956,-1
IPR005341,IPR005341,-1
IPR014027,IPR001732,-1
IPR015847,IPR015847,-1
IPR022673,IPR022673,-1
IPR005160,IPR005161,-1
IPR005502,IPR005502,-1
IPR001494,IPR001494,-1
IPR001494,IPR007230,-1
IPR001494,IPR013598,-1
IPR001494,IPR013713,-1
IPR001494,IPR014877,-1
IPR018325,IPR015360,-1
IPR018325,IPR018326,-1
IPR004443,IPR004443,-1
IPR016477,IPR016477,-1
IPR022418,IPR022418,-1
IPR005615,IPR005615,-1
IPR016073,IPR001496,-1
IPR012302,IPR012302,-1
IPR020059,IPR020059,-1
IPR008147,IPR008147,-1
IPR020811,IPR020811,-1
IPR018316,IPR018316,-1
IPR007134,IPR007135,-1
IPR007134,IPR019461,-1
IPR007135,IPR019461,-1
IPR007145,IPR007145,-1
IPR007185,IPR007185,-1
IPR007185,IPR015088,-1
IPR007188,IPR007204,-1
IPR007188,IPR006789,-1
IPR007197,IPR007197,-1
IPR007204,IPR006789,-1
IPR007204,IPR008384,-1
IPR006693,IPR006693,-1
IPR007230,IPR007252,-1
IPR007235,IPR007235,-1
IPR007252,IPR007023,-1
IPR007252,IPR021967,-1
IPR007330,IPR007330,-1
IPR007365,IPR007365,-1
IPR007365,IPR007484,-1
IPR007484,IPR007484,-1
IPR007502,IPR011709,-1
IPR007504,IPR007504,-1
IPR007109,IPR007109,-1
IPR007109,IPR008610,-1
IPR007641,IPR007642,-1
IPR007641,IPR007644,-1
IPR007641,IPR007645,-1
IPR007641,IPR007066,-1
IPR007641,IPR007080,-1
IPR007641,IPR007081,-1
IPR007641,IPR007083,-1
IPR007642,IPR007642,-1
IPR007642,IPR007644,-1
IPR007642,IPR007645,-1
IPR007642,IPR007066,-1
IPR007642,IPR007073,-1
IPR007642,IPR007080,-1
IPR007642,IPR007081,-1
IPR007642,IPR007083,-1
IPR007644,IPR007645,-1
IPR007644,IPR007066,-1
IPR007644,IPR007073,-1
IPR007644,IPR007080,-1
IPR007644,IPR007081,-1
IPR007644,IPR007083,-1
IPR007645,IPR007066,-1
IPR007645,IPR007080,-1
IPR007645,IPR007081,-1
IPR007645,IPR007083,-1
IPR012308,IPR012309,-1
IPR006789,IPR008384,-1
IPR006801,IPR006801,-1
IPR006822,IPR010714,-1
IPR006862,IPR014940,-1
IPR006895,IPR012990,-1
IPR006896,IPR006896,-1
IPR006896,IPR006900,-1
IPR006900,IPR006900,-1
IPR006900,IPR012990,-1
IPR006913,IPR006913,-1
IPR006628,IPR006628,-1
IPR006941,IPR006941,-1
IPR006941,IPR002087,-1
IPR006953,IPR006953,-1
IPR006993,IPR006993,-1
IPR007000,IPR007000,-1
IPR007010,IPR007012,-1
IPR007012,IPR007012,-1
IPR007066,IPR007075,-1
IPR007066,IPR007080,-1
IPR007066,IPR007081,-1
IPR007066,IPR007083,-1
IPR007073,IPR007081,-1
IPR007073,IPR007083,-1
IPR007073,IPR003618,-1
IPR007075,IPR007080,-1
IPR007075,IPR007081,-1
IPR007075,IPR007083,-1
IPR007080,IPR007081,-1
IPR007080,IPR007083,-1
IPR007080,IPR013137,-1
IPR007081,IPR007081,-1
IPR007081,IPR007083,-1
IPR007081,IPR003618,-1
IPR007083,IPR003618,-1
IPR007702,IPR007702,-1
IPR007722,IPR007722,-1
IPR007803,IPR007803,-1
IPR007823,IPR007823,-1
IPR007856,IPR007856,-1
IPR007858,IPR007858,-1
IPR007860,IPR007861,-1
IPR007860,IPR007696,-1
IPR007861,IPR007696,-1
IPR007862,IPR007862,-1
IPR007696,IPR007696,-1
IPR007863,IPR007863,-1
IPR007863,IPR013578,-1
IPR007863,IPR015248,-1
IPR007865,IPR007865,-1
IPR000043,IPR000043,-1
IPR008015,IPR008015,-1
IPR008269,IPR008269,-1
IPR008465,IPR015153,-1
IPR008465,IPR015154,-1
IPR008754,IPR008754,-1
IPR008758,IPR008758,-1
IPR008628,IPR008628,-1
IPR000727,IPR000727,-1
IPR008909,IPR008909,-1
IPR008851,IPR008851,-1
IPR008847,IPR008847,-1
IPR008584,IPR008584,-1
IPR021151,IPR021151,-1
IPR009224,IPR009224,-1
IPR009224,IPR009240,-1
IPR010280,IPR010280,-1
IPR003888,IPR003889,-1
IPR009240,IPR009240,-1
IPR013029,IPR013029,-1
IPR022768,IPR022768,-1
IPR010472,IPR010472,-1
IPR010473,IPR010473,-1
IPR017456,IPR017456,-1
IPR010497,IPR010497,-1
IPR010504,IPR010504,-1
IPR010935,IPR010935,-1
IPR010515,IPR010515,-1
IPR009511,IPR009511,-1
IPR010585,IPR010585,-1
IPR010660,IPR011656,-1
IPR009643,IPR009643,-1
IPR010663,IPR013155,-1
IPR009652,IPR009652,-1
IPR010750,IPR010750,-1
IPR001932,IPR001932,-1
IPR022786,IPR022786,-1
IPR006605,IPR013098,-1
IPR006605,IPR013106,-1
IPR011108,IPR022712,-1
IPR011496,IPR011496,-1
IPR013769,IPR013769,-1
IPR003597,IPR003597,-1
IPR003597,IPR013106,-1
IPR003597,IPR015373,-1
IPR009048,IPR009048,-1
IPR009048,IPR011626,-1
IPR009048,IPR019565,-1
IPR011626,IPR011626,-1
IPR011626,IPR019565,-1
IPR013098,IPR013098,-1
IPR013098,IPR013106,-1
IPR013098,IPR013162,-1
IPR011656,IPR011656,-1
IPR011656,IPR013106,-1
IPR013106,IPR013106,-1
IPR013106,IPR011625,-1
IPR013106,IPR013162,-1
IPR013106,IPR015373,-1
IPR011650,IPR011650,-1
IPR011625,IPR011625,-1
IPR010991,IPR010991,-1
IPR001245,IPR001245,-1
IPR001245,IPR015042,-1
IPR001245,IPR021619,-1
IPR011697,IPR011697,-1
IPR011706,IPR011706,-1
IPR011706,IPR011707,-1
IPR011707,IPR011707,-1
IPR002087,IPR002087,-1
IPR009109,IPR009109,-1
IPR013094,IPR013094,-1
IPR012896,IPR013111,-1
IPR012896,IPR013649,-1
IPR012947,IPR012947,-1
IPR013111,IPR013649,-1
IPR012983,IPR012983,-1
IPR003347,IPR003347,-1
IPR012976,IPR012976,-1
IPR012960,IPR012960,-1
IPR012961,IPR012961,-1
IPR013162,IPR013162,-1
IPR000566,IPR000566,-1
IPR013216,IPR013216,-1
IPR013216,IPR013217,-1
IPR013217,IPR013217,-1
IPR013201,IPR013201,-1
IPR013155,IPR015413,-1
IPR013212,IPR013212,-1
IPR013538,IPR013538,-1
IPR013598,IPR013598,-1
IPR013598,IPR014877,-1
IPR013606,IPR013606,-1
IPR013655,IPR013655,-1
IPR006586,IPR006586,-1
IPR013725,IPR013748,-1
IPR013732,IPR013733,-1
IPR013746,IPR013746,-1
IPR013748,IPR013748,-1
IPR013749,IPR013749,-1
IPR013750,IPR013750,-1
IPR013750,IPR019539,-1
IPR013873,IPR013874,-1
IPR013906,IPR013906,-1
IPR013912,IPR013912,-1
IPR013923,IPR013923,-1
IPR013955,IPR014892,-1
IPR013974,IPR013974,-1
IPR014788,IPR014788,-1
IPR014790,IPR014790,-1
IPR012290,IPR012290,-1
IPR014821,IPR014821,-1
IPR014877,IPR014877,-1
IPR014889,IPR015030,-1
IPR014905,IPR014905,-1
IPR011988,IPR011988,-1
IPR014940,IPR014940,-1
IPR015008,IPR015008,-1
IPR015063,IPR015063,-1
IPR015097,IPR015097,-1
IPR015098,IPR018980,-1
IPR015115,IPR015115,-1
IPR015120,IPR015120,-1
IPR015123,IPR015123,-1
IPR015125,IPR015125,-1
IPR015143,IPR015143,-1
IPR015153,IPR015154,-1
IPR015224,IPR015224,-1
IPR015260,IPR015260,-1
IPR015310,IPR015310,-1
IPR015373,IPR015373,-1
IPR015390,IPR015390,-1
IPR015413,IPR015413,-1
IPR018965,IPR019572,-1
IPR018979,IPR018979,-1
IPR018979,IPR018980,-1
IPR018980,IPR018980,-1
IPR018992,IPR018992,-1
IPR018993,IPR018993,-1
IPR018999,IPR018999,-1
IPR019009,IPR019009,-1
IPR019012,IPR019012,-1
IPR019018,IPR019018,-1
IPR019024,IPR019024,-1
IPR019103,IPR019103,-1
IPR019345,IPR019345,-1
IPR019385,IPR019385,-1
IPR019458,IPR019458,-1
IPR019466,IPR019466,-1
IPR018326,IPR018327,-1
IPR018327,IPR018328,-1
IPR019497,IPR019497,-1
IPR019554,IPR019554,-1
IPR019565,IPR019565,-1
IPR000426,IPR000426,-1
IPR019572,IPR022617,-1
IPR019591,IPR019591,-1
IPR022712,IPR022712,-1
IPR021567,IPR021567,-1
IPR020989,IPR020989,-1
IPR025956,IPR025956,-1
IPR021613,IPR021613,-1
IPR021619,IPR021619,-1
IPR021623,IPR021623,-1
IPR021625,IPR021625,-1
IPR024665,IPR024665,-1
IPR021663,IPR021663,-1
IPR024205,IPR024205,-1
IPR025995,IPR025995,-1
IPR017961,IPR017961,-1
IPR022617,IPR022011,-1
IPR021870,IPR021870,-1
IPR021886,IPR021886,-1
IPR021967,IPR021967,-1
IPR021983,IPR021983,-1
IPR024643,IPR024643,-1
