S01.318,IPR001254,1
S01.318,IPR001314,1
S01.318,IPR009003,1
S01.318,IPR018114,1
S01.318,IPR033116,1
S01.989,IPR001254,1
S01.989,IPR001314,1
S01.989,IPR009003,1
T01.016,IPR000243,1
T01.016,IPR001353,1
T01.016,IPR016050,1
T01.016,IPR023333,1
T01.016,IPR029055,1
C19.023,IPR001394,1
C19.023,IPR018200,1
C19.023,IPR028889,1
C19.023,IPR001394,1
C19.023,IPR028889,1
M96.002,IPR002816,1
C02.007,IPR000169,1
C02.007,IPR001300,1
C02.007,IPR002048,1
C02.007,IPR011992,1
C02.007,IPR018247,1
C02.007,IPR022682,1
C02.007,IPR022683,1
C02.007,IPR022684,1
C02.007,IPR029543,1
M87.001,IPR002035,1
M87.001,IPR004727,1
M87.001,IPR013642,1
C19.023,IPR001394,1
C19.023,IPR006861,1
C19.023,IPR018200,1
C19.023,IPR028889,1
C02.021,IPR000169,1
C02.021,IPR001300,1
C02.021,IPR002048,1
C02.021,IPR011992,1
C02.021,IPR018247,1
C02.021,IPR022682,1
C02.021,IPR022683,1
C02.021,IPR022684,1
C19.023,IPR001394,1
C19.023,IPR018200,1
C19.023,IPR028889,1
C19.023,IPR001394,1
C19.023,IPR006861,1
C19.023,IPR018200,1
C19.023,IPR028889,1
C19.023,IPR001394,1
C19.023,IPR006861,1
C19.023,IPR018200,1
C19.023,IPR028889,1
C19.023,IPR001394,1
C19.023,IPR006861,1
C19.023,IPR018200,1
C19.023,IPR028889,1
C19.023,IPR001394,1
C19.023,IPR006861,1
C19.023,IPR018200,1
C19.023,IPR028889,1
C19.023,IPR001394,1
C19.023,IPR006861,1
C19.023,IPR018200,1
C19.023,IPR028889,1
C19.023,IPR001394,1
C19.023,IPR006861,1
C19.023,IPR018200,1
C19.023,IPR028889,1
C19.023,IPR001394,1
C19.023,IPR006861,1
C19.023,IPR018200,1
C19.023,IPR028889,1
C19.023,IPR001394,1
C19.023,IPR006861,1
C19.023,IPR018200,1
C19.023,IPR028889,1
C19.023,IPR001394,1
C19.023,IPR006861,1
C19.023,IPR018200,1
C19.023,IPR028889,1
S01.394,IPR001254,1
S01.394,IPR001314,1
S01.394,IPR009003,1
S01.394,IPR018114,1
S01.229,IPR000152,1
S01.229,IPR000436,1
S01.229,IPR000859,1
S01.229,IPR001254,1
S01.229,IPR001314,1
S01.229,IPR001881,1
S01.229,IPR009003,1
S01.229,IPR013032,1
S01.229,IPR018097,1
S01.229,IPR024175,1
S01.229,IPR033116,1
M67.974,IPR000555,1
M67.974,IPR024969,1
M67.974,IPR027531,1
C19.028,IPR001394,1
C19.028,IPR016024,1
C19.028,IPR018200,1
C19.028,IPR028889,1
S09.984,IPR002018,1
S09.984,IPR019819,1
S09.984,IPR019826,1
S09.984,IPR029058,1
M38.977,IPR006680,1
M38.977,IPR011059,1
M38.977,IPR011778,1
M38.977,IPR030612,1
M38.977,IPR032466,1
M12.210,IPR001590,1
M12.210,IPR001762,1
M12.210,IPR002870,1
M12.210,IPR024079,1
M12.210,IPR027053,1
S53.003,IPR000209,1
S53.003,IPR009020,1
S53.003,IPR015366,1
S53.003,IPR030400,1
C02.006,IPR000169,1
C02.006,IPR001300,1
C02.006,IPR002048,1
C02.006,IPR011992,1
C02.006,IPR018247,1
C02.006,IPR022682,1
C02.006,IPR022683,1
C02.006,IPR022684,1
C02.006,IPR029542,1
T01.979,IPR000426,1
T01.979,IPR001353,1
T01.979,IPR023332,1
T01.979,IPR029055,1
C56.972,IPR010073,1
C56.972,IPR010918,1
C56.972,IPR016188,1
C56.972,IPR017926,1
C56.972,IPR029062,1
M12.220,IPR000884,1
M12.220,IPR001590,1
M12.220,IPR002870,1
M12.220,IPR010294,1
M12.220,IPR010909,1
M12.220,IPR013273,1
M12.220,IPR024079,1
M12.219,IPR001590,1
M12.219,IPR001762,1
M12.219,IPR002870,1
M12.219,IPR024079,1
M67.971,IPR000555,1
M67.971,IPR027524,1
S01.247,IPR001190,1
S01.247,IPR001254,1
S01.247,IPR001314,1
S01.247,IPR002172,1
S01.247,IPR009003,1
S01.247,IPR017448,1
S01.247,IPR018114,1
S01.247,IPR023415,1
S01.247,IPR033116,1
C02.011,IPR000008,1
C02.011,IPR000169,1
C02.011,IPR001300,1
C02.011,IPR022682,1
C02.011,IPR022683,1
C02.011,IPR022684,1
C14.971,IPR001309,1
C14.971,IPR001875,1
C14.971,IPR011029,1
C14.971,IPR015917,1
C14.971,IPR029030,1
M12.212,IPR000742,1
M12.212,IPR001590,1
M12.212,IPR001762,1
M12.212,IPR002870,1
M12.212,IPR006586,1
M12.212,IPR018358,1
M12.212,IPR024079,1
S01.246,IPR001254,1
S01.246,IPR001314,1
S01.246,IPR009003,1
S01.246,IPR018114,1
C46.004,IPR000320,1
C46.004,IPR001657,1
C46.004,IPR001767,1
C46.004,IPR003586,1
C46.004,IPR003587,1
C46.004,IPR009045,1
C46.004,IPR028992,1
M50.001,IPR001193,1
M50.001,IPR001478,1
M50.001,IPR008915,1
S01.278,IPR001254,1
S01.278,IPR001478,1
S01.278,IPR001940,1
S01.278,IPR009003,1
M12.218,IPR001590,1
M12.218,IPR001762,1
M12.218,IPR002870,1
M12.218,IPR006586,1
M12.218,IPR018358,1
M12.218,IPR024079,1
M16.983,IPR001431,1
M16.983,IPR007863,1
M16.983,IPR011237,1
M16.983,IPR011249,1
M16.983,IPR011765,1
M16.983,IPR032632,1
M24.005,IPR000587,1
M24.005,IPR000994,1
M24.005,IPR001131,1
M24.005,IPR028980,1
M24.005,IPR029149,1
M24.005,IPR032416,1
M12.016,IPR000152,1
M12.016,IPR000742,1
M12.016,IPR000859,1
M12.016,IPR001506,1
M12.016,IPR001881,1
M12.016,IPR006026,1
M12.016,IPR013032,1
M12.016,IPR015446,1
M12.016,IPR018097,1
M12.016,IPR024079,1
S01.047,IPR000082,1
S01.047,IPR001254,1
S01.047,IPR001314,1
S01.047,IPR009003,1
S01.047,IPR017329,1
S01.047,IPR018114,1
S01.047,IPR033116,1
P02.029,IPR000203,1
P02.029,IPR000832,1
P02.029,IPR000884,1
P02.029,IPR001879,1
P02.029,IPR008077,1
P02.029,IPR017981,1
P02.029,IPR032471,1
P02.027,IPR000203,1
P02.027,IPR000832,1
P02.027,IPR000859,1
P02.027,IPR000884,1
P02.027,IPR001879,1
P02.027,IPR008077,1
P02.027,IPR017981,1
P02.027,IPR017983,1
P02.027,IPR032471,1
S01.244,IPR001254,1
S01.244,IPR001314,1
S01.244,IPR009003,1
S01.244,IPR018114,1
S01.244,IPR033116,1
M13.003,IPR000718,1
M13.003,IPR008753,1
M13.003,IPR013216,1
M13.003,IPR018497,1
M13.003,IPR024079,1
M13.003,IPR029063,1
M13.003,IPR029733,1
M10.019,IPR000585,1
M10.019,IPR001818,1
M10.019,IPR002477,1
M10.019,IPR006026,1
M10.019,IPR016293,1
M10.019,IPR018487,1
M10.019,IPR021158,1
M10.019,IPR021190,1
M10.019,IPR024079,1
M10.019,IPR028716,1
M12.979,IPR000742,1
M12.979,IPR001590,1
M12.979,IPR001762,1
M12.979,IPR002870,1
M12.979,IPR006586,1
M12.979,IPR013032,1
M12.979,IPR024079,1
M12.976,IPR000742,1
M12.976,IPR001590,1
M12.976,IPR001762,1
M12.976,IPR002870,1
M12.976,IPR006586,1
M12.976,IPR013032,1
M12.976,IPR013111,1
M12.976,IPR018358,1
M12.976,IPR024079,1
M12.221,IPR000884,1
M12.221,IPR001590,1
M12.221,IPR002870,1
M12.221,IPR010294,1
M12.221,IPR013273,1
M12.221,IPR024079,1
C19.020,IPR001394,1
C19.020,IPR018200,1
C19.020,IPR028889,1
M16.003,IPR001431,1
M16.003,IPR007863,1
M16.003,IPR011237,1
M16.003,IPR011249,1
M16.003,IPR011765,1
C19.013,IPR001394,1
C19.013,IPR018200,1
C19.013,IPR028889,1
S09.941,IPR003140,1
S09.941,IPR029058,1
S54.005,IPR002610,1
S54.005,IPR011992,1
S54.005,IPR022764,1
M48.003,IPR001915,1
M48.003,IPR027057,1
M48.003,IPR032456,1
M10.022,IPR001818,1
M10.022,IPR003582,1
M10.022,IPR003599,1
M10.022,IPR006026,1
M10.022,IPR007110,1
M10.022,IPR013783,1
M10.022,IPR021190,1
M10.022,IPR024079,1
M10.022,IPR028687,1
M14.011,IPR000834,1
M14.011,IPR008969,1
M14.011,IPR014766,1
M14.011,IPR015567,1
C19.019,IPR001394,1
C19.019,IPR018200,1
C19.019,IPR028889,1
C44.972,IPR001347,1
C44.972,IPR005855,1
C44.972,IPR017932,1
C44.972,IPR029055,1
P02.010,IPR000203,1
P02.010,IPR000832,1
P02.010,IPR000922,1
P02.010,IPR001879,1
P02.010,IPR003112,1
P02.010,IPR003334,1
P02.010,IPR003924,1
P02.010,IPR017981,1
P02.010,IPR017983,1
P02.010,IPR031234,1
P02.010,IPR032471,1
C19.024,IPR001394,1
C19.024,IPR002893,1
C19.024,IPR007052,1
C19.024,IPR008978,1
C19.024,IPR018200,1
C19.024,IPR028889,1
S01.309,IPR001254,1
S01.309,IPR009003,1
S01.309,IPR018114,1
S09.025,IPR003140,1
S09.025,IPR029058,1
M12.301,IPR000884,1
M12.301,IPR001590,1
M12.301,IPR002870,1
M12.301,IPR010294,1
M12.301,IPR010909,1
M12.301,IPR013273,1
M12.301,IPR013275,1
M12.301,IPR024079,1
P02.009,IPR000203,1
P02.009,IPR000832,1
P02.009,IPR000922,1
P02.009,IPR001879,1
P02.009,IPR003112,1
P02.009,IPR003334,1
P02.009,IPR003924,1
P02.009,IPR017981,1
P02.009,IPR017983,1
P02.009,IPR031240,1
P02.009,IPR032471,1
M67.006,IPR000555,1
M67.006,IPR015063,1
M13.007,IPR000718,1
M13.007,IPR008753,1
M13.007,IPR018497,1
M13.007,IPR024079,1
M13.007,IPR029736,1
S09.065,IPR026604,1
S09.065,IPR029058,1
S09.065,IPR029059,1
A01.046,IPR001461,1
A01.046,IPR001969,1
A01.046,IPR021109,1
A01.046,IPR033121,1
S01.217,IPR000001,1
S01.217,IPR000294,1
S01.217,IPR001254,1
S01.217,IPR001314,1
S01.217,IPR003966,1
S01.217,IPR009003,1
S01.217,IPR013806,1
S01.217,IPR017857,1
S01.217,IPR018056,1
S01.217,IPR018114,1
S01.217,IPR018992,1
S01.217,IPR033116,1
S01.192,IPR000152,1
S01.192,IPR000436,1
S01.192,IPR000859,1
S01.192,IPR001254,1
S01.192,IPR001314,1
S01.192,IPR001881,1
S01.192,IPR009003,1
S01.192,IPR013032,1
S01.192,IPR018097,1
S01.192,IPR024175,1
S01.192,IPR033116,1
S01.972,IPR000436,1
S01.972,IPR001254,1
S01.972,IPR001314,1
S01.972,IPR009003,1
S01.974,IPR000436,1
S01.974,IPR001254,1
S01.974,IPR001314,1
S01.974,IPR008292,1
S01.974,IPR009003,1
S01.214,IPR000152,1
S01.214,IPR000294,1
S01.214,IPR000742,1
S01.214,IPR001254,1
S01.214,IPR001314,1
S01.214,IPR001881,1
S01.214,IPR009003,1
S01.214,IPR012224,1
S01.214,IPR013032,1
S01.214,IPR017857,1
S01.214,IPR018097,1
S01.214,IPR018114,1
S01.214,IPR033116,1
S01.216,IPR000152,1
S01.216,IPR000294,1
S01.216,IPR000742,1
S01.216,IPR001254,1
S01.216,IPR001314,1
S01.216,IPR001881,1
S01.216,IPR009003,1
S01.216,IPR012224,1
S01.216,IPR013032,1
S01.216,IPR017857,1
S01.216,IPR018097,1
S01.216,IPR018114,1
S01.216,IPR033116,1
S01.191,IPR001254,1
S01.191,IPR001314,1
S01.191,IPR009003,1
S01.191,IPR018114,1
S01.191,IPR033116,1
S01.233,IPR000001,1
S01.233,IPR001254,1
S01.233,IPR001314,1
S01.233,IPR003609,1
S01.233,IPR009003,1
S01.233,IPR013806,1
S01.233,IPR018056,1
S01.233,IPR018114,1
S01.233,IPR023317,1
S01.233,IPR033116,1
S01.211,IPR000001,1
S01.211,IPR000083,1
S01.211,IPR000562,1
S01.211,IPR000742,1
S01.211,IPR001254,1
S01.211,IPR001314,1
S01.211,IPR009003,1
S01.211,IPR013032,1
S01.211,IPR013806,1
S01.211,IPR014394,1
S01.211,IPR018056,1
S01.211,IPR018114,1
S01.211,IPR033116,1
S01.231,IPR000001,1
S01.231,IPR000742,1
S01.231,IPR001254,1
S01.231,IPR001314,1
S01.231,IPR009003,1
S01.231,IPR013032,1
S01.231,IPR013806,1
S01.231,IPR018056,1
S01.231,IPR018114,1
S01.231,IPR033116,1
S01.232,IPR000001,1
S01.232,IPR000083,1
S01.232,IPR000742,1
S01.232,IPR001254,1
S01.232,IPR001314,1
S01.232,IPR009003,1
S01.232,IPR013032,1
S01.232,IPR013806,1
S01.232,IPR018056,1
S01.232,IPR018114,1
S01.232,IPR026280,1
S01.232,IPR033116,1
S01.196,IPR000436,1
S01.196,IPR001254,1
S01.196,IPR001314,1
S01.196,IPR002035,1
S01.196,IPR009003,1
S01.196,IPR011360,1
S01.196,IPR018114,1
S01.196,IPR028341,1
S01.196,IPR033116,1
A01.007,IPR001461,1
A01.007,IPR001969,1
A01.007,IPR012848,1
A01.007,IPR021109,1
A01.007,IPR033121,1
S09.978,IPR000716,1
S09.978,IPR002018,1
S09.978,IPR011641,1
S09.978,IPR016324,1
S09.978,IPR019819,1
S09.978,IPR029058,1
M28.972,IPR003137,1
M28.972,IPR007365,1
M28.972,IPR007484,1
M28.972,IPR029513,1
S60.972,IPR001156,1
S60.972,IPR016357,1
S60.972,IPR018195,1
S60.972,IPR030685,1
S60.001,IPR001156,1
S60.001,IPR016357,1
S60.001,IPR018195,1
S60.001,IPR030684,1
S01.213,IPR000177,1
S01.213,IPR001254,1
S01.213,IPR001314,1
S01.213,IPR003609,1
S01.213,IPR009003,1
S01.213,IPR018114,1
S01.213,IPR033116,1
S01.212,IPR000177,1
S01.212,IPR001254,1
S01.212,IPR001314,1
S01.212,IPR003609,1
S01.212,IPR009003,1
S01.212,IPR018114,1
S01.212,IPR033116,1
M10.001,IPR000585,1
M10.001,IPR001818,1
M10.001,IPR002477,1
M10.001,IPR006026,1
M10.001,IPR016293,1
M10.001,IPR018486,1
M10.001,IPR018487,1
M10.001,IPR021158,1
M10.001,IPR021190,1
M10.001,IPR024079,1
S01.218,IPR000152,1
S01.218,IPR000294,1
S01.218,IPR000742,1
S01.218,IPR001254,1
S01.218,IPR001314,1
S01.218,IPR001881,1
S01.218,IPR009003,1
S01.218,IPR012224,1
S01.218,IPR013032,1
S01.218,IPR017857,1
S01.218,IPR018097,1
S01.218,IPR018114,1
S01.218,IPR033116,1
S01.199,IPR001190,1
S01.199,IPR001254,1
S01.199,IPR001314,1
S01.199,IPR002172,1
S01.199,IPR002350,1
S01.199,IPR003884,1
S01.199,IPR009003,1
S01.199,IPR017448,1
S01.199,IPR018114,1
S01.199,IPR023415,1
S01.199,IPR033116,1
S01.224,IPR001254,1
S01.224,IPR001314,1
S01.224,IPR009003,1
S01.224,IPR015352,1
S01.224,IPR017448,1
S01.224,IPR018114,1
S01.224,IPR033116,1
S09.980,IPR000997,1
S09.980,IPR002018,1
S09.980,IPR014788,1
S09.980,IPR019819,1
S09.980,IPR019826,1
S09.980,IPR029058,1
S01.194,IPR000436,1
S01.194,IPR001254,1
S01.194,IPR001314,1
S01.194,IPR002035,1
S01.194,IPR009003,1
S01.194,IPR011360,1
S01.194,IPR018114,1
S01.194,IPR033116,1
S33.971,IPR000639,1
S33.971,IPR010497,1
S33.971,IPR016292,1
S33.971,IPR029058,1
S01.162,IPR001254,1
S01.162,IPR001314,1
S01.162,IPR009003,1
S01.162,IPR018114,1
S01.162,IPR033116,1
A01.009,IPR001461,1
A01.009,IPR001969,1
A01.009,IPR012848,1
A01.009,IPR021109,1
A01.009,IPR033121,1
A01.009,IPR033144,1
C02.001,IPR000169,1
C02.001,IPR001300,1
C02.001,IPR002048,1
C02.001,IPR011992,1
C02.001,IPR018247,1
C02.001,IPR022682,1
C02.001,IPR022683,1
C02.001,IPR022684,1
C02.001,IPR029643,1
S01.127,IPR001254,1
S01.127,IPR001314,1
S01.127,IPR009003,1
S01.127,IPR018114,1
S01.127,IPR033116,1
S01.258,IPR001254,1
S01.258,IPR001314,1
S01.258,IPR009003,1
S01.258,IPR018114,1
S01.258,IPR033116,1
C01.060,IPR000169,1
C01.060,IPR000668,1
C01.060,IPR012599,1
C01.060,IPR013128,1
C01.060,IPR025660,1
C01.060,IPR025661,1
S01.155,IPR001254,1
S01.155,IPR001314,1
S01.155,IPR009003,1
S01.155,IPR018114,1
S01.155,IPR033116,1
S01.206,IPR001254,1
S01.206,IPR001314,1
S01.206,IPR009003,1
S01.206,IPR018114,1
S01.206,IPR033116,1
C44.974,IPR001962,1
C44.974,IPR006426,1
C44.974,IPR014729,1
C44.974,IPR017932,1
C44.974,IPR029055,1
S01.131,IPR001254,1
S01.131,IPR001314,1
S01.131,IPR009003,1
S01.131,IPR018114,1
S01.131,IPR033116,1
M10.003,IPR000562,1
M10.003,IPR000585,1
M10.003,IPR001818,1
M10.003,IPR002477,1
M10.003,IPR006026,1
M10.003,IPR013806,1
M10.003,IPR018486,1
M10.003,IPR018487,1
M10.003,IPR021158,1
M10.003,IPR021190,1
M10.003,IPR024079,1
M10.003,IPR028708,1
M10.005,IPR000585,1
M10.005,IPR001818,1
M10.005,IPR002477,1
M10.005,IPR006026,1
M10.005,IPR016293,1
M10.005,IPR018486,1
M10.005,IPR018487,1
M10.005,IPR021158,1
M10.005,IPR021190,1
M10.005,IPR024079,1
M10.005,IPR028700,1
S01.133,IPR001254,1
S01.133,IPR001314,1
S01.133,IPR009003,1
S01.133,IPR018114,1
S01.133,IPR033116,1
M13.001,IPR000718,1
M13.001,IPR008753,1
M13.001,IPR018497,1
M13.001,IPR024079,1
M13.001,IPR029727,1
S01.999,IPR000001,1
S01.999,IPR001254,1
S01.999,IPR001314,1
S01.999,IPR009003,1
S01.999,IPR013806,1
S01.999,IPR018056,1
S01.999,IPR018114,1
S01.999,IPR033116,1
S60.973,IPR001156,1
S60.973,IPR016357,1
S60.973,IPR018195,1
S01.215,IPR000152,1
S01.215,IPR000294,1
S01.215,IPR000742,1
S01.215,IPR001254,1
S01.215,IPR001314,1
S01.215,IPR001881,1
S01.215,IPR009003,1
S01.215,IPR012224,1
S01.215,IPR013032,1
S01.215,IPR017857,1
S01.215,IPR018097,1
S01.215,IPR018114,1
S01.215,IPR033116,1
S01.205,IPR001254,1
S01.205,IPR001314,1
S01.205,IPR009003,1
S01.205,IPR018114,1
S01.205,IPR033116,1
S01.154,IPR001254,1
S01.154,IPR001314,1
S01.154,IPR009003,1
S01.154,IPR018114,1
S01.154,IPR033116,1
M10.008,IPR001818,1
M10.008,IPR002477,1
M10.008,IPR006026,1
M10.008,IPR021158,1
M10.008,IPR021190,1
M10.008,IPR024079,1
M10.008,IPR028707,1
M10.006,IPR000585,1
M10.006,IPR001818,1
M10.006,IPR002477,1
M10.006,IPR006026,1
M10.006,IPR016293,1
M10.006,IPR018486,1
M10.006,IPR018487,1
M10.006,IPR021158,1
M10.006,IPR021190,1
M10.006,IPR024079,1
C01.040,IPR000169,1
C01.040,IPR000668,1
C01.040,IPR013128,1
C01.040,IPR013201,1
C01.040,IPR025660,1
C01.040,IPR025661,1
S01.193,IPR000152,1
S01.193,IPR000436,1
S01.193,IPR000859,1
S01.193,IPR001254,1
S01.193,IPR001314,1
S01.193,IPR001881,1
S01.193,IPR009003,1
S01.193,IPR018097,1
S01.193,IPR024175,1
S01.193,IPR033116,1
C12.001,IPR001578,1
C12.001,IPR030297,1
S08.071,IPR000209,1
S08.071,IPR002884,1
S08.071,IPR006212,1
S08.071,IPR008979,1
S08.071,IPR009020,1
S08.071,IPR009030,1
S08.071,IPR015500,1
S08.071,IPR022398,1
S08.071,IPR023827,1
S08.071,IPR023828,1
S08.071,IPR032815,1
M01.004,IPR001930,1
M01.004,IPR012777,1
M01.004,IPR014782,1
M01.004,IPR015211,1
M01.004,IPR016024,1
C19.023,IPR001394,1
C19.023,IPR018200,1
C19.023,IPR028889,1
C19.023,IPR001394,1
C19.023,IPR018200,1
C19.023,IPR028889,1
S01.514,IPR001254,1
S01.514,IPR001314,1
S01.514,IPR009003,1
S01.514,IPR018114,1
S01.514,IPR033116,1
A01.070,IPR001461,1
A01.070,IPR001969,1
A01.070,IPR012848,1
A01.070,IPR021109,1
A01.070,IPR033121,1
A01.071,IPR001461,1
A01.071,IPR001969,1
A01.071,IPR012848,1
A01.071,IPR021109,1
A01.071,IPR033121,1
S01.010,IPR001254,1
S01.010,IPR001314,1
S01.010,IPR009003,1
S01.010,IPR018114,1
S01.010,IPR033116,1
S01.223,IPR001254,1
S01.223,IPR001314,1
S01.223,IPR009003,1
S01.223,IPR012267,1
S01.223,IPR018114,1
S01.223,IPR033116,1
S10.002,IPR001563,1
S10.002,IPR018202,1
S10.002,IPR029058,1
S10.002,IPR033124,1
S41.950,IPR005151,1
S41.950,IPR029045,1
S41.950,IPR032956,1
S09.990,IPR000801,1
S09.990,IPR014186,1
S09.990,IPR029058,1
S01.135,IPR001254,1
S01.135,IPR001314,1
S01.135,IPR009003,1
S01.135,IPR018114,1
S01.135,IPR033116,1
M02.001,IPR001548,1
M24.007,IPR000994,1
M24.007,IPR001131,1
M24.007,IPR007865,1
M24.007,IPR028980,1
M24.007,IPR029149,1
M12.005,IPR000152,1
M12.005,IPR000742,1
M12.005,IPR000859,1
M12.005,IPR001506,1
M12.005,IPR001881,1
M12.005,IPR006026,1
M12.005,IPR009030,1
M12.005,IPR013032,1
M12.005,IPR015446,1
M12.005,IPR018097,1
M12.005,IPR024079,1
S09.004,IPR001375,1
S09.004,IPR002471,1
S09.004,IPR011042,1
S09.004,IPR029058,1
A01.010,IPR001461,1
A01.010,IPR001969,1
A01.010,IPR012848,1
A01.010,IPR021109,1
A01.010,IPR033121,1
A01.010,IPR033145,1
S01.976,IPR000001,1
S01.976,IPR001254,1
S01.976,IPR001314,1
S01.976,IPR003609,1
S01.976,IPR009003,1
S01.976,IPR013806,1
S01.976,IPR018056,1
S01.976,IPR024174,1
S01.976,IPR027284,1
M14.006,IPR000834,1
M14.006,IPR008969,1
M14.006,IPR014766,1
M14.006,IPR027062,1
M16.982,IPR001431,1
M16.982,IPR007863,1
M16.982,IPR011237,1
M16.982,IPR011249,1
M16.982,IPR011765,1
M16.982,IPR032632,1
M10.004,IPR000562,1
M10.004,IPR000585,1
M10.004,IPR001818,1
M10.004,IPR002477,1
M10.004,IPR006026,1
M10.004,IPR013806,1
M10.004,IPR018486,1
M10.004,IPR018487,1
M10.004,IPR021158,1
M10.004,IPR021190,1
M10.004,IPR024079,1
M10.004,IPR028688,1
M14.001,IPR000834,1
M14.001,IPR003146,1
M14.001,IPR009020,1
M14.003,IPR000834,1
M14.003,IPR003146,1
M14.003,IPR009020,1
M14.010,IPR000834,1
M14.010,IPR003146,1
M14.010,IPR009020,1
M01.001,IPR001930,1
M01.001,IPR014782,1
M01.001,IPR024571,1
M14.004,IPR000834,1
M14.004,IPR008969,1
M14.004,IPR014766,1
M14.004,IPR027063,1
C12.003,IPR001578,1
S71.001,IPR000082,1
S71.001,IPR023217,1
M19.001,IPR000180,1
M19.001,IPR008257,1
M19.001,IPR028536,1
M19.001,IPR032466,1
S08.073,IPR000209,1
S08.073,IPR002884,1
S08.073,IPR008979,1
S08.073,IPR009020,1
S08.073,IPR015500,1
S08.073,IPR022398,1
S08.073,IPR023827,1
S08.073,IPR023828,1
S08.073,IPR032815,1
C02.002,IPR000169,1
C02.002,IPR001300,1
C02.002,IPR002048,1
C02.002,IPR011992,1
C02.002,IPR018247,1
C02.002,IPR022682,1
C02.002,IPR022683,1
C02.002,IPR022684,1
C02.002,IPR029539,1
S09.985,IPR002018,1
S09.985,IPR019819,1
S09.985,IPR019826,1
S09.985,IPR029058,1
S09.985,IPR032059,1
A01.003,IPR001461,1
A01.003,IPR001969,1
A01.003,IPR012848,1
A01.003,IPR021109,1
A01.003,IPR033121,1
S01.161,IPR001254,1
S01.161,IPR001314,1
S01.161,IPR009003,1
S01.161,IPR018114,1
S01.161,IPR033116,1
S01.971,IPR001254,1
S01.971,IPR001314,1
S01.971,IPR009003,1
T01.986,IPR001353,1
T01.986,IPR016050,1
T01.986,IPR023333,1
T01.986,IPR029055,1
S01.147,IPR001254,1
S01.147,IPR001314,1
S01.147,IPR009003,1
S01.147,IPR018114,1
S01.147,IPR033116,1
C02.004,IPR000169,1
C02.004,IPR001300,1
C02.004,IPR002048,1
C02.004,IPR011992,1
C02.004,IPR018247,1
C02.004,IPR022682,1
C02.004,IPR022683,1
C02.004,IPR022684,1
C02.004,IPR029531,1
T02.001,IPR000246,1
T02.001,IPR029055,1
C64.003,IPR002653,1
C64.003,IPR003323,1
S09.979,IPR000997,1
S09.979,IPR002018,1
S09.979,IPR014788,1
S09.979,IPR019819,1
S09.979,IPR019826,1
S09.979,IPR029058,1
M16.974,IPR001431,1
M16.974,IPR007863,1
M16.974,IPR011237,1
M16.974,IPR011249,1
M16.974,IPR011765,1
S09.991,IPR013094,1
S09.991,IPR017157,1
S09.991,IPR029058,1
S09.991,IPR033140,1
S01.979,IPR000152,1
S01.979,IPR000294,1
S01.979,IPR000742,1
S01.979,IPR001254,1
S01.979,IPR009003,1
S01.979,IPR012224,1
S01.979,IPR013032,1
S01.979,IPR017857,1
M10.002,IPR000585,1
M10.002,IPR001818,1
M10.002,IPR002477,1
M10.002,IPR006026,1
M10.002,IPR016293,1
M10.002,IPR018486,1
M10.002,IPR018487,1
M10.002,IPR021158,1
M10.002,IPR021190,1
M10.002,IPR024079,1
M10.002,IPR028709,1
S09.982,IPR002018,1
S09.982,IPR019819,1
S09.982,IPR019826,1
S09.982,IPR029058,1
M13.090,IPR000718,1
M13.090,IPR008753,1
M13.090,IPR018497,1
M13.090,IPR029737,1
S01.140,IPR001254,1
S01.140,IPR001314,1
S01.140,IPR009003,1
S01.140,IPR018114,1
S01.140,IPR033116,1
S01.134,IPR001254,1
S01.134,IPR001314,1
S01.134,IPR009003,1
S01.134,IPR018114,1
S01.134,IPR033116,1
M10.007,IPR000585,1
M10.007,IPR001818,1
M10.007,IPR006026,1
M10.007,IPR016293,1
M10.007,IPR018486,1
M10.007,IPR018487,1
M10.007,IPR021158,1
M10.007,IPR021190,1
M10.007,IPR024079,1
M10.007,IPR028705,1
T01.976,IPR000426,1
T01.976,IPR001353,1
T01.976,IPR023332,1
T01.976,IPR029055,1
T01.972,IPR000426,1
T01.972,IPR001353,1
T01.972,IPR023332,1
T01.972,IPR029055,1
T01.977,IPR000426,1
T01.977,IPR001353,1
T01.977,IPR023332,1
T01.977,IPR029055,1
T01.973,IPR000426,1
T01.973,IPR001353,1
T01.973,IPR016050,1
T01.973,IPR023332,1
T01.973,IPR029055,1
S01.975,IPR000001,1
S01.975,IPR001254,1
S01.975,IPR001314,1
S01.975,IPR003609,1
S01.975,IPR009003,1
S01.975,IPR013806,1
S01.975,IPR018056,1
S01.975,IPR024174,1
S09.003,IPR001375,1
S09.003,IPR002469,1
S09.003,IPR002471,1
S09.003,IPR029058,1
T01.015,IPR000243,1
T01.015,IPR001353,1
T01.015,IPR016050,1
T01.015,IPR023333,1
T01.015,IPR029055,1
T01.013,IPR000243,1
T01.013,IPR001353,1
T01.013,IPR016050,1
T01.013,IPR023333,1
T01.013,IPR029055,1
T01.975,IPR000426,1
T01.975,IPR001353,1
T01.975,IPR023332,1
T01.975,IPR029055,1
T01.987,IPR001353,1
T01.987,IPR016050,1
T01.987,IPR016295,1
T01.987,IPR023333,1
T01.987,IPR029055,1
T01.010,IPR000243,1
T01.010,IPR001353,1
T01.010,IPR016050,1
T01.010,IPR023333,1
T01.010,IPR029055,1
T01.012,IPR000243,1
T01.012,IPR001353,1
T01.012,IPR016050,1
T01.012,IPR023333,1
T01.012,IPR029055,1
M17.001,IPR000819,1
M17.001,IPR008283,1
M17.001,IPR011356,1
M17.001,IPR023042,1
S08.072,IPR000209,1
S08.072,IPR002884,1
S08.072,IPR008979,1
S08.072,IPR009020,1
S08.072,IPR015500,1
S08.072,IPR022005,1
S08.072,IPR022398,1
S08.072,IPR023827,1
S08.072,IPR023828,1
S08.072,IPR032815,1
S08.075,IPR000209,1
S08.075,IPR002884,1
S08.075,IPR006212,1
S08.075,IPR008979,1
S08.075,IPR009020,1
S08.075,IPR009030,1
S08.075,IPR010909,1
S08.075,IPR015500,1
S08.075,IPR022398,1
S08.075,IPR023827,1
S08.075,IPR023828,1
S08.075,IPR032778,1
S08.075,IPR032815,1
S08.A56,IPR000209,1
S08.A56,IPR015500,1
S08.A56,IPR022229,1
S08.A56,IPR022398,1
S08.A56,IPR023828,1
C14.001,IPR001309,1
C14.001,IPR001315,1
C14.001,IPR002138,1
C14.001,IPR011029,1
C14.001,IPR015917,1
C14.001,IPR016129,1
C14.001,IPR017350,1
C14.001,IPR029030,1
C14.001,IPR033139,1
C56.975,IPR029062,1
C26.951,IPR002474,1
C26.951,IPR005479,1
C26.951,IPR005480,1
C26.951,IPR005483,1
C26.951,IPR006274,1
C26.951,IPR006275,1
C26.951,IPR011607,1
C26.951,IPR011761,1
C26.951,IPR013815,1
C26.951,IPR013816,1
C26.951,IPR016185,1
C26.951,IPR017926,1
C26.951,IPR029062,1
M16.973,IPR007863,1
M16.973,IPR011237,1
M16.973,IPR011249,1
M16.973,IPR011765,1
C14.018,IPR001309,1
C14.018,IPR002138,1
C14.018,IPR015917,1
C14.018,IPR029030,1
C14.018,IPR033139,1
C14.018,IPR033174,1
S33.973,IPR000073,1
S33.973,IPR000639,1
S33.973,IPR006439,1
S33.973,IPR011945,1
S33.973,IPR023198,1
S33.973,IPR023214,1
S33.973,IPR029058,1
S01.174,IPR001254,1
S01.174,IPR001314,1
S01.174,IPR009003,1
S01.174,IPR018114,1
C19.009,IPR000195,1
C19.009,IPR001394,1
C19.009,IPR018200,1
C19.009,IPR028889,1
T03.015,IPR000101,1
T03.015,IPR029055,1
S16.002,IPR003111,1
S16.002,IPR003593,1
S16.002,IPR003959,1
S16.002,IPR004815,1
S16.002,IPR008268,1
S16.002,IPR008269,1
S16.002,IPR014721,1
S16.002,IPR015947,1
S16.002,IPR020568,1
S16.002,IPR027065,1
S16.002,IPR027417,1
S16.002,IPR027503,1
S33.017,IPR000073,1
S33.017,IPR025483,1
S33.017,IPR029058,1
M10.009,IPR000585,1
M10.009,IPR001818,1
M10.009,IPR002477,1
M10.009,IPR006026,1
M10.009,IPR016293,1
M10.009,IPR018486,1
M10.009,IPR018487,1
M10.009,IPR021158,1
M10.009,IPR021190,1
M10.009,IPR024079,1
M10.009,IPR028718,1
T01.014,IPR000243,1
T01.014,IPR001353,1
T01.014,IPR016050,1
T01.014,IPR023333,1
T01.014,IPR024689,1
T01.014,IPR029055,1
S01.256,IPR001254,1
S01.256,IPR001314,1
S01.256,IPR009003,1
S01.256,IPR018114,1
S01.256,IPR033116,1
C19.011,IPR001394,1
C19.011,IPR001763,1
C19.011,IPR015063,1
C19.011,IPR018200,1
C19.011,IPR028889,1
C14.003,IPR001309,1
C14.003,IPR002138,1
C14.003,IPR015470,1
C14.003,IPR015917,1
C14.003,IPR016129,1
C14.003,IPR029030,1
C14.003,IPR033139,1
C14.006,IPR001309,1
C14.006,IPR001315,1
C14.006,IPR002138,1
C14.006,IPR011029,1
C14.006,IPR015917,1
C14.006,IPR016129,1
C14.006,IPR017350,1
C14.006,IPR029030,1
C14.006,IPR033139,1
S09.973,IPR001375,1
S09.973,IPR002469,1
S09.973,IPR029058,1
S28.001,IPR008758,1
S28.001,IPR029058,1
M13.002,IPR000718,1
M13.002,IPR008753,1
M13.002,IPR018497,1
M13.002,IPR024079,1
M13.002,IPR029734,1
C01.035,IPR000169,1
C01.035,IPR000668,1
C01.035,IPR013128,1
C01.035,IPR025660,1
M10.013,IPR000585,1
M10.013,IPR001818,1
M10.013,IPR002477,1
M10.013,IPR006026,1
M10.013,IPR016293,1
M10.013,IPR018486,1
M10.013,IPR018487,1
M10.013,IPR021158,1
M10.013,IPR021190,1
M10.013,IPR024079,1
M10.013,IPR028711,1
C19.001,IPR001394,1
C19.001,IPR001607,1
C19.001,IPR009060,1
C19.001,IPR013083,1
C19.001,IPR015940,1
C19.001,IPR016652,1
C19.001,IPR018200,1
C19.001,IPR028889,1
M67.004,IPR000555,1
M14.002,IPR000834,1
M14.002,IPR003146,1
M14.002,IPR009020,1
S09.001,IPR001375,1
S09.001,IPR002470,1
S09.001,IPR002471,1
S09.001,IPR023302,1
S09.001,IPR029058,1
S01.198,IPR000436,1
S01.198,IPR000859,1
S01.198,IPR001254,1
S01.198,IPR001314,1
S01.198,IPR001881,1
S01.198,IPR009003,1
S01.198,IPR013032,1
S01.198,IPR018097,1
S01.198,IPR018114,1
S01.198,IPR024175,1
S01.198,IPR033116,1
P02.002,IPR000152,1
P02.002,IPR000203,1
P02.002,IPR000742,1
P02.002,IPR000832,1
P02.002,IPR001881,1
P02.002,IPR003056,1
P02.002,IPR009030,1
P02.002,IPR017981,1
P02.002,IPR017983,1
P02.002,IPR018097,1
C14.007,IPR001309,1
C14.007,IPR001315,1
C14.007,IPR002138,1
C14.007,IPR011029,1
C14.007,IPR015917,1
C14.007,IPR016129,1
C14.007,IPR029030,1
C14.007,IPR033139,1
T01.983,IPR001353,1
T01.983,IPR016050,1
T01.983,IPR023333,1
T01.983,IPR029055,1
T01.984,IPR001353,1
T01.984,IPR016050,1
T01.984,IPR023333,1
T01.984,IPR029055,1
S09.942,IPR006862,1
S09.942,IPR014940,1
S09.942,IPR016662,1
S09.942,IPR029058,1
A22.001,IPR001108,1
A22.001,IPR002031,1
A22.001,IPR006639,1
A22.002,IPR001108,1
A22.002,IPR001493,1
A22.002,IPR006639,1
S01.300,IPR001254,1
S01.300,IPR001314,1
S01.300,IPR009003,1
S01.300,IPR018114,1
S01.300,IPR033116,1
S01.146,IPR001254,1
S01.146,IPR001314,1
S01.146,IPR009003,1
S01.146,IPR018114,1
S01.146,IPR033116,1
C26.950,IPR001674,1
C26.950,IPR004739,1
C26.950,IPR014729,1
C26.950,IPR017926,1
C26.950,IPR022310,1
C26.950,IPR025777,1
C26.950,IPR029062,1
M10.014,IPR000585,1
M10.014,IPR001818,1
M10.014,IPR002477,1
M10.014,IPR006026,1
M10.014,IPR016293,1
M10.014,IPR018486,1
M10.014,IPR018487,1
M10.014,IPR021158,1
M10.014,IPR021190,1
M10.014,IPR021805,1
M10.014,IPR024079,1
M10.014,IPR028693,1
M24.002,IPR000994,1
M24.002,IPR001714,1
M24.002,IPR002468,1
M24.002,IPR011991,1
M24.002,IPR018349,1
S01.139,IPR001254,1
S01.139,IPR001314,1
S01.139,IPR009003,1
S01.139,IPR018114,1
S01.139,IPR033040,1
S01.139,IPR033116,1
M10.015,IPR000585,1
M10.015,IPR001818,1
M10.015,IPR002477,1
M10.015,IPR006026,1
M10.015,IPR016293,1
M10.015,IPR018486,1
M10.015,IPR018487,1
M10.015,IPR021158,1
M10.015,IPR021190,1
M10.015,IPR021805,1
M10.015,IPR024079,1
M10.015,IPR028729,1
M10.016,IPR000585,1
M10.016,IPR001818,1
M10.016,IPR002477,1
M10.016,IPR006026,1
M10.016,IPR016293,1
M10.016,IPR018486,1
M10.016,IPR018487,1
M10.016,IPR021158,1
M10.016,IPR021190,1
M10.016,IPR021805,1
M10.016,IPR024079,1
M10.016,IPR028697,1
M67.973,IPR000555,1
M67.973,IPR024969,1
C19.014,IPR001394,1
C19.014,IPR006615,1
C19.014,IPR018200,1
C19.014,IPR028135,1
C19.014,IPR028889,1
C19.014,IPR029346,1
C14.008,IPR001309,1
C14.008,IPR001315,1
C14.008,IPR002138,1
C14.008,IPR011029,1
C14.008,IPR015917,1
C14.008,IPR016129,1
C14.008,IPR017350,1
C14.008,IPR029030,1
C14.008,IPR033139,1
M03.001,IPR001567,1
M03.001,IPR024077,1
M03.001,IPR024079,1
M03.001,IPR024080,1
S59.001,IPR007230,1
S59.001,IPR021967,1
M24.017,IPR000994,1
M24.017,IPR001714,1
M24.017,IPR002467,1
M24.017,IPR031615,1
C01.070,IPR000169,1
C01.070,IPR000668,1
C01.070,IPR013128,1
C01.070,IPR014882,1
C01.070,IPR025660,1
C01.070,IPR025661,1
C01.070,IPR033161,1
C86.001,IPR003903,1
C86.001,IPR006155,1
C19.015,IPR000626,1
C19.015,IPR001394,1
C19.015,IPR018200,1
C19.015,IPR019954,1
C19.015,IPR028889,1
C19.015,IPR029071,1
C14.004,IPR001309,1
C14.004,IPR002138,1
C14.004,IPR015917,1
C14.004,IPR016129,1
C14.004,IPR017350,1
C14.004,IPR029030,1
C14.004,IPR033139,1
C14.010,IPR001309,1
C14.010,IPR001315,1
C14.010,IPR002138,1
C14.010,IPR011029,1
C14.010,IPR015917,1
C14.010,IPR016129,1
C14.010,IPR017350,1
C14.010,IPR029030,1
C14.010,IPR033139,1
C14.010,IPR033171,1
C14.005,IPR001309,1
C14.005,IPR002138,1
C14.005,IPR015917,1
C14.005,IPR016129,1
C14.005,IPR029030,1
C14.005,IPR033139,1
M01.010,IPR001930,1
M01.010,IPR014782,1
M01.010,IPR024571,1
C01.037,IPR000668,1
C01.037,IPR013128,1
C01.037,IPR013201,1
C01.037,IPR025660,1
C01.037,IPR025661,1
C01.037,IPR033158,1
S01.237,IPR000001,1
S01.237,IPR001190,1
S01.237,IPR001254,1
S01.237,IPR001314,1
S01.237,IPR009003,1
S01.237,IPR013806,1
S01.237,IPR017448,1
S01.237,IPR018056,1
S01.237,IPR018114,1
S01.237,IPR033116,1
A01.004,IPR001461,1
A01.004,IPR001969,1
A01.004,IPR009119,1
A01.004,IPR009120,1
A01.004,IPR021109,1
A01.004,IPR033121,1
S01.079,IPR001190,1
S01.079,IPR001254,1
S01.079,IPR001314,1
S01.079,IPR002172,1
S01.079,IPR009003,1
S01.079,IPR017448,1
S01.079,IPR018114,1
S01.079,IPR023415,1
S01.079,IPR033116,1
M12.237,IPR000884,1
M12.237,IPR001590,1
M12.237,IPR002870,1
M12.237,IPR010294,1
M12.237,IPR010909,1
M12.237,IPR013273,1
M12.237,IPR024079,1
S54.006,IPR002048,1
S54.006,IPR002610,1
S54.006,IPR011992,1
S54.006,IPR017213,1
S54.006,IPR022764,1
M12.246,IPR000884,1
M12.246,IPR001590,1
M12.246,IPR002870,1
M12.246,IPR010294,1
M12.246,IPR012314,1
M12.246,IPR013273,1
M12.246,IPR024079,1
S01.969,IPR000519,1
S01.969,IPR001507,1
S01.969,IPR017957,1
S01.969,IPR017977,1
T01.971,IPR000426,1
T01.971,IPR001353,1
T01.971,IPR023332,1
T01.971,IPR029055,1
C19.052,IPR001394,1
C19.052,IPR018200,1
C19.052,IPR028889,1
A02.011,IPR000467,1
A02.011,IPR001969,1
A02.011,IPR001995,1
A02.011,IPR018061,1
A02.011,IPR021109,1
S26.009,IPR001733,1
S26.009,IPR015927,1
S26.009,IPR019756,1
S26.009,IPR019758,1
S26.009,IPR019759,1
S26.009,IPR028360,1
M12.208,IPR000742,1
M12.208,IPR001590,1
M12.208,IPR001762,1
M12.208,IPR002870,1
M12.208,IPR006586,1
M12.208,IPR013032,1
M12.208,IPR018358,1
M12.208,IPR024079,1
M12.217,IPR001590,1
M12.217,IPR001762,1
M12.217,IPR002870,1
M12.217,IPR024079,1
M12.217,IPR032029,1
M13.091,IPR000718,1
M13.091,IPR008753,1
M13.091,IPR018497,1
M13.091,IPR024079,1
S01.285,IPR000867,1
S01.285,IPR001478,1
S01.285,IPR001940,1
S01.285,IPR002350,1
S01.285,IPR009003,1
S01.285,IPR009030,1
S01.284,IPR000867,1
S01.284,IPR001478,1
S01.284,IPR001940,1
S01.284,IPR002350,1
S01.284,IPR009003,1
S01.284,IPR009030,1
S12.004,IPR001466,1
S12.004,IPR012338,1
S01.156,IPR000082,1
S01.156,IPR000859,1
S01.156,IPR000998,1
S01.156,IPR001190,1
S01.156,IPR001254,1
S01.156,IPR001314,1
S01.156,IPR002172,1
S01.156,IPR009003,1
S01.156,IPR011163,1
S01.156,IPR013320,1
S01.156,IPR017448,1
S01.156,IPR018114,1
S01.156,IPR023415,1
S01.156,IPR033116,1
P02.038,IPR000203,1
P02.038,IPR000372,1
P02.038,IPR000434,1
P02.038,IPR000483,1
P02.038,IPR000601,1
P02.038,IPR001024,1
P02.038,IPR001304,1
P02.038,IPR001611,1
P02.038,IPR002859,1
P02.038,IPR002889,1
P02.038,IPR003591,1
P02.038,IPR006228,1
P02.038,IPR013122,1
P02.038,IPR013994,1
P02.038,IPR014010,1
P02.038,IPR016186,1
P02.038,IPR016187,1
P02.038,IPR022409,1
P02.038,IPR032675,1
C89.002,IPR016699,1
C89.002,IPR029130,1
C89.002,IPR029132,1
M20.973,IPR001261,1
M20.973,IPR002933,1
M20.973,IPR010159,1
M20.973,IPR011650,1
M28.010,IPR003137,1
M28.010,IPR007365,1
M28.010,IPR007484,1
S01.228,IPR000001,1
S01.228,IPR000083,1
S01.228,IPR000562,1
S01.228,IPR000742,1
S01.228,IPR001254,1
S01.228,IPR001314,1
S01.228,IPR009003,1
S01.228,IPR013032,1
S01.228,IPR013806,1
S01.228,IPR014394,1
S01.228,IPR018056,1
S01.228,IPR018114,1
S01.228,IPR033116,1
S09.993,IPR002168,1
S09.993,IPR010468,1
S09.993,IPR013094,1
S09.993,IPR029058,1
S09.993,IPR033140,1
C44.001,IPR000836,1
C44.001,IPR005854,1
C44.001,IPR017932,1
C44.001,IPR029055,1
C44.001,IPR029057,1
C44.970,IPR001347,1
C44.970,IPR005855,1
C44.970,IPR017932,1
C44.970,IPR029055,1
M01.003,IPR001930,1
M01.003,IPR014782,1
M01.003,IPR024571,1
C69.005,IPR005322,1
C19.023,IPR001394,1
C19.023,IPR006861,1
C19.023,IPR018200,1
C19.023,IPR028889,1
M16.971,IPR001431,1
M16.971,IPR007863,1
M16.971,IPR011237,1
M16.971,IPR011249,1
M16.971,IPR011765,1
C69.003,IPR005322,1
S09.007,IPR001375,1
S09.007,IPR002469,1
S09.007,IPR002471,1
S09.007,IPR029058,1
P02.012,IPR000562,1
P02.012,IPR000772,1
P02.012,IPR001304,1
P02.012,IPR016186,1
P02.012,IPR016187,1
P02.012,IPR018378,1
C19.010,IPR001394,1
C19.010,IPR006615,1
C19.010,IPR018200,1
C19.010,IPR028134,1
C19.010,IPR028135,1
C19.010,IPR028889,1
M43.004,IPR000436,1
M43.004,IPR000800,1
M43.004,IPR006558,1
M43.004,IPR008754,1
M43.004,IPR011936,1
M43.004,IPR013320,1
M43.004,IPR024079,1
M43.004,IPR030433,1
M12.209,IPR000742,1
M12.209,IPR001590,1
M12.209,IPR001762,1
M12.209,IPR002870,1
M12.209,IPR006586,1
M12.209,IPR013032,1
M12.209,IPR018358,1
M12.209,IPR024079,1
M12.215,IPR000742,1
M12.215,IPR001590,1
M12.215,IPR001762,1
M12.215,IPR002870,1
M12.215,IPR006586,1
M12.215,IPR013032,1
M12.215,IPR024079,1
C89.001,IPR003199,1
C89.001,IPR016699,1
C89.001,IPR029130,1
C89.001,IPR029132,1
C01.084,IPR000169,1
C01.084,IPR004134,1
S09.A50,IPR006862,1
S09.A50,IPR014940,1
S09.A50,IPR016662,1
S09.A50,IPR029058,1
M38.973,IPR006680,1
M38.973,IPR011059,1
M38.973,IPR011778,1
M38.973,IPR030633,1
M38.973,IPR032466,1
S72.001,IPR006644,1
S72.001,IPR008465,1
S72.001,IPR013783,1
S72.001,IPR015919,1
S72.001,IPR027468,1
S72.001,IPR030398,1
M38.974,IPR006680,1
M38.974,IPR011059,1
M38.974,IPR011778,1
M38.974,IPR030624,1
M38.974,IPR032466,1
M38.976,IPR006680,1
M38.976,IPR011059,1
M38.976,IPR011778,1
M38.976,IPR030628,1
M38.976,IPR032466,1
P02.004,IPR000152,1
P02.004,IPR000203,1
P02.004,IPR000742,1
P02.004,IPR000832,1
P02.004,IPR001740,1
P02.004,IPR001881,1
P02.004,IPR009030,1
P02.004,IPR013032,1
P02.004,IPR017981,1
P02.004,IPR017983,1
P02.004,IPR018097,1
P02.004,IPR026823,1
S01.033,IPR000001,1
S01.033,IPR000742,1
S01.033,IPR001254,1
S01.033,IPR001314,1
S01.033,IPR009003,1
S01.033,IPR013032,1
S01.033,IPR013806,1
S01.033,IPR018056,1
S01.033,IPR018114,1
S01.033,IPR033116,1
C46.003,IPR000320,1
C46.003,IPR001657,1
C46.003,IPR001767,1
C46.003,IPR003586,1
C46.003,IPR003587,1
C46.003,IPR006141,1
C46.003,IPR009045,1
C46.003,IPR028992,1
C50.002,IPR005314,1
C50.002,IPR030397,1
C19.018,IPR001394,1
C19.018,IPR009818,1
C19.018,IPR018200,1
C19.018,IPR028767,1
C19.018,IPR028889,1
S08.063,IPR000209,1
S08.063,IPR015500,1
S08.063,IPR022398,1
S08.063,IPR023828,1
C14.009,IPR001309,1
C14.009,IPR001875,1
C14.009,IPR002138,1
C14.009,IPR011029,1
C14.009,IPR015917,1
C14.009,IPR016129,1
C14.009,IPR029030,1
C14.009,IPR033139,1
C14.009,IPR033170,1
M87.002,IPR002035,1
M87.002,IPR004727,1
M87.002,IPR013642,1
C86.004,IPR006155,1
C46.002,IPR000320,1
C46.002,IPR001657,1
C46.002,IPR001767,1
C46.002,IPR003586,1
C46.002,IPR003587,1
C46.002,IPR006141,1
C46.002,IPR009045,1
C46.002,IPR028992,1
S01.143,IPR001254,1
S01.143,IPR001314,1
S01.143,IPR009003,1
S01.143,IPR018114,1
S01.143,IPR033116,1
S08.077,IPR000209,1
S08.077,IPR002884,1
S08.077,IPR008979,1
S08.077,IPR009020,1
S08.077,IPR015500,1
S08.077,IPR022398,1
S08.077,IPR023828,1
S08.077,IPR032815,1
M38.975,IPR006680,1
M38.975,IPR011059,1
M38.975,IPR011778,1
M38.975,IPR030615,1
M38.975,IPR032466,1
S01.159,IPR001254,1
S01.159,IPR001314,1
S01.159,IPR009003,1
S01.159,IPR018114,1
S01.159,IPR033116,1
S14.003,IPR001907,1
S14.003,IPR018215,1
S14.003,IPR023562,1
S14.003,IPR029045,1
S14.003,IPR033135,1
M28.974,IPR007484,1
M12.002,IPR000742,1
M12.002,IPR000998,1
M12.002,IPR001506,1
M12.002,IPR002083,1
M12.002,IPR006026,1
M12.002,IPR008294,1
M12.002,IPR008974,1
M12.002,IPR013320,1
M12.002,IPR024079,1
S01.375,IPR001254,1
S01.375,IPR001314,1
S01.375,IPR009003,1
S01.375,IPR018114,1
S01.375,IPR033116,1
S01.286,IPR001254,1
S01.286,IPR009003,1
S01.286,IPR017345,1
S01.933,IPR000001,1
S01.933,IPR001254,1
S01.933,IPR001314,1
S01.933,IPR003609,1
S01.933,IPR009003,1
S01.933,IPR013806,1
S01.933,IPR018056,1
S09.944,IPR014940,1
S09.944,IPR029058,1
C19.070,IPR001394,1
C19.070,IPR018200,1
C19.070,IPR028889,1
M13.008,IPR000718,1
M13.008,IPR008753,1
M13.008,IPR018497,1
M13.008,IPR024079,1
M13.008,IPR029735,1
S09.015,IPR001375,1
S09.015,IPR002470,1
S09.015,IPR023302,1
S09.015,IPR029058,1
C19.978,IPR012337,1
C19.978,IPR013520,1
C19.978,IPR015943,1
C19.978,IPR017986,1
C19.978,IPR028881,1
C19.978,IPR028889,1
C19.978,IPR030843,1
C19.972,IPR001394,1
C19.972,IPR001607,1
C19.972,IPR013083,1
C19.972,IPR015880,1
C19.972,IPR028889,1
A28.004,IPR001969,1
A28.004,IPR001995,1
A28.004,IPR021109,1
M28.975,IPR007365,1
M28.975,IPR007484,1
S33.972,IPR000073,1
S33.972,IPR000639,1
S33.972,IPR029058,1
M16.009,IPR007863,1
M16.009,IPR011237,1
M16.009,IPR011249,1
M16.009,IPR011765,1
M16.009,IPR013578,1
S01.414,IPR001254,1
S01.414,IPR001314,1
S01.414,IPR009003,1
S01.414,IPR017326,1
S01.414,IPR018114,1
S01.414,IPR033116,1
C85.003,IPR003323,1
P02.022,IPR000082,1
P02.022,IPR000203,1
P02.022,IPR000832,1
P02.022,IPR008078,1
P02.022,IPR017981,1
A28.003,IPR000626,1
A28.003,IPR019103,1
A28.003,IPR021109,1
A28.003,IPR029071,1
M14.029,IPR000834,1
S09.055,IPR029058,1
S09.055,IPR029059,1
M14.027,IPR000834,1
C85.004,IPR003323,1
M67.005,IPR000555,1
M67.005,IPR001005,1
M67.005,IPR007526,1
M67.005,IPR009057,1
M67.005,IPR011991,1
M67.005,IPR017884,1
C85.007,IPR003323,1
C85.007,IPR007087,1
C85.007,IPR015880,1
C85.007,IPR029071,1
S33.020,IPR006693,1
S33.020,IPR025483,1
S33.020,IPR029058,1
C98.001,IPR028889,1
C98.001,IPR028890,1
C98.001,IPR028891,1
C98.001,IPR029388,1
S09.959,IPR002018,1
S09.959,IPR019819,1
S09.959,IPR019826,1
S09.959,IPR029058,1
S09.977,IPR013094,1
S09.977,IPR027519,1
S09.977,IPR029058,1
M14.012,IPR000834,1
M14.012,IPR008969,1
M14.012,IPR014766,1
M14.012,IPR020067,1
S01.152,IPR001254,1
S01.152,IPR001314,1
S01.152,IPR009003,1
S01.152,IPR018114,1
S01.152,IPR033116,1
C64.001,IPR002653,1
C64.001,IPR003323,1
M20.011,IPR002933,1
M20.011,IPR011650,1
M12.245,IPR001506,1
M12.245,IPR006026,1
M12.245,IPR024079,1
C97.001,IPR008580,1
C02.020,IPR001300,1
C02.020,IPR011992,1
C02.020,IPR022682,1
C02.020,IPR022684,1
C02.020,IPR029544,1
S09.960,IPR002018,1
S09.960,IPR019819,1
S09.960,IPR019826,1
S09.960,IPR029058,1
S54.955,IPR022764,1
C78.001,IPR012462,1
M01.024,IPR001930,1
M01.024,IPR014782,1
M01.024,IPR024571,1
M01.972,IPR014782,1
M01.972,IPR016024,1
T03.024,IPR000101,1
T03.024,IPR029055,1
S09.053,IPR029058,1
S09.053,IPR029059,1
S01.992,IPR001254,1
S01.992,IPR009003,1
S09.992,IPR013094,1
S09.992,IPR017157,1
S09.992,IPR029058,1
S09.992,IPR033140,1
S54.953,IPR002610,1
S54.953,IPR022241,1
S54.953,IPR022764,1
M01.026,IPR001930,1
M01.026,IPR014782,1
M01.026,IPR024571,1
C19.023,IPR001394,1
C19.023,IPR018200,1
C19.023,IPR028889,1
P02.021,IPR000203,1
P02.021,IPR000832,1
P02.021,IPR013320,1
P02.021,IPR017981,1
P02.021,IPR017983,1
C19.023,IPR001394,1
C19.023,IPR018200,1
C19.023,IPR028889,1
M24.028,IPR000994,1
M24.028,IPR001714,1
M24.028,IPR002467,1
S08.074,IPR000209,1
S08.074,IPR002884,1
S08.074,IPR006212,1
S08.074,IPR008979,1
S08.074,IPR009020,1
S08.074,IPR009030,1
S08.074,IPR015500,1
S08.074,IPR022398,1
S08.074,IPR023827,1
S08.074,IPR023828,1
S08.074,IPR032815,1
S01.299,IPR001254,1
S01.299,IPR001314,1
S01.299,IPR009003,1
S01.299,IPR018114,1
S01.299,IPR033116,1
S09.958,IPR002018,1
S09.958,IPR019826,1
S09.958,IPR029058,1
S01.998,IPR000436,1
S01.998,IPR000742,1
S01.998,IPR000859,1
S01.998,IPR001254,1
S01.998,IPR001314,1
S01.998,IPR009003,1
S01.998,IPR013032,1
C14.P01,IPR001309,1
C14.P01,IPR001315,1
C14.P01,IPR002138,1
C14.P01,IPR011029,1
C14.P01,IPR015917,1
C14.P01,IPR029030,1
C14.P01,IPR033139,1
S09.018,IPR001375,1
S09.018,IPR002469,1
S09.018,IPR029058,1
S01.292,IPR000082,1
S01.292,IPR001254,1
S01.292,IPR001314,1
S01.292,IPR009003,1
S01.292,IPR017329,1
S01.292,IPR018114,1
S01.292,IPR033116,1
C02.017,IPR000169,1
C02.017,IPR001300,1
C02.017,IPR002048,1
C02.017,IPR011992,1
C02.017,IPR018247,1
C02.017,IPR022682,1
C02.017,IPR022683,1
C02.017,IPR022684,1
C02.017,IPR029545,1
S01.321,IPR000082,1
S01.321,IPR001254,1
S01.321,IPR001314,1
S01.321,IPR009003,1
S01.321,IPR017329,1
S01.321,IPR018114,1
S01.321,IPR033116,1
C19.073,IPR001394,1
C19.073,IPR001607,1
C19.073,IPR013083,1
C19.073,IPR018200,1
C19.073,IPR028889,1
C19.067,IPR001394,1
C19.067,IPR016024,1
C19.067,IPR018200,1
C19.067,IPR028889,1
C19.060,IPR001394,1
C19.060,IPR018200,1
C19.060,IPR028889,1
C19.071,IPR001394,1
C19.071,IPR018200,1
C19.071,IPR028889,1
C19.081,IPR001394,1
C19.081,IPR028889,1
C19.065,IPR001394,1
C19.065,IPR001607,1
C19.065,IPR013083,1
C19.065,IPR018200,1
C19.065,IPR028889,1
C19.080,IPR001394,1
C19.080,IPR007330,1
C19.080,IPR028889,1
C19.064,IPR001394,1
C19.064,IPR001607,1
C19.064,IPR013083,1
C19.064,IPR018200,1
C19.064,IPR028889,1
C19.058,IPR001394,1
C19.058,IPR018200,1
C19.058,IPR028889,1
C19.976,IPR001394,1
C19.976,IPR018200,1
C19.976,IPR028889,1
M12.241,IPR000859,1
M12.241,IPR000884,1
M12.241,IPR001590,1
M12.241,IPR013273,1
M12.241,IPR024079,1
S09.051,IPR029058,1
S09.051,IPR029059,1
T02.002,IPR000246,1
T02.002,IPR029055,1
M67.972,IPR000555,1
M67.972,IPR024969,1
C85.008,IPR003323,1
S01.326,IPR001254,1
S01.326,IPR001314,1
S01.326,IPR009003,1
S01.326,IPR018114,1
S01.325,IPR001254,1
S01.325,IPR001314,1
S01.325,IPR009003,1
S01.325,IPR018114,1
S01.325,IPR033116,1
S01.322,IPR000859,1
S01.322,IPR001254,1
S01.322,IPR001314,1
S01.322,IPR009003,1
S01.322,IPR018114,1
S01.322,IPR033116,1
S01.072,IPR000082,1
S01.072,IPR000859,1
S01.072,IPR001254,1
S01.072,IPR001314,1
S01.072,IPR002172,1
S01.072,IPR009003,1
S01.072,IPR018114,1
S01.072,IPR023415,1
S01.072,IPR033116,1
S01.327,IPR001254,1
S01.327,IPR001314,1
S01.327,IPR009003,1
S01.327,IPR018114,1
S01.327,IPR033116,1
S01.320,IPR000859,1
S01.320,IPR001254,1
S01.320,IPR001314,1
S01.320,IPR009003,1
S01.320,IPR018114,1
S01.320,IPR033116,1
C19.078,IPR001394,1
C19.078,IPR018200,1
C19.078,IPR028889,1
M28.018,IPR007484,1
S01.969,IPR001254,1
S01.969,IPR001314,1
S01.969,IPR002172,1
S01.969,IPR009003,1
S01.969,IPR017324,1
S01.969,IPR018114,1
S01.969,IPR033116,1
S01.362,IPR001254,1
S01.362,IPR001314,1
S01.362,IPR009003,1
S01.362,IPR018114,1
S09.061,IPR029058,1
S09.061,IPR029059,1
P02.015,IPR000203,1
P02.015,IPR000832,1
P02.015,IPR001759,1
P02.015,IPR013320,1
P02.015,IPR017981,1
P02.005,IPR000152,1
P02.005,IPR000203,1
P02.005,IPR000742,1
P02.005,IPR000832,1
P02.005,IPR001740,1
P02.005,IPR001881,1
P02.005,IPR017981,1
P02.005,IPR017983,1
P02.005,IPR018097,1
P02.017,IPR000203,1
P02.017,IPR000832,1
P02.017,IPR000859,1
P02.017,IPR001759,1
P02.017,IPR013320,1
P02.017,IPR017981,1
P02.017,IPR017983,1
S01.365,IPR000082,1
S01.365,IPR001254,1
S01.365,IPR001314,1
S01.365,IPR009003,1
S01.365,IPR017329,1
S01.365,IPR018114,1
C19.053,IPR001394,1
C19.053,IPR003903,1
C19.053,IPR018200,1
C19.053,IPR028889,1
C19.053,IPR032069,1
S09.019,IPR001375,1
S09.019,IPR002469,1
S09.019,IPR029058,1
C54.005,IPR005078,1
C19.068,IPR000626,1
C19.068,IPR001394,1
C19.068,IPR006615,1
C19.068,IPR018200,1
C19.068,IPR028889,1
C19.068,IPR029071,1
M96.001,IPR002816,1
M54.002,IPR012962,1
M54.002,IPR024079,1
S33.982,IPR000073,1
S33.982,IPR029058,1
S16.006,IPR003111,1
S16.006,IPR003593,1
S16.006,IPR003959,1
S16.006,IPR004815,1
S16.006,IPR008268,1
S16.006,IPR008269,1
S16.006,IPR014721,1
S16.006,IPR015947,1
S16.006,IPR020568,1
S16.006,IPR027065,1
S16.006,IPR027417,1
S16.006,IPR027501,1
S01.291,IPR001254,1
S01.291,IPR001314,1
S01.291,IPR009003,1
S01.291,IPR018114,1
S01.291,IPR033116,1
P02.023,IPR000203,1
P02.023,IPR000832,1
P02.023,IPR003910,1
P02.023,IPR017981,1
S01.308,IPR000082,1
S01.308,IPR000859,1
S01.308,IPR001254,1
S01.308,IPR001314,1
S01.308,IPR002172,1
S01.308,IPR009003,1
S01.308,IPR017118,1
S01.308,IPR018114,1
S01.308,IPR033116,1
A22.006,IPR003137,1
A22.006,IPR006639,1
A22.006,IPR007369,1
A22.006,IPR033150,1
S33.978,IPR000073,1
S33.978,IPR000639,1
S33.978,IPR029058,1
M14.951,IPR000421,1
M14.951,IPR000834,1
M14.951,IPR008969,1
M14.951,IPR008979,1
M14.951,IPR014766,1
M14.021,IPR000834,1
P02.018,IPR000203,1
P02.018,IPR000483,1
P02.018,IPR000832,1
P02.018,IPR001611,1
P02.018,IPR001879,1
P02.018,IPR003591,1
P02.018,IPR003599,1
P02.018,IPR007110,1
P02.018,IPR013098,1
P02.018,IPR013783,1
P02.018,IPR017981,1
P02.018,IPR032471,1
P02.018,IPR032675,1
S01.085,IPR001254,1
S01.085,IPR001314,1
S01.085,IPR009003,1
S01.085,IPR018114,1
M20.021,IPR011650,1
M20.021,IPR017144,1
P02.019,IPR000082,1
P02.019,IPR000203,1
P02.019,IPR000832,1
P02.019,IPR003598,1
P02.019,IPR003599,1
P02.019,IPR007110,1
P02.019,IPR008078,1
P02.019,IPR013098,1
P02.019,IPR013783,1
P02.019,IPR017981,1
P02.019,IPR017983,1
P02.016,IPR000203,1
P02.016,IPR000832,1
P02.016,IPR003910,1
P02.016,IPR017981,1
P02.028,IPR000203,1
P02.028,IPR000832,1
P02.028,IPR001879,1
P02.028,IPR017981,1
P02.028,IPR017983,1
P02.014,IPR000203,1
P02.014,IPR000832,1
P02.014,IPR001759,1
P02.014,IPR013320,1
P02.014,IPR017981,1
P02.014,IPR017983,1
P02.007,IPR000203,1
P02.007,IPR000832,1
P02.007,IPR017981,1
P02.007,IPR017983,1
S09.988,IPR000460,1
S09.988,IPR002018,1
S09.988,IPR019819,1
S09.988,IPR029058,1
S09.988,IPR030025,1
M10.026,IPR000585,1
M10.026,IPR001818,1
M10.026,IPR002477,1
M10.026,IPR006026,1
M10.026,IPR016293,1
M10.026,IPR018487,1
M10.026,IPR021190,1
M10.026,IPR024079,1
S09.054,IPR026605,1
S09.054,IPR029058,1
S09.054,IPR029059,1
S09.994,IPR000460,1
S09.994,IPR002018,1
S09.994,IPR019819,1
S09.994,IPR029058,1
S09.994,IPR030022,1
S01.994,IPR001254,1
S01.994,IPR009003,1
S01.994,IPR018114,1
M14.036,IPR000421,1
M14.036,IPR000834,1
M14.036,IPR008969,1
M14.036,IPR008979,1
M14.036,IPR014766,1
M14.018,IPR000834,1
M14.018,IPR003146,1
M14.018,IPR009020,1
S09.974,IPR001375,1
S09.974,IPR002469,1
S09.974,IPR029058,1
M01.028,IPR001930,1
M01.028,IPR014782,1
M01.028,IPR015211,1
M01.028,IPR016024,1
C02.972,IPR000048,1
C02.972,IPR001300,1
C02.972,IPR012292,1
S09.943,IPR006862,1
S09.943,IPR014940,1
S09.943,IPR016662,1
S09.943,IPR029058,1
C19.056,IPR001394,1
C19.056,IPR018200,1
C19.056,IPR028889,1
C56.974,IPR029062,1
S08.039,IPR000209,1
S08.039,IPR009020,1
S08.039,IPR010259,1
S08.039,IPR015500,1
M17.006,IPR000819,1
M17.006,IPR011356,1
M14.025,IPR000834,1
M14.026,IPR000834,1
S01.075,IPR001254,1
S01.075,IPR001314,1
S01.075,IPR009003,1
S01.075,IPR018114,1
S01.075,IPR033116,1
S33.976,IPR000073,1
S33.976,IPR029058,1
S09.989,IPR000460,1
S09.989,IPR002018,1
S09.989,IPR019819,1
S09.989,IPR029058,1
S09.989,IPR030025,1
S09.995,IPR000460,1
S09.995,IPR002018,1
S09.995,IPR019819,1
S09.995,IPR029058,1
S09.995,IPR030023,1
S01.298,IPR001254,1
S01.298,IPR001314,1
S01.298,IPR009003,1
S01.298,IPR018114,1
S01.298,IPR033116,1
C95.001,IPR007000,1
T01.974,IPR000426,1
T01.974,IPR001353,1
T01.974,IPR023332,1
T01.974,IPR029055,1
C86.005,IPR006155,1
S33.013,IPR000073,1
S33.013,IPR029058,1
M12.953,IPR000742,1
M12.953,IPR001590,1
M12.953,IPR001762,1
M12.953,IPR002870,1
M12.953,IPR006586,1
M12.953,IPR013032,1
M12.953,IPR018358,1
M12.953,IPR024079,1
A22.005,IPR006639,1
A22.005,IPR007369,1
A22.004,IPR003137,1
A22.004,IPR006639,1
A22.004,IPR007369,1
A22.004,IPR033149,1
A22.007,IPR003137,1
A22.007,IPR006639,1
A22.007,IPR007369,1
A22.007,IPR033151,1
A22.003,IPR006639,1
A22.003,IPR007369,1
C64.002,IPR002653,1
C64.002,IPR003323,1
M12.027,IPR000884,1
M12.027,IPR001590,1
M12.027,IPR002870,1
M12.027,IPR007087,1
M12.027,IPR010294,1
M12.027,IPR010909,1
M12.027,IPR013273,1
M12.027,IPR024079,1
M12.026,IPR000884,1
M12.026,IPR001590,1
M12.026,IPR002870,1
M12.026,IPR010294,1
M12.026,IPR010909,1
M12.026,IPR013273,1
M12.026,IPR024079,1
M12.025,IPR000884,1
M12.025,IPR001590,1
M12.025,IPR002870,1
M12.025,IPR010294,1
M12.025,IPR013273,1
M12.025,IPR013277,1
M12.025,IPR024079,1
M12.029,IPR000884,1
M12.029,IPR001590,1
M12.029,IPR002870,1
M12.029,IPR010294,1
M12.029,IPR010909,1
M12.029,IPR013273,1
M12.029,IPR024079,1
M12.028,IPR000884,1
M12.028,IPR001590,1
M12.028,IPR002870,1
M12.028,IPR010294,1
M12.028,IPR010909,1
M12.028,IPR013273,1
M12.028,IPR024079,1
S54.008,IPR022764,1
C19.037,IPR001394,1
C19.037,IPR001607,1
C19.037,IPR006615,1
C19.037,IPR013083,1
C19.037,IPR018200,1
C19.037,IPR028889,1
S33.975,IPR000073,1
S33.975,IPR029058,1
A28.003,IPR000626,1
A28.003,IPR019103,1
A28.003,IPR021109,1
A28.003,IPR029071,1
M14.020,IPR000834,1
M14.020,IPR003146,1
M14.020,IPR009020,1
M12.024,IPR000884,1
M12.024,IPR001590,1
M12.024,IPR002870,1
M12.024,IPR010294,1
M12.024,IPR010909,1
M12.024,IPR013273,1
M12.024,IPR024079,1
C54.002,IPR005078,1
C12.004,IPR001578,1
S33.988,IPR004142,1
S33.988,IPR029058,1
S33.988,IPR030693,1
C13.005,IPR001096,1
C13.005,IPR028361,1
S01.277,IPR000867,1
S01.277,IPR001478,1
S01.277,IPR001940,1
S01.277,IPR002350,1
S01.277,IPR009003,1
S01.277,IPR009030,1
C26.001,IPR011697,1
C26.001,IPR015527,1
C26.001,IPR029062,1
S08.076,IPR000209,1
S08.076,IPR000742,1
S08.076,IPR002884,1
S08.076,IPR006212,1
S08.076,IPR008979,1
S08.076,IPR009020,1
S08.076,IPR009030,1
S08.076,IPR015500,1
S08.076,IPR022398,1
S08.076,IPR023827,1
S08.076,IPR023828,1
S08.076,IPR032778,1
S08.076,IPR032815,1
C14.011,IPR001309,1
C14.011,IPR001875,1
C14.011,IPR002138,1
C14.011,IPR011029,1
C14.011,IPR015917,1
C14.011,IPR016129,1
C14.011,IPR029030,1
C14.011,IPR033139,1
S01.236,IPR001254,1
S01.236,IPR001314,1
S01.236,IPR009003,1
S01.236,IPR018114,1
S01.236,IPR033116,1
M67.A02,IPR000555,1
C19.012,IPR001394,1
C19.012,IPR001607,1
C19.012,IPR009060,1
C19.012,IPR013083,1
C19.012,IPR015940,1
C19.012,IPR016652,1
C19.012,IPR018200,1
C19.012,IPR028889,1
C19.017,IPR001394,1
C19.017,IPR016024,1
C19.017,IPR018200,1
C19.017,IPR028889,1
C19.016,IPR001394,1
C19.016,IPR002083,1
C19.016,IPR008974,1
C19.016,IPR018200,1
C19.016,IPR024729,1
C19.016,IPR028889,1
C19.016,IPR029346,1
M28.978,IPR007484,1
M28.978,IPR016574,1
C65.002,IPR003323,1
C65.002,IPR016615,1
C65.002,IPR019400,1
C65.002,IPR030299,1
C54.004,IPR005078,1
C54.004,IPR032915,1
M48.017,IPR001915,1
M67.003,IPR000555,1
M67.003,IPR015063,1
C69.004,IPR005322,1
C65.001,IPR003323,1
C65.001,IPR016615,1
C65.001,IPR019400,1
C65.001,IPR030298,1
C85.001,IPR003323,1
C85.001,IPR031084,1
S09.052,IPR029058,1
S09.052,IPR029059,1
C48.008,IPR003653,1
S33.011,IPR000073,1
S33.011,IPR000639,1
S33.011,IPR029058,1
S33.011,IPR029059,1
S33.983,IPR026764,1
S33.983,IPR029058,1
S33.983,IPR029059,1
M14.009,IPR000834,1
M14.009,IPR003146,1
M14.009,IPR009020,1
C64.006,IPR003323,1
C64.006,IPR029071,1
C19.055,IPR001394,1
C19.055,IPR018200,1
C19.055,IPR028889,1
C19.055,IPR029071,1
P02.020,IPR000203,1
P02.020,IPR000832,1
P02.020,IPR017981,1
M20.006,IPR001261,1
M20.006,IPR002933,1
M20.006,IPR011650,1
M20.006,IPR017153,1
M20.005,IPR001261,1
M20.005,IPR002933,1
M20.005,IPR011650,1
M20.005,IPR017153,1
M08.003,IPR001577,1
M38.980,IPR005920,1
M38.980,IPR006680,1
M38.980,IPR011059,1
M38.980,IPR032466,1
C19.054,IPR001394,1
C19.054,IPR003903,1
C19.054,IPR009060,1
C19.054,IPR018200,1
C19.054,IPR028889,1
M14.952,IPR000421,1
M14.952,IPR000834,1
M14.952,IPR008969,1
M14.952,IPR008979,1
M14.952,IPR014766,1
S26.A09,IPR000223,1
S26.A09,IPR015927,1
S26.A09,IPR019758,1
S26.A09,IPR019759,1
S26.A09,IPR028360,1
M41.026,IPR000642,1
M41.026,IPR003593,1
M41.026,IPR003959,1
M41.026,IPR003960,1
M41.026,IPR005936,1
M41.026,IPR027417,1
T01.011,IPR000243,1
T01.011,IPR001353,1
T01.011,IPR016050,1
T01.011,IPR023333,1
T01.011,IPR024689,1
T01.011,IPR029055,1
C56.002,IPR002818,1
C56.002,IPR006287,1
C56.002,IPR029062,1
C13.004,IPR001096,1
M10.021,IPR000585,1
M10.021,IPR001818,1
M10.021,IPR002477,1
M10.021,IPR006026,1
M10.021,IPR016293,1
M10.021,IPR018487,1
M10.021,IPR021190,1
M10.021,IPR024079,1
S33.979,IPR000073,1
S33.979,IPR022742,1
S33.979,IPR029058,1
M03.A05,IPR001567,1
M03.A05,IPR024077,1
M03.A05,IPR024079,1
M03.A05,IPR024080,1
S01.157,IPR001254,1
S01.157,IPR001314,1
S01.157,IPR009003,1
S01.157,IPR018114,1
S01.157,IPR033116,1
M12.950,IPR001590,1
M12.950,IPR001762,1
M12.950,IPR002870,1
M12.950,IPR006586,1
M12.950,IPR018358,1
M12.950,IPR024079,1
M38.978,IPR006680,1
M38.978,IPR011059,1
M38.978,IPR011778,1
M38.978,IPR030626,1
M38.978,IPR032466,1
C48.009,IPR003653,1
S01.074,IPR001254,1
S01.074,IPR001314,1
S01.074,IPR009003,1
S01.074,IPR018114,1
S01.074,IPR033116,1
C97.002,IPR008580,1
S33.981,IPR029058,1
S33.981,IPR029059,1
S33.977,IPR000073,1
S33.977,IPR000639,1
S33.977,IPR029058,1
T03.016,IPR000101,1
T03.016,IPR029055,1
M43.005,IPR000436,1
M43.005,IPR000800,1
M43.005,IPR003961,1
M43.005,IPR008754,1
M43.005,IPR011936,1
M43.005,IPR013320,1
M43.005,IPR026918,1
C19.046,IPR001394,1
C19.046,IPR018200,1
C19.046,IPR028889,1
C19.046,IPR032069,1
P02.003,IPR000152,1
P02.003,IPR000203,1
P02.003,IPR000742,1
P02.003,IPR000832,1
P02.003,IPR001740,1
P02.003,IPR001881,1
P02.003,IPR009030,1
P02.003,IPR017981,1
P02.003,IPR017983,1
P02.003,IPR018097,1
S26.022,IPR001733,1
S26.022,IPR015927,1
S26.022,IPR019756,1
S26.022,IPR019758,1
S26.022,IPR019759,1
S26.022,IPR028360,1
S01.087,IPR001190,1
S01.087,IPR001254,1
S01.087,IPR001314,1
S01.087,IPR002172,1
S01.087,IPR009003,1
S01.087,IPR017327,1
S01.087,IPR017448,1
S01.087,IPR018114,1
S01.087,IPR033116,1
M02.006,IPR001548,1
M02.006,IPR031588,1
M03.002,IPR001567,1
M03.002,IPR024077,1
M03.002,IPR024079,1
M03.002,IPR024080,1
M12.244,IPR000742,1
M12.244,IPR001590,1
M12.244,IPR001762,1
M12.244,IPR002870,1
M12.244,IPR006586,1
M12.244,IPR013032,1
M12.244,IPR018358,1
M12.244,IPR024079,1
S01.054,IPR001254,1
S01.054,IPR001314,1
S01.054,IPR009003,1
S01.054,IPR018114,1
S01.054,IPR033116,1
S79.A05,IPR001315,1
S79.A05,IPR001611,1
S79.A05,IPR004020,1
S79.A05,IPR007111,1
S79.A05,IPR011029,1
S79.A05,IPR025307,1
S79.A05,IPR027417,1
S79.A05,IPR032675,1
C01.975,IPR000668,1
C01.975,IPR001212,1
C01.975,IPR013128,1
C01.975,IPR025660,1
S01.252,IPR001254,1
S01.252,IPR001314,1
S01.252,IPR009003,1
S01.252,IPR018114,1
S01.252,IPR033116,1
C48.004,IPR003653,1
M12.214,IPR000742,1
M12.214,IPR001590,1
M12.214,IPR001762,1
M12.214,IPR002870,1
M12.214,IPR006586,1
M12.214,IPR013032,1
M12.214,IPR018358,1
M12.214,IPR024079,1
C19.057,IPR001394,1
C19.057,IPR001607,1
C19.057,IPR013083,1
C19.057,IPR018200,1
C19.057,IPR028889,1
M10.030,IPR000585,1
M10.030,IPR001818,1
M10.030,IPR002477,1
M10.030,IPR006026,1
M10.030,IPR016293,1
M10.030,IPR018487,1
M10.030,IPR021190,1
M10.030,IPR024079,1
M10.030,IPR028735,1
S01.081,IPR001254,1
S01.081,IPR001314,1
S01.081,IPR009003,1
S01.081,IPR018114,1
M12.956,IPR001590,1
M12.956,IPR001762,1
M12.956,IPR002870,1
M12.956,IPR006586,1
M12.956,IPR018358,1
M12.956,IPR024079,1
S54.009,IPR002610,1
S54.009,IPR022764,1
M10.027,IPR000585,1
M10.027,IPR001818,1
M10.027,IPR002477,1
M10.027,IPR006026,1
M10.027,IPR016293,1
M10.027,IPR018486,1
M10.027,IPR018487,1
M10.027,IPR021158,1
M10.027,IPR021190,1
M10.027,IPR024079,1
M10.027,IPR028732,1
M12.235,IPR000884,1
M12.235,IPR001590,1
M12.235,IPR002870,1
M12.235,IPR010294,1
M12.235,IPR010909,1
M12.235,IPR013273,1
M12.235,IPR024079,1
S10.003,IPR001563,1
S10.003,IPR018202,1
S10.003,IPR029058,1
C86.002,IPR003903,1
C86.002,IPR006155,1
S01.313,IPR001190,1
S01.313,IPR001254,1
S01.313,IPR001314,1
S01.313,IPR009003,1
S01.313,IPR017448,1
S01.313,IPR018114,1
S01.313,IPR033116,1
M01.014,IPR001930,1
M01.014,IPR014782,1
M01.014,IPR015211,1
M01.014,IPR015571,1
M01.014,IPR016024,1
M19.004,IPR000180,1
M19.004,IPR008257,1
M19.004,IPR028531,1
M19.004,IPR032466,1
M19.011,IPR000180,1
M19.011,IPR008257,1
M19.011,IPR028533,1
M19.011,IPR032466,1
S33.012,IPR000073,1
S33.012,IPR029058,1
C48.003,IPR003653,1
S33.978,IPR000073,1
S33.978,IPR000639,1
S33.978,IPR029058,1
T02.004,IPR000246,1
T02.004,IPR029055,1
C19.048,IPR001394,1
C19.048,IPR018200,1
C19.048,IPR028889,1
P02.011,IPR000203,1
P02.011,IPR000832,1
P02.011,IPR000922,1
P02.011,IPR001879,1
P02.011,IPR003112,1
P02.011,IPR003334,1
P02.011,IPR003924,1
P02.011,IPR015630,1
P02.011,IPR017981,1
P02.011,IPR017983,1
P02.011,IPR032471,1
M01.022,IPR001930,1
M01.022,IPR014782,1
M01.022,IPR015211,1
M01.022,IPR016024,1
S10.013,IPR001563,1
S10.013,IPR018202,1
S10.013,IPR029058,1
S68.001,IPR000488,1
S68.001,IPR000906,1
S68.001,IPR001611,1
S68.001,IPR003591,1
S68.001,IPR011029,1
S68.001,IPR019502,1
S68.001,IPR032675,1
C19.040,IPR001394,1
C19.040,IPR018200,1
C19.040,IPR028889,1
C19.040,IPR032069,1
P02.013,IPR000152,1
P02.013,IPR000203,1
P02.013,IPR000742,1
P02.013,IPR000832,1
P02.013,IPR001881,1
P02.013,IPR013032,1
P02.013,IPR017981,1
P02.013,IPR017983,1
P02.013,IPR018097,1
P02.013,IPR023413,1
P02.013,IPR032471,1
C48.007,IPR003653,1
C02.018,IPR000169,1
C02.018,IPR001300,1
C02.018,IPR022682,1
C02.018,IPR022683,1
C02.018,IPR022684,1
C02.018,IPR028791,1
P02.006,IPR000152,1
P02.006,IPR000203,1
P02.006,IPR000742,1
P02.006,IPR000832,1
P02.006,IPR001368,1
P02.006,IPR001791,1
P02.006,IPR001879,1
P02.006,IPR001881,1
P02.006,IPR002049,1
P02.006,IPR002126,1
P02.006,IPR009030,1
P02.006,IPR013032,1
P02.006,IPR013320,1
P02.006,IPR015919,1
P02.006,IPR017981,1
P02.006,IPR020894,1
P02.006,IPR032471,1
C85.005,IPR002999,1
C85.005,IPR003323,1
C85.005,IPR007235,1
M10.024,IPR000585,1
M10.024,IPR001818,1
M10.024,IPR002477,1
M10.024,IPR006026,1
M10.024,IPR016293,1
M10.024,IPR018487,1
M10.024,IPR021190,1
M10.024,IPR024079,1
M10.024,IPR028733,1
A28.002,IPR019103,1
A28.002,IPR021109,1
C67.001,IPR000938,1
C67.001,IPR001394,1
C67.001,IPR018200,1
C67.001,IPR028889,1
S28.003,IPR008758,1
S28.003,IPR029058,1
M24.026,IPR000994,1
M24.026,IPR007865,1
M24.026,IPR028980,1
M24.026,IPR029149,1
M24.009,IPR000587,1
M24.009,IPR000994,1
M24.009,IPR001131,1
M24.009,IPR028980,1
M24.009,IPR029149,1
M24.009,IPR032416,1
M10.029,IPR001818,1
M10.029,IPR006026,1
M10.029,IPR021190,1
M10.029,IPR024079,1
M10.029,IPR028736,1
C26.964,IPR004468,1
C26.964,IPR017456,1
C26.964,IPR017926,1
C26.964,IPR027417,1
C26.964,IPR029062,1
S01.028,IPR001254,1
S01.028,IPR001314,1
S01.028,IPR009003,1
S01.028,IPR018114,1
S01.034,IPR001190,1
S01.034,IPR001254,1
S01.034,IPR001314,1
S01.034,IPR002172,1
S01.034,IPR009003,1
S01.034,IPR017448,1
S01.034,IPR018114,1
S01.034,IPR033116,1
S09.062,IPR029058,1
S09.062,IPR029059,1
C78.002,IPR012462,1
C19.069,IPR001394,1
C19.069,IPR018200,1
C19.069,IPR028889,1
S54.002,IPR002610,1
S54.002,IPR017213,1
S54.002,IPR022764,1
C15.010,IPR000816,1
C15.010,IPR016125,1
C15.010,IPR029761,1
M28.016,IPR007484,1
M49.001,IPR005317,1
P02.012,IPR000152,1
P02.012,IPR000203,1
P02.012,IPR000742,1
P02.012,IPR000832,1
P02.012,IPR001791,1
P02.012,IPR001879,1
P02.012,IPR002049,1
P02.012,IPR002126,1
P02.012,IPR009030,1
P02.012,IPR013032,1
P02.012,IPR013320,1
P02.012,IPR015919,1
P02.012,IPR017981,1
P02.012,IPR020894,1
P02.012,IPR032471,1
M01.018,IPR001930,1
M01.018,IPR014782,1
M01.018,IPR024571,1
S09.987,IPR000460,1
S09.987,IPR002018,1
S09.987,IPR019819,1
S09.987,IPR029058,1
S01.189,IPR000436,1
S01.189,IPR000859,1
S01.189,IPR001254,1
S01.189,IPR001314,1
S01.189,IPR009003,1
S01.189,IPR033116,1
S01.029,IPR001254,1
S01.029,IPR001314,1
S01.029,IPR009003,1
S01.029,IPR018114,1
S01.029,IPR033116,1
M12.978,IPR000742,1
M12.978,IPR001590,1
M12.978,IPR001762,1
M12.978,IPR002870,1
M12.978,IPR006586,1
M12.978,IPR013032,1
M12.978,IPR013111,1
M12.978,IPR018358,1
M12.978,IPR024079,1
C48.002,IPR003653,1
C19.042,IPR001394,1
C19.042,IPR018200,1
C19.042,IPR028889,1
C19.059,IPR001394,1
C19.059,IPR016024,1
C19.059,IPR018200,1
C19.059,IPR028889,1
M12.021,IPR000884,1
M12.021,IPR001590,1
M12.021,IPR002870,1
M12.021,IPR010294,1
M12.021,IPR012314,1
M12.021,IPR013273,1
M12.021,IPR024079,1
C01.013,IPR000668,1
C01.013,IPR013128,1
C01.013,IPR025661,1
C01.013,IPR033157,1
C01.018,IPR000169,1
C01.018,IPR000668,1
C01.018,IPR013128,1
C01.018,IPR013201,1
C01.018,IPR025660,1
S01.257,IPR001254,1
S01.257,IPR001314,1
S01.257,IPR009003,1
S01.257,IPR018114,1
S01.257,IPR033116,1
C14.026,IPR001309,1
C14.026,IPR003598,1
C14.026,IPR003599,1
C14.026,IPR007110,1
C14.026,IPR011029,1
C14.026,IPR013783,1
C14.026,IPR029030,1
C64.004,IPR001876,1
C64.004,IPR003323,1
S33.987,IPR004142,1
S33.987,IPR029058,1
S33.987,IPR030692,1
M12.222,IPR000884,1
M12.222,IPR001590,1
M12.222,IPR002870,1
M12.222,IPR006586,1
M12.222,IPR010294,1
M12.222,IPR013273,1
M12.222,IPR013274,1
M12.222,IPR024079,1
S28.002,IPR008758,1
S28.002,IPR029058,1
C19.041,IPR001394,1
C19.041,IPR003903,1
C19.041,IPR009060,1
C19.041,IPR018200,1
C19.041,IPR028889,1
P02.001,IPR000152,1
P02.001,IPR000203,1
P02.001,IPR000742,1
P02.001,IPR000832,1
P02.001,IPR001881,1
P02.001,IPR003056,1
P02.001,IPR009030,1
P02.001,IPR017981,1
P02.001,IPR017983,1
P02.001,IPR018097,1
S01.993,IPR001254,1
S01.993,IPR001314,1
S01.993,IPR009003,1
M14.017,IPR000834,1
M14.017,IPR003146,1
M14.017,IPR009020,1
M01.011,IPR001930,1
M01.011,IPR014782,1
M01.011,IPR024571,1
T03.017,IPR000101,1
T03.017,IPR029055,1
C01.973,IPR000668,1
C01.973,IPR001212,1
C01.973,IPR013128,1
C01.973,IPR025661,1
C01.973,IPR033164,1
C19.034,IPR001394,1
C19.034,IPR018200,1
C19.034,IPR028889,1
M12.232,IPR000742,1
M12.232,IPR001590,1
M12.232,IPR001762,1
M12.232,IPR002870,1
M12.232,IPR006586,1
M12.232,IPR013032,1
M12.232,IPR018358,1
M12.232,IPR024079,1
M12.981,IPR001590,1
M12.981,IPR001762,1
M12.981,IPR002870,1
M12.981,IPR006586,1
M12.981,IPR018358,1
M12.981,IPR024079,1
M12.234,IPR001590,1
M12.234,IPR001762,1
M12.234,IPR002870,1
M12.234,IPR006586,1
M12.234,IPR013032,1
M12.234,IPR018358,1
M12.234,IPR024079,1
M12.231,IPR000884,1
M12.231,IPR001590,1
M12.231,IPR002870,1
M12.231,IPR010294,1
M12.231,IPR010909,1
M12.231,IPR013273,1
M12.231,IPR024079,1
M12.230,IPR000884,1
M12.230,IPR001590,1
M12.230,IPR002870,1
M12.230,IPR010294,1
M12.230,IPR010909,1
M12.230,IPR013273,1
M12.230,IPR024079,1
M12.224,IPR000742,1
M12.224,IPR001590,1
M12.224,IPR001762,1
M12.224,IPR002870,1
M12.224,IPR006586,1
M12.224,IPR013032,1
M12.224,IPR018358,1
M12.224,IPR024079,1
S01.307,IPR001254,1
S01.307,IPR001314,1
S01.307,IPR009003,1
S01.307,IPR018114,1
S01.307,IPR033116,1
S01.020,IPR001254,1
S01.020,IPR001314,1
S01.020,IPR009003,1
S01.020,IPR018114,1
S01.020,IPR033116,1
S01.306,IPR001254,1
S01.306,IPR001314,1
S01.306,IPR009003,1
S01.306,IPR018114,1
S01.306,IPR033116,1
M01.008,IPR001930,1
M01.008,IPR014782,1
M01.008,IPR015570,1
M01.008,IPR024571,1
S09.986,IPR002018,1
S09.986,IPR019819,1
S09.986,IPR029058,1
S01.021,IPR000082,1
S01.021,IPR001254,1
S01.021,IPR001314,1
S01.021,IPR009003,1
S01.021,IPR017329,1
S01.021,IPR018114,1
S01.021,IPR033116,1
M18.002,IPR001948,1
M18.002,IPR023358,1
S33.986,IPR004142,1
S33.986,IPR029058,1
S33.986,IPR030695,1
M10.017,IPR000585,1
M10.017,IPR001818,1
M10.017,IPR002477,1
M10.017,IPR006026,1
M10.017,IPR016293,1
M10.017,IPR018487,1
M10.017,IPR021190,1
M10.017,IPR024079,1
M10.017,IPR028726,1
C02.013,IPR000169,1
C02.013,IPR001300,1
C02.013,IPR002048,1
C02.013,IPR011992,1
C02.013,IPR018247,1
C02.013,IPR022682,1
C02.013,IPR022683,1
C02.013,IPR022684,1
C19.030,IPR001394,1
C19.030,IPR018200,1
C19.030,IPR028889,1
M12.225,IPR000884,1
M12.225,IPR001590,1
M12.225,IPR002870,1
M12.225,IPR010294,1
M12.225,IPR013273,1
M12.225,IPR013276,1
M12.225,IPR024079,1
S01.153,IPR001254,1
S01.153,IPR001314,1
S01.153,IPR009003,1
S01.153,IPR018114,1
S01.153,IPR033116,1
M28.973,IPR003137,1
M28.973,IPR007365,1
M28.973,IPR007484,1
M12.226,IPR000884,1
M12.226,IPR001590,1
M12.226,IPR002870,1
M12.226,IPR010294,1
M12.226,IPR013273,1
M12.226,IPR013277,1
M12.226,IPR024079,1
C19.035,IPR001394,1
C19.035,IPR001607,1
C19.035,IPR013083,1
C19.035,IPR018200,1
C19.035,IPR028889,1
C19.047,IPR001394,1
C19.047,IPR009060,1
C19.047,IPR015940,1
C19.047,IPR016024,1
C19.047,IPR018200,1
C19.047,IPR028889,1
C19.047,IPR029071,1
M14.028,IPR000834,1
M14.028,IPR011989,1
M14.028,IPR016024,1
M24.973,IPR000994,1
M24.973,IPR004545,1
M24.973,IPR011991,1
M24.973,IPR018349,1
M41.006,IPR000642,1
M41.006,IPR003593,1
M41.006,IPR003959,1
M41.006,IPR005936,1
M41.006,IPR011546,1
M41.006,IPR027417,1
M87.003,IPR002035,1
M87.003,IPR004727,1
M87.003,IPR013642,1
M28.011,IPR003137,1
M28.011,IPR007365,1
M28.011,IPR007484,1
M79.002,IPR003675,1
S79.001,IPR001315,1
S79.001,IPR011029,1
S79.001,IPR025307,1
C19.025,IPR001394,1
C19.025,IPR001607,1
C19.025,IPR006615,1
C19.025,IPR013083,1
C19.025,IPR018200,1
C19.025,IPR028889,1
M38.981,IPR006680,1
M38.981,IPR014311,1
M38.981,IPR032466,1
M38.979,IPR003764,1
M38.979,IPR006680,1
M38.979,IPR011059,1
M38.979,IPR032466,1
S01.017,IPR001254,1
S01.017,IPR001314,1
S01.017,IPR009003,1
S01.017,IPR018114,1
S01.017,IPR033116,1
M28.012,IPR003137,1
M28.012,IPR007365,1
M28.012,IPR007484,1
M12.957,IPR001590,1
M12.957,IPR001762,1
M12.957,IPR002870,1
M12.957,IPR006586,1
M12.957,IPR018358,1
M12.957,IPR024079,1
M98.A01,IPR029062,1
M98.A01,IPR031161,1
C19.022,IPR001394,1
C19.022,IPR006615,1
C19.022,IPR013792,1
C19.022,IPR018200,1
C19.022,IPR028135,1
C19.022,IPR028889,1
C19.022,IPR029071,1
C19.022,IPR029346,1
C54.003,IPR005078,1
C54.003,IPR032916,1
M41.007,IPR000642,1
M41.007,IPR003593,1
M41.007,IPR003959,1
M41.007,IPR003960,1
M41.007,IPR005936,1
M41.007,IPR011546,1
M41.007,IPR027417,1
S33.984,IPR000073,1
S33.984,IPR016812,1
S33.984,IPR029058,1
M24.974,IPR000994,1
M24.974,IPR013719,1
M24.974,IPR013953,1
M24.974,IPR029148,1
M24.974,IPR029149,1
S01.251,IPR001254,1
S01.251,IPR001314,1
S01.251,IPR009003,1
S01.251,IPR018114,1
S01.251,IPR033116,1
C12.005,IPR001578,1
C12.005,IPR017390,1
S01.019,IPR001254,1
S01.019,IPR002172,1
S01.019,IPR009003,1
S01.019,IPR017052,1
S01.019,IPR017448,1
S01.019,IPR020067,1
S01.019,IPR023415,1
S01.019,IPR033116,1
M10.023,IPR000585,1
M10.023,IPR001818,1
M10.023,IPR002477,1
M10.023,IPR006026,1
M10.023,IPR016293,1
M10.023,IPR018486,1
M10.023,IPR018487,1
M10.023,IPR021190,1
M10.023,IPR021805,1
M10.023,IPR024079,1
M10.023,IPR028723,1
C19.021,IPR001394,1
C19.021,IPR001607,1
C19.021,IPR013083,1
C19.021,IPR018200,1
C19.021,IPR028889,1
C19.021,IPR030849,1
S01.302,IPR000082,1
S01.302,IPR000859,1
S01.302,IPR001254,1
S01.302,IPR002172,1
S01.302,IPR009003,1
S01.302,IPR017051,1
S01.302,IPR018114,1
S01.302,IPR023415,1
S01.302,IPR033116,1
A01.041,IPR001461,1
A01.041,IPR001969,1
A01.041,IPR009119,1
A01.041,IPR009121,1
A01.041,IPR021109,1
A01.041,IPR033121,1
M28.014,IPR007484,1
P02.008,IPR000203,1
P02.008,IPR000832,1
P02.008,IPR003910,1
P02.008,IPR017981,1
M76.001,IPR019165,1
C19.026,IPR001394,1
C19.026,IPR001607,1
C19.026,IPR013083,1
C19.026,IPR018200,1
C19.026,IPR028889,1
M12.018,IPR000152,1
M12.018,IPR000742,1
M12.018,IPR000859,1
M12.018,IPR001506,1
M12.018,IPR001881,1
M12.018,IPR006026,1
M12.018,IPR013032,1
M12.018,IPR015446,1
M12.018,IPR018097,1
M12.018,IPR024079,1
S01.011,IPR001254,1
S01.011,IPR001314,1
S01.011,IPR009003,1
S01.011,IPR018114,1
S01.011,IPR033116,1
C02.971,IPR000008,1
C02.971,IPR001300,1
C02.971,IPR022682,1
C02.971,IPR022683,1
C02.971,IPR022684,1
C02.971,IPR029540,1
C02.029,IPR001300,1
C02.029,IPR007330,1
C02.029,IPR022682,1
C02.029,IPR022683,1
C02.029,IPR022684,1
