O00626,CCL22,1.000000
O00625,PIR,1.000000
P31749,AKT1,1.000000
O00622,CYR61,1.000000
P30613,PKLR,1.000000
A4D2M5,LOC154880,1.000000
Q7Z460,CLASP1,1.000000
Q86U42,PABPN1,1.000000
Q6NVV1,RPL13AP3,1.000000
O00629,KPNA4,1.000000
P20930,FLG,1.000000
P40227,CCT6A,1.000000
P40225,THPO,1.000000
P13693,TPT1,1.000000
Q9NQT6,FSCN3,1.000000
P20936,RASA1,1.000000
O15075,DCLK1,1.000000
A3KN83,SBNO1,1.000000
Q6PG47,GOLGB1,1.000000
Q86SJ6,DSG4,1.000000
Q13724,MOGS,1.000000
P84077,ARF1,1.000000
P01282-1,VIP,1.000000
Q8N5F7,NKAP,1.000000
Q9BUF5,TUBB6,1.000000
Q4GCZ4,COII,1.000000
Q96NK8,NEUROD6,1.000000
Q4VXU2,PABPC1L,1.000000
Q00537,CDK17,1.000000
Q00536,CDK16,1.000000
P51671,CCL11,1.000000
Q69YN4,KIAA1429,1.000000
Q06587,RING1,1.000000
Q9C0D6,FHDC1,1.000000
P18077,RPL35A,1.000000
P0C0S8,HIST1H2AM,1.000000
P0C0S8,HIST1H2AL,1.000000
P0C0S8,HIST1H2AG,1.000000
P0C0S8,HIST1H2AI,1.000000
P0C0S8,HIST1H2AK,1.000000
P0C0S5,H2AFZ,1.000000
Q6BEB4,SP5,1.000000
P60880,SNAP25,1.000000
P02545,LMNA,1.000000
Q16630-2,CPSF6,1.000000
P29083,GTF2E1,1.000000
P40429,RPL13A,1.000000
Q12830,BPTF,1.000000
Q13838,DDX39B,1.000000
Q9HB71,CACYBP,1.000000
P29084,GTF2E2,1.000000
Q00403,GTF2B,1.000000
Q13936,CACNA1C,1.000000
P98160,HSPG2,1.000000
P38570,ITGAE,1.000000
O00399,DCTN6,1.000000
Q9H6Q4,NARFL,1.000000
P02768,ALB,1.000000
Q7Z5Y6,BMP8A,1.000000
P05387,RPLP2,1.000000
P78347,GTF2I,1.000000
P05388,RPLP0,1.000000
P62979,RPS27A,1.000000
Q01201,RELB,1.000000
Q04323,UBXN1,1.000000
P10275,AR,1.000000
Q9NTZ6,RBM12,1.000000
P16885,PLCG2,1.000000
P21810,BGN,1.000000
O95983,MBD3,1.000000
P52272,HNRNPM,1.000000
A0AVT1,UBA6,1.000000
Q9Y2U8,LEMD3,1.000000
Q96CA5,BIRC7,1.000000
Q08188,TGM3,1.000000
Q15369,TCEB1,1.000000
Q15366,PCBP2,1.000000
Q9BVL2,NUP58,1.000000
Q15365,PCBP1,1.000000
O95292,VAPB,1.000000
Q9H814,PHAX,1.000000
P61313,RPL15,1.000000
Q9UMS0,NFU1,1.000000
P29401,TKT,1.000000
Q9UMS4,PRPF19,1.000000
Q9H0S4,DDX47,1.000000
Q9Y6G9,DYNC1LI1,1.000000
P35247,SFTPD,1.000000
P35240,NF2,1.000000
P35241,RDX,1.000000
P35249,RFC4,1.000000
P08621,SNRNP70,1.000000
Q9NVP1,DDX18,1.000000
Q6DEN2,DPYSL3,1.000000
Q96CS3,FAF2,1.000000
Q9P218,COL20A1,1.000000
P01031,C5,1.000000
P62807,HIST1H2BE,1.000000
P62807,HIST1H2BF,1.000000
P62807,HIST1H2BG,1.000000
P62807,HIST1H2BI,1.000000
P62807,HIST1H2BC,1.000000
P62805,HIST1H4C,1.000000
P62805,HIST1H4B,1.000000
P62805,HIST1H4A,1.000000
P62805,HIST4H4,1.000000
P62805,HIST1H4F,1.000000
P62805,HIST1H4E,1.000000
P62805,HIST1H4D,1.000000
P62805,HIST1H4K,1.000000
P62805,HIST1H4J,1.000000
P62805,HIST1H4I,1.000000
P62805,HIST1H4H,1.000000
P62805,HIST1H4L,1.000000
P62805,HIST2H4B,1.000000
P62805,HIST2H4A,1.000000
Q8N268,C20orf197,1.000000
Q9UKL0,RCOR1,1.000000
P17931,LGALS3,1.000000
P17936,IGFBP3,1.000000
Q9BXW9,FANCD2,1.000000
Q99880,HIST1H2BL,1.000000
Q5VVP1,SPATA31A6,1.000000
P06280,GLA,1.000000
Q9Y6E0,STK24,1.000000
P01019,AGT,1.000000
P46939,UTRN,1.000000
Q5UCC4,EMC10,1.000000
P01011,SERPINA3,1.000000
P01236,PRL,1.000000
P08514,ITGA2B,1.000000
Q13011,ECH1,1.000000
Q71DI3,HIST2H3D,1.000000
Q71DI3,HIST2H3C,1.000000
Q71DI3,HIST2H3A,1.000000
Q9H8H2,DDX31,1.000000
Q8NEM2,SHCBP1,1.000000
O75380,NDUFS6,1.000000
B0YIW6,ARCN1,1.000000
B0YIW5,ARCN1,1.000000
P52655,GTF2A1,1.000000
Q9UH03,SEPT3,1.000000
P53708,ITGA8,1.000000
A6YWD1,COX2,1.000000
O75897,SULT1C4,1.000000
P30990,NTS,1.000000
Q9Y4G6,TLN2,1.000000
Q92616,GCN1,1.000000
P23229,ITGA6,1.000000
Q14568,HSP90AA2P,1.000000
Q14005-3,IL16,1.000000
Q5JWW0,DKFZp566L241,1.000000
Q14562,DHX8,1.000000
Q8WYB5,KAT6B,1.000000
O60763,USO1,1.000000
Q14566,MCM6,1.000000
P62714,PPP2CB,1.000000
P18075,BMP7,1.000000
P24001,IL32,1.000000
O75940,SMNDC1,1.000000
Q15185,PTGES3,1.000000
P53384,NUBP1,1.000000
O75944,ACON,1.000000
Q66K74,MAP1S,1.000000
P17844,DDX5,1.000000
Q6YHK3,CD109,1.000000
Q9NRH3,TUBG2,1.000000
Q9NPF4,OSGEP,1.000000
Q9NPF5,DMAP1,1.000000
Q9NYG1,CALD1,1.000000
Q92841-4,DDX17,1.000000
Q99558,MAP3K14,1.000000
P41214,EIF2D,1.000000
O94906,PRPF6,1.000000
Q2TAY7,SMU1,1.000000
Q13309,SKP2,1.000000
Q8NFC6,BOD1L1,1.000000
Q92522,H1FX,1.000000
Q13126,MTAP,1.000000
P11388,TOP2A,1.000000
O43242,PSMD3,1.000000
Q13033,STRN3,1.000000
Q13123,IK,1.000000
O43247,TEX33,1.000000
P63172,DYNLT1,1.000000
Q9UPN3,MACF1,1.000000
Q9H4P4,RNF41,1.000000
Q9UPN4,CEP131,1.000000
Q9UPN7,PPP6R1,1.000000
P28827,PTPRM,1.000000
Q562R1,ACTBL2,1.000000
Q9Y3Y2,CHTOP,1.000000
Q96Q89,KIF20B,1.000000
Q14103,HNRNPD,1.000000
A6NHL2,TUBAL3,1.000000
Q9HAP2,MLXIP,1.000000
Q96HA1,POM121,1.000000
P16152,CBR1,1.000000
Q9UNX3,RPL26L1,1.000000
P16157,ANK1,1.000000
Q9UNX4,WDR3,1.000000
Q9ULX6,AKAP8L,1.000000
P15927,RPA2,1.000000
P04626,ERBB2,1.000000
Q6FH10,DCN,1.000000
P54762,EPHB1,1.000000
Q5VZL5,ZMYM4,1.000000
Q00987,MDM2,1.000000
Q13751,LAMB3,1.000000
A5YKK6,CNOT1,1.000000
B2XPS3,COX2,1.000000
O75367,H2AFY,1.000000
Q9BWU0,SLC4A1AP,1.000000
P26640,VARS,1.000000
P26641,EEF1G,1.000000
Q13233,MAP3K1,1.000000
O75368,SH3BGRL,1.000000
O75369,FLNB,1.000000
P60709,ACTB,1.000000
Q6P2I3,FAHD2B,1.000000
P10915,HAPLN1,1.000000
O14787,TNPO2,1.000000
O14788,TNFSF11,1.000000
Q9BY44,EIF2A,1.000000
Q6NWY9,PRPF40B,1.000000
P59910,DNAJB13,1.000000
P22612,PRKACG,1.000000
Q8WUF5,PPP1R13L,1.000000
Q9BZQ8,FAM129A,1.000000
Q96BT7,ALKBH8,1.000000
Q6UN15,FIP1L1,1.000000
Q13347,EIF3I,1.000000
P12644,BMP4,1.000000
P23582,NPPC,1.000000
O00244,ATOX1,1.000000
P23588,EIF4B,1.000000
P49418,AMPH,1.000000
P49419,ALDH7A1,1.000000
Q6PL24,TMED8,1.000000
P21980,TGM2,1.000000
P63146,UBE2B,1.000000
P15692,VEGFA,1.000000
P62495,ETF1,1.000000
Q9NYU2,UGGT1,1.000000
Q9Y2H0,DLGAP4,1.000000
Q16270,IGFBP7,1.000000
P55145,MANF,1.000000
P50395,GDI2,1.000000
Q14222,EEF1A,1.000000
P49773,HINT1,1.000000
Q13642,FHL1,1.000000
Q9Y5A9,YTHDF2,1.000000
P25205,MCM3,1.000000
Q16186,ADRM1,1.000000
P62140,PPP1CB,1.000000
O15523,DDX3Y,1.000000
Q16181,SEPT7,1.000000
P12429,ANXA3,1.000000
Q9BTD8,RBM42,1.000000
Q96MU7,YTHDC1,1.000000
Q03001-8,DST,1.000000
Q8IWI9,MGA,1.000000
Q92688,ANP32B,1.000000
Q7Z478,DHX29,1.000000
Q9BX40,LSM14B,1.000000
Q6ZRV2,FAM83H,1.000000
P29622,SERPINA4,1.000000
Q96CN7,ISOC1,1.000000
Q9NVM6,DNAJC17,1.000000
Q5RKV6,EXOSC6,1.000000
P06703,S100A6,1.000000
P60896,SHFM1,1.000000
P48556,PSMD8,1.000000
P10646,TFPI,1.000000
O15066,KIF3B,1.000000
O95747,OXSR1,1.000000
P07093,SERPINE2,1.000000
P00451,F8,1.000000
Q9NZM5,GLTSCR2,1.000000
Q9NZM4,GLTSCR1,1.000000
P16422,EPCAM,1.000000
Q01968,OCRL,1.000000
Q6VIG7,COX2,1.000000
Q08380,LGALS3BP,1.000000
Q9NW68,BSDC1,1.000000
Q96J92,WNK4,1.000000
Q8N5G0,SMIM20,1.000000
Q96D71,REPS1,1.000000
Q9BWI9,OTUB2,1.000000
P05067,APP,1.000000
Q96RE7,NACC1,1.000000
Q9UNF1,MAGED2,1.000000
P05060,CHGB,1.000000
Q06609,RAD51,1.000000
Q9Y3T6,R3HCC1,1.000000
Q65ZQ3,D10S102,1.000000
Q6FHX6,FEN1,1.000000
Q9NQS8,RPS3,1.000000
Q9Y295,DRG1,1.000000
O95243,MBD4,1.000000
Q9BY32-2,ITPA,1.000000
Q13823,GNL2,1.000000
P17066,HSPA6,1.000000
P49959,MRE11A,1.000000
Q01804,OTUD4,1.000000
Q01814,ATP2B2,1.000000
P49790,NUP153,1.000000
Q01813,PFKP,1.000000
P49792,RANBP2,1.000000
P56545,CTBP2,1.000000
Q9BZZ5-4,API5,1.000000
Q9Y2Z0,SUGT1,1.000000
P29274,ADORA2A,1.000000
P51116,FXR2,1.000000
Q00341,HDLBP,1.000000
Q00610,CLTC,1.000000
Q9H7L9,SUDS3,1.000000
P35070,BTC,1.000000
O95336,PGLS,1.000000
O60814,HIST1H2BK,1.000000
O60812,HNRNPCL1,1.000000
P67775,PPP2CA,1.000000
P09493,TPM1,1.000000
P09496,CLTA,1.000000
P09497,CLTB,1.000000
O15247,CLIC2,1.000000
Q9UL60,HSSG1,1.000000
Q96T76,MMS19,1.000000
Q96T73,TMPRSS2,1.000000
Q15370,TCEB2,1.000000
Q9P0L0,VAPA,1.000000
Q12996,CSTF3,1.000000
Q8TEA8,DTD1,1.000000
Q9Y617,PSAT1,1.000000
Q969T9,WBP2,1.000000
P07476,IVL,1.000000
Q9Y613,FHOD1,1.000000
Q08752,PPID,1.000000
P01138,NGF,1.000000
Q01105,SET,1.000000
P35250,RFC2,1.000000
Q08170,SRSF4,1.000000
Q96HN2,AHCYL2,1.000000
P01130,LDLR,1.000000
P01133,EGF,1.000000
Q92733,PRCC,1.000000
Q92734,TFG,1.000000
Q9H773,DCTPP1,1.000000
P32926,DSG3,1.000000
P43026,GDF5,1.000000
A6Z3M5,COX2,1.000000
Q9UIA9,XPO7,1.000000
P18669,PGAM1,1.000000
P05386,RPLP1,1.000000
Q5M7Z5,GRHPR,1.000000
O00506,STK25,1.000000
P16989,YBX3,1.000000
P53618,COPB1,1.000000
Q9C0E2,XPO4,1.000000
Q9UKM9,RALY,1.000000
Q9UMN6,KMT2B,1.000000
Q9BXP5,SRRT,1.000000
Q9Y6D0,SELK,1.000000
P01009,SERPINA1,1.000000
P01008,SERPINC1,1.000000
Q9Y6D6,ARFGEF1,1.000000
P08708,RPS17,1.000000
Q01581,HMGCS1,1.000000
P53597,SUCLG1,1.000000
P29692,EEF1D,1.000000
P78344,EIF4G2,1.000000
Q9BZD3,GCOM2,1.000000
Q9Y5L4,TIMM13,1.000000
Q99856,ARID3A,1.000000
Q13009,TIAM1,1.000000
Q5U5J2,CSNK2A1,1.000000
O75390,CS,1.000000
Q92608,DOCK2,1.000000
O75396,SEC22B,1.000000
P35499,SCN4A,1.000000
Q8IVD9,NUDCD3,1.000000
P10074,ZBTB48,1.000000
O75888,TNFSF13,1.000000
O75886,STAM2,1.000000
Q99075,HBEGF,1.000000
Q9BSJ8,ESYT1,1.000000
P35659,DEK,1.000000
P35658,NUP214,1.000000
P62701,RPS4X,1.000000
Q99988,GDF15,1.000000
P15502,ELN,1.000000
P18065,IGFBP2,1.000000
P27694,RPA1,1.000000
P27695,APEX1,1.000000
Q7Z5J8,ANKAR,1.000000
P46013,MKI67,1.000000
P17858,PFKL,1.000000
Q9UJ70,NAGK,1.000000
Q9H7Z3,NRDE2,1.000000
Q08378,GOLGA3,1.000000
P00441,SOD1,1.000000
Q9NYF3,FAM53C,1.000000
O75083,WDR1,1.000000
Q96PK6,RBM14,1.000000
Q09028,RBBP4,1.000000
Q9NYF8,BCLAF1,1.000000
Q9B2U8,COX2,1.000000
Q9BY67,CADM1,1.000000
P58876,HIST1H2BD,1.000000
Q96RD9,FCRL5,1.000000
Q15149-4,PLEC,1.000000
P14174,MIF,1.000000
P53602,MVD,1.000000
O76021,RSL1D1,1.000000
P54886,ALDH18A1,1.000000
Q5T1J5,CHCHD2P9,1.000000
Q13136,PPFIA1,1.000000
Q99217,AMELX,1.000000
Q15149-8,PLEC,1.000000
Q15149-9,PLEC,1.000000
Q14134,TRIM29,1.000000
Q8WVV9,HNRNPLL,1.000000
P62633,CNBP,1.000000
P23368,ME2,1.000000
P46783,RPS10,1.000000
P46782,RPS5,1.000000
P46781,RPS9,1.000000
P29965,CD40LG,1.000000
O43293,DAPK3,1.000000
P61956,SUMO2,1.000000
Q68D10,SPTY2D1,1.000000
O43432,EIF4G3,1.000000
Q9UEE9,CFDP1,1.000000
Q6FH53,EDN1,1.000000
P04632,CAPNS1,1.000000
P04637,TP53,1.000000
A6NMY6,ANXA2P2,1.000000
O75179,ANKRD17,1.000000
Q99459,CDC5L,1.000000
Q8TD19,NEK9,1.000000
Q14847,LASP1,1.000000
Q5TBB1,RNASEH2B,1.000000
Q9BWT3,PAPOLG,1.000000
Q7Z6Z7,HUWE1,1.000000
B2RXH8,HNRNPCL2,1.000000
O00408,PDE2A,1.000000
A7LDC6,COX2,1.000000
Q16512,PKN1,1.000000
Q16513,PKN2,1.000000
Q8TCU6,PREX1,1.000000
Q14004,CDK13,1.000000
Q5SAP1,COX2,1.000000
Q14008,CKAP5,1.000000
Q6P2H3,CEP85,1.000000
P35579-2,MYH9,1.000000
Q9H3P2,NELFA,1.000000
Q6P2H7,DYNC1H1,1.000000
P49747,COMP,1.000000
Q9BUV8,C20orf24,1.000000
P40939,HADHA,1.000000
P36915,GNL1,1.000000
Q5VXV3,SET,1.000000
P40937,RFC5,1.000000
Q96F63,CCDC97,1.000000
P35579,MYH9,1.000000
Q8WUA2,PPIL4,1.000000
Q8WUA4,GTF3C2,1.000000
P31943,HNRNPH1,1.000000
P31942,HNRNPH3,1.000000
Q9Y4D8-4,HECTD4,1.000000
P31947,SFN,1.000000
P31946,YWHAB,1.000000
P31949,S100A11,1.000000
P31948,STIP1,1.000000
Q8IZJ1,UNC5B,1.000000
P61604,HSPE1,1.000000
Q53S24,PTMAP7,1.000000
A6ZF47,COX2,1.000000
P63151,PPP2R2A,1.000000
Q96MF2,STAC3,1.000000
Q14917,SPTAN1,1.000000
P49585,PCYT1A,1.000000
Q7L4I2,RSRC2,1.000000
Q9UJU6,DBNL,1.000000
P60953,CDC42,1.000000
Q96MT7,CFAP44,1.000000
Q12772,SREBF2,1.000000
P06454,PTMA,1.000000
P61421,ATP6V0D1,1.000000
Q4EZD4,COX2,1.000000
O14686,KMT2D,1.000000
Q8IUL8,CILP2,1.000000
O15534,PER1,1.000000
O15530,PDPK1,1.000000
Q16643,DBN1,1.000000
Q9H6A9,PCNXL3,1.000000
P16189,HLA-A,1.000000
O95625,ZBTB11,1.000000
P38606,ATP6V1A,1.000000
O60610-2,DIAPH1,1.000000
Q8WWZ7,ABCA5,1.000000
Q9UPQ9,TNRC6B,1.000000
Q7Z2T5,TRMT1L,1.000000
Q9H0C8,ILKAP,1.000000
Q7L2H7,EIF3M,1.000000
Q03426,MVK,1.000000
Q9BPX3,NCAPG,1.000000
Q99590,SCAF11,1.000000
Q9H0C2,SLC25A31,1.000000
Q5VWN6,FAM208B,1.000000
P62424,RPL7A,1.000000
O75431,MTX2,1.000000
Q13748,TUBA3C,1.000000
Q13748,TUBA3D,1.000000
Q9H6S0,YTHDC2,1.000000
Q9NQZ2,UTP3,1.000000
Q01955,COL4A3,1.000000
O95757,HSPA4L,1.000000
O95750,FGF19,1.000000
P21333,FLNA,1.000000
Q9Y5X2,SNX8,1.000000
P55103,INHBC,1.000000
Q05586,GRIN1,1.000000
Q96E39,RBMXL1,1.000000
P30566,ADSL,1.000000
Q0G847,HMBS,1.000000
Q8NHV4,NEDD1,1.000000
Q8NCE0,TSEN2,1.000000
Q9C0J8,WDR33,1.000000
P38159,RBMX,1.000000
P0C7P4,UQCRFS1P1,1.000000
Q5TAT6,COL13A1,1.000000
P51617,IRAK1,1.000000
P01127,PDGFB,1.000000
Q9Y281,CFL2,1.000000
Q5T4S7,UBR4,1.000000
Q9Y285,FARSA,1.000000
Q9Y287,ITM2B,1.000000
O00267,SUPT5H,1.000000
O00264,PGRMC1,1.000000
Q9UJV9,DDX41,1.000000
O75170,PPP6R2,1.000000
P08865,RPSA,1.000000
O95264,HTR3B,1.000000
Q5IRN4,MEF2D/DAZAP1fusion,1.000000
Q96IZ7,RSRC1,1.000000
Q96IZ0,PAWR,1.000000
O75822,EIF3J,1.000000
Q9NQ55,PPAN,1.000000
P13611-2,VCAN,1.000000
Q01826,SATB1,1.000000
P11226,MBL2,1.000000
Q86UK7,ZNF598,1.000000
P13010,XRCC5,1.000000
Q5T200,ZC3H13,1.000000
Q9NRX4,PHPT1,1.000000
P78362,SRPK2,1.000000
P78363,ABCA4,1.000000
P78364,PHC1,1.000000
P78365,HPH2,1.000000
Q5QJ38,TCHHL1,1.000000
Q9Y2W1,THRAP3,1.000000
Q9Y2W2,WBP11,1.000000
Q9BVJ6,UTP14A,1.000000
O95347,SMC2,1.000000
Q9Y2W7,KCNIP3,1.000000
P05120,SERPINB2,1.000000
P09486,SPARC,1.000000
P10451,SPP1,1.000000
O95180,CACNA1H,1.000000
Q03701,CEBPZ,1.000000
Q12982,BNIP2,1.000000
P38398,BRCA1,1.000000
Q6NXR8,RPS3A,1.000000
P52926,HMGA2,1.000000
P42167,TMPO,1.000000
P57737,CORO7,1.000000
Q99729-3,HNRNPAB,1.000000
Q12906,ILF3,1.000000
Q9Y421,FAM32A,1.000000
Q9Y3I0,RTCB,1.000000
A7LF11,COX2,1.000000
P62829,RPL23,1.000000
Q4EYL1,COX2,1.000000
Q9UKL3,CASP8AP2,1.000000
Q86US8,SMG6,1.000000
P62820,RAB1A,1.000000
Q9NVV0,TMEM38B,1.000000
Q5XPI4,RNF123,1.000000
P62826,RAN,1.000000
P83369,LSM11,1.000000
O00515,LAD1,1.000000
P20916,MAG,1.000000
Q7YCE6,COX2,1.000000
A0S0W7,COX2,1.000000
P51858,HDGF,1.000000
Q9Y4W2,LAS1L,1.000000
P18583,SON,1.000000
P01583,IL1A,1.000000
O95980,RECK,1.000000
P17661,DES,1.000000
Q93034,CUL5,1.000000
G3V1A6,GSDMD,1.000000
P02747,C1QC,1.000000
P02746,C1QB,1.000000
P02745,C1QA,1.000000
P47756,CAPZB,1.000000
O95299,NDUFA10,1.000000
P02749,APOH,1.000000
P01033,TIMP1,1.000000
P01034,CST3,1.000000
O15347,HMGB3,1.000000
Q9BZE4,GTPBP4,1.000000
P01210,PENK,1.000000
P01213,PDYN,1.000000
P08047,SP1,1.000000
Q92615,LARP4B,1.000000
Q99848,EBNA1BP2,1.000000
Q9H501,ESF1,1.000000
Q99661,KIF2C,1.000000
Q13487,SNAPC2,1.000000
P24468,NR2F2,1.000000
Q7Z6I6,ARHGAP30,1.000000
P43490,NAMPT,1.000000
P62736,ACTA2,1.000000
O60701,UGDH,1.000000
Q9UH65,SWAP70,1.000000
Q9Y6I3,EPN1,1.000000
Q8TE73,DNAH5,1.000000
Q9Y6I9,TEX264,1.000000
Q9P1Y6,PHRF1,1.000000
Q9H987,SYNPO2L,1.000000
P46060,RANGAP1,1.000000
O00505,KPNA3,1.000000
P68400,CSNK2A1,1.000000
P00450,CP,1.000000
P68402,PAFAH1B2,1.000000
Q9BSG0,PRADC1,1.000000
Q9UHD9,UBQLN2,1.000000
P42766,RPL35,1.000000
P22087,FBL,1.000000
P68371,TUBB4B,1.000000
Q5T3I0,GPATCH4,1.000000
Q9UHD1,CHORDC1,1.000000
Q8N3A8,PARP8,1.000000
P04818,TYMS,1.000000
A0S3T1,COX2,1.000000
P33151,CDH5,1.000000
P22061,PCMT1,1.000000
P61960,UFM1,1.000000
Q14126,DSG2,1.000000
Q9UI14,RABAC1,1.000000
Q9UI10,EIF2B4,1.000000
P50991,CCT4,1.000000
P24666,ACP1,1.000000
P17480,UBTF,1.000000
O14929,HAT1,1.000000
Q8TEX9,IPO4,1.000000
Q9GZS3,WDR61,1.000000
P43146,DCC,1.000000
Q9H4D0,CLSTN2,1.000000
Q14651,PLS1,1.000000
Q96HC4,PDLIM5,1.000000
O95433,AHSA1,1.000000
P07864,LDHC,1.000000
Q99873,PRMT1,1.000000
P49327,FASN,1.000000
O43684,BUB3,1.000000
P49321,NASP,1.000000
Q6FH49,NNMT,1.000000
Q5JTJ3,COA6,1.000000
P22792,CPN2,1.000000
O75340,PDCD6,1.000000
Q5VTB9,RNF220,1.000000
Q4F4V6,COX2,1.000000
P14618,PKM,1.000000
O75347,TBCA,1.000000
Q05655,PRKCD,1.000000
Q6P597,KLC3,1.000000
P63010,AP2B1,1.000000
Q3L8U1,CHD9,1.000000
P42166,TMPO,1.000000
Q14011,CIRBP,1.000000
Q9UDR5,AASS,1.000000
P20839,IMPDH1,1.000000
Q6AZE3,CAST,1.000000
P40925,MDH1,1.000000
P40926,MDH2,1.000000
Q9NY61,AATF,1.000000
Q9BYJ9,YTHDF1,1.000000
Q9NY65,TUBA8,1.000000
Q6FI13,HIST2H2AA3,1.000000
Q6FI13,HIST2H2AA4,1.000000
Q9GZS1,POLR1E,1.000000
O95502,NPTXR,1.000000
O14920,IKBKB,1.000000
Q9ULZ1,APLN,1.000000
Q9ULZ3,PYCARD,1.000000
Q13363,CTBP1,1.000000
Q86YS7,C2CD5,1.000000
Q9UHJ3,SFMBT1,1.000000
P80723,BASP1,1.000000
Q99536,VAT1,1.000000
Q8N1G4,LRRC47,1.000000
P23560,BDNF,1.000000
P12259,F5,1.000000
Q96RS0,TGS1,1.000000
P41091,EIF2S3,1.000000
O60232,SSSCA1,1.000000
Q9UNZ5,C19orf53,1.000000
O60231,DHX16,1.000000
Q12906-4,ILF3,1.000000
Q9BQE3,TUBA1C,1.000000
P80297,MT1X,1.000000
Q96KK5,HIST1H2AH,1.000000
Q6PEY2,TUBA3E,1.000000
P60520,GABARAPL2,1.000000
Q8N1G1,REXO1,1.000000
O95613,PCNT,1.000000
P19525,EIF2AK2,1.000000
Q9ULH7,MKL2,1.000000
Q9UHX1,PUF60,1.000000
P05111,INHA,1.000000
Q9UNZ2,NSFL1C,1.000000
Q15691,MAPRE1,1.000000
P48059,LIMS1,1.000000
P48058,GRIA4,1.000000
P03372,ESR1,1.000000
Q16891,IMMT,1.000000
A8K7Q2,HSPA8,1.000000
A0A4Z1,CADM1,1.000000
Q9UPP1,PHF8,1.000000
P13489,RNH1,1.000000
Q5T0Z8,C6orf132,1.000000
Q63HN8,RNF213,1.000000
Q13753,LAMC2,1.000000
Q14839,CHD4,1.000000
P25325,MPST,1.000000
Q5UIP0,RIF1,1.000000
Q14833,GRM4,1.000000
O95760,IL33,1.000000
O14744,PRMT5,1.000000
Q7L2J0,MEPCE,1.000000
P39023,RPL3,1.000000
P13804,ETFA,1.000000
Q9UII2,ATPIF1,1.000000
P01857,IGHG1,1.000000
P15259,PGAM2,1.000000
Q14563,SEMA3A,1.000000
Q7Z3K9,DKFZp781L0540,1.000000
Q53GQ0,HSD17B12,1.000000
Q09U41,COX2,1.000000
Q96GA3,LTV1,1.000000
P10599,TXN,1.000000
O60499,STX10,1.000000
P31150,GDI1,1.000000
P83881,RPL36A,1.000000
P31153,MAT2A,1.000000
P15514,AREG,1.000000
P48444,ARCN1,1.000000
Q86V48,LUZP1,1.000000
Q99878,HIST1H2AJ,1.000000
Q15233,NONO,1.000000
P48681,NES,1.000000
P16860,NPPB,1.000000
Q5JTH9,RRP12,1.000000
O00186,STXBP3,1.000000
P55290,CDH13,1.000000
Q8N8I6,LINC00482,1.000000
P18124,RPL7,1.000000
Q96C01,FAM136A,1.000000
Q9P2P6,STARD9,1.000000
Q13685,AAMP,1.000000
Q13683,ITGA7,1.000000
Q01831,XPC,1.000000
Q12888,TP53BP1,1.000000
Q9BQ39,DDX50,1.000000
Q07666,KHDRBS1,1.000000
P62942,FKBP1A,1.000000
Q15181,PPA1,1.000000
Q9NRY5,FAM114A2,1.000000
Q9NRY4,ARHGAP35,1.000000
O60831,PRAF2,1.000000
O60832,DKC1,1.000000
P33993-3,MCM7,1.000000
Q5JTZ9,AARS2,1.000000
Q92994,BRF1,1.000000
Q9BV44,THUMPD3,1.000000
Q9UQ35,SRRM2,1.000000
Q92997,DVL3,1.000000
O00458,IFRD1,1.000000
Q9Y2V2,CARHSP1,1.000000
P16619,CCL3L3,1.000000
P16619,CCL3L1,1.000000
Q58FG0,HSP90AA5P,1.000000
Q05397-1,PTK2,1.000000
Q96CB8,INTS12,1.000000
Q9P2B2,PTGFRN,1.000000
Q9Y383,LUC7L2,1.000000
Q9UL42,PNMA2,1.000000
Q96T17,MAP7D2,1.000000
Q9UL40,ZNF346,1.000000
Q9BRS2,RIOK1,1.000000
P57721,PCBP3,1.000000
Q12972,PPP1R8,1.000000
P29320,EPHA3,1.000000
B2YKU2,COX2,1.000000
P57053,H2BFS,1.000000
P02649,APOE,1.000000
P57055,RIPPLY3,1.000000
Q04695,KRT17,1.000000
Q9UHF0,TAC3,1.000000
O75400,PRPF40A,1.000000
P02647,APOA1,1.000000
Q92841-1,DDX17,1.000000
Q9BXR0,QTRT1,1.000000
Q9H8Y8,GORASP2,1.000000
P04350,TUBB4A,1.000000
Q5T0F9,CC2D1B,1.000000
P20794,MAK,1.000000
O95999,BCL10,1.000000
P01024,C3,1.000000
P01023,A2M,1.000000
P00519,ABL1,1.000000
Q8IVT5,KSR1,1.000000
P53990,IST1,1.000000
P53992,SEC24C,1.000000
P51825,AFF1,1.000000
Q6P1R4,DUS1L,1.000000
P08729,KRT7,1.000000
P02458-1,COL2A1,1.000000
Q9Y253,POLH,1.000000
P78371,CCT2,1.000000
Q9Y251,HPSE,1.000000
P17342,NPR3,1.000000
O43903,GAS2,1.000000
Q13790,APOF,1.000000
Q9UKY7,CDV3,1.000000
Q96QR8,PURB,1.000000
Q8IX01,SUGP2,1.000000
Q99832,CCT7,1.000000
Q9BXL7,CARD11,1.000000
Q9H8G2,CAAP1,1.000000
Q9Y6H5,SNCAIP,1.000000
Q969K3,RNF34,1.000000
Q9Y6H1,CHCHD2,1.000000
Q8TAQ2,SMARCC2,1.000000
P78559,MAP1A,1.000000
O60716,CTNND1,1.000000
P43487,RANBP1,1.000000
P78556,CCL20,1.000000
Q16656,NRF1,1.000000
Q14333,FSHD,1.000000
Q07864,POLE,1.000000
Q14331,FRG1,1.000000
P22102,GART,1.000000
P35637,FUS,1.000000
Q6KC79,NIPBL,1.000000
Q92974,ARHGEF2,1.000000
Q92973,TNPO1,1.000000
P43004,SLC1A2,1.000000
Q5T7B8,KIF24,1.000000
Q8WVF2,UCMA,1.000000
Q9H2P9,DPH5,1.000000
P54577,YARS,1.000000
P22090,RPS4Y1,1.000000
P68366,TUBA4A,1.000000
P04233-1,CD74,1.000000
P68363,TUBA1B,1.000000
Q99941,ATF6B,1.000000
Q8N3F8,MICALL1,1.000000
P50851,LRBA,1.000000
O75995,SASH3,1.000000
Q9H361,PABPC3,1.000000
Q9NVU7,SDAD1,1.000000
Q92576,PHF3,1.000000
P27816,MAP4,1.000000
Q6NZ59,ATP5J,1.000000
P52758,HRSP12,1.000000
P61970,NUTF2,1.000000
Q6IS14,EIF5AL1,1.000000
P20073,ANXA7,1.000000
P61978,HNRNPK,1.000000
P10124,SRGN,1.000000
Q9UI26,IPO11,1.000000
P52756,RBM5,1.000000
Q8N831,TSPYL6,1.000000
Q05397,PTK2,1.000000
Q8TEY5,CREB3L4,1.000000
Q9P265,DIP2B,1.000000
Q14247,CTTN,1.000000
Q14242,SELPLG,1.000000
Q14240,EIF4A2,1.000000
Q14241,TCEB3,1.000000
Q8IWX8,CHERP,1.000000
O94822,LTN1,1.000000
P24928,POLR2A,1.000000
Q8IU99,CALHM1,1.000000
O94826,TOMM70A,1.000000
P57077,MAP3K7CL,1.000000
Q8WU90,ZC3H15,1.000000
P06213-1,INSR,1.000000
Q13202,DUSP8,1.000000
Q8N6P7,IL22RA1,1.000000
Q13200,PSMD2,1.000000
Q17R51,GRIA3,1.000000
O75190,DNAJB6,1.000000
P52294,KPNA1,1.000000
P52292,KPNA2,1.000000
Q96LT9,RNPC3,1.000000
P63000,RAC1,1.000000
O75351,VPS4B,1.000000
P58215,LOXL3,1.000000
Q4F6A2,COX2,1.000000
Q8N163,CCAR2,1.000000
Q5XRW8,COX2,1.000000
P07988,SFTPB,1.000000
Q14061,COX17,1.000000
Q96NB3,ZNF830,1.000000
Q15758,SLC1A5,1.000000
Q9BQ61,C19orf43,1.000000
Q68E03,DKFZp686L22104,1.000000
Q14CB8,ARHGAP19,1.000000
Q15751,HERC1,1.000000
P20800,EDN2,1.000000
Q9GZR7,DDX24,1.000000
Q85KS0,COX2,1.000000
Q9NWB6,ARGLU1,1.000000
Q9GZR2,REXO4,1.000000
P62280,RPS11,1.000000
P67809,YBX1,1.000000
P62913,RPL11,1.000000
Q12879,GRIN2A,1.000000
Q9UHI6,DDX20,1.000000
Q99543,DNAJC2,1.000000
Q4GQP0,COII,1.000000
Q9NR22,PRMT8,1.000000
Q3ZAQ7,VMA21,1.000000
O75794,CDC123,1.000000
Q9NRX1,PNO1,1.000000
Q14669,TRIP12,1.000000
Q9ULW3,ABT1,1.000000
Q9ULW0,TPX2,1.000000
Q10571,MN1,1.000000
Q16222,UAP1,1.000000
Q6WKZ4,RAB11FIP1,1.000000
O00548,DLL1,1.000000
O14579-2,COPE,1.000000
O95602,POLR1A,1.000000
Q12797,ASPH,1.000000
Q12792,TWF1,1.000000
Q02878,RPL6,1.000000
O94776,MTA2,1.000000
Q12791,KCNMA1,1.000000
P48061,CXCL12,1.000000
P67936,TPM4,1.000000
P09917,ALOX5,1.000000
Q9HCE1,MOV10,1.000000
P62191,PSMC1,1.000000
O00422,SAP18,1.000000
Q9NX24,NHP2,1.000000
P62195,PSMC5,1.000000
O15511,ARPC5,1.000000
Q02156,PRKCE,1.000000
P11413,G6PD,1.000000
Q9BUT1,BDH2,1.000000
P63220,RPS21,1.000000
P11142,HSPA8,1.000000
Q9UPW0,FOXJ3,1.000000
O60763-2,USO1,1.000000
Q96KR1,ZFR,1.000000
Q96EK5,KIF1BP,1.000000
Q96K17,BTF3L4,1.000000
P50502,ST13,1.000000
Q9BX70,BTBD2,1.000000
A6NHG4,DDTL,1.000000
Q9NZH6,IL37,1.000000
Q96GK7,FAHD2A,1.000000
Q5XJ04,HMGCS1,1.000000
Q13765,NACA,1.000000
P19957,PI3,1.000000
O14776,TCERG1,1.000000
P61088,UBE2N,1.000000
Q13564,NAE1,1.000000
P61081,UBE2M,1.000000
Q13561,DCTN2,1.000000
P62266,RPS23,1.000000
Q547U9,NR2A,1.000000
P85037,FOXK1,1.000000
P62263,RPS14,1.000000
O15056,SYNJ2,1.000000
Q3BDU5,LMNA,1.000000
P62269,RPS18,1.000000
O14745,SLC9A3R1,1.000000
O60488,ACSL4,1.000000
P78316,NOP14,1.000000
O00203,AP3B1,1.000000
Q9GZV9,FGF23,1.000000
Q8TDJ5,TFG/ALKfusion,1.000000
Q8WTS6,SETD7,1.000000
Q6UX04,CWC27,1.000000
P08887,IL6R,1.000000
O00193,SMAP,1.000000
Q08945,SSRP1,1.000000
P07199,CENPB,1.000000
Q19MP7,COX2,1.000000
Q96C36,PYCR2,1.000000
Q6NS38,ALKBH2,1.000000
Q6IAW5,CALU,1.000000
Q6NS35,EEF1A1,1.000000
P07195,LDHB,1.000000
P07197,NEFM,1.000000
Q5TCX8,MLK4,1.000000
Q6I9S7,CXCL5,1.000000
Q9BTT0,ANP32E,1.000000
Q6PID9,ACAN,1.000000
Q71U36,TUBA1A,1.000000
P05108,CYP11A1,1.000000
O00442,RTCA,1.000000
Q9Y394,DHRS7,1.000000
Q96T21,SECISBP2,1.000000
O60829,PAGE4,1.000000
O60828,PQBP1,1.000000
B2RPK0,HMGB1P1,1.000000
Q9BT78,COPS4,1.000000
P05106,ITGB3,1.000000
P05107,ITGB2,1.000000
P37840,SNCA,1.000000
Q9Y625,GPC6,1.000000
Q9Y624,F11R,1.000000
Q16627,CCL14,1.000000
O95166,GABARAP,1.000000
P06132,UROD,1.000000
Q9NTJ3,SMC4,1.000000
Q9BV79,MECR,1.000000
Q5JVS0,HABP4,1.000000
Q6FI81,CIAPIN1,1.000000
P00491,PNP,1.000000
P18858,LIG1,1.000000
Q12968,NFATC3,1.000000
Q00577,PURA,1.000000
Q9BRP8,PYM1,1.000000
Q9BRD0,BUD13,1.000000
Q9NXV6,CDKN2AIP,1.000000
P13639,EEF2,1.000000
P52907,CAPZA1,1.000000
O75366,AVIL,1.000000
P62841,RPS15,1.000000
P62847,RPS24,1.000000
Q99741,CDC6,1.000000
P04183,TK1,1.000000
P78417,GSTO1,1.000000
P04181,OAT,1.000000
P02652,APOA2,1.000000
P02655,APOC2,1.000000
Q8IY67,RAVER1,1.000000
Q86UU9,TAC4,1.000000
P15880,RPS2,1.000000
P34130,NTF4,1.000000
Q9BXS5,AP1M1,1.000000
Q86UU1,PHLDB1,1.000000
P20783,NTF3,1.000000
Q9H1E3,NUCKS1,1.000000
P28799,GRN,1.000000
Q15032,R3HDM1,1.000000
P35268,RPL22,1.000000
P00505,GOT2,1.000000
O15160,POLR1C,1.000000
Q8WCW3,COX2,1.000000
O00499,BIN1,1.000000
O15169,AXIN1,1.000000
Q99829,CPNE1,1.000000
O75506,HSBP1,1.000000
P22314,UBA1,1.000000
Q8IX12,CCAR1,1.000000
Q9GZM5,YIPF3,1.000000
P01270,PTH,1.000000
Q68CJ9,CREB3L3,1.000000
Q9UKV3,ACIN1,1.000000
P27797,CALR,1.000000
Q9Y4K1,AIM1,1.000000
P35606,COPB2,1.000000
Q4VCS5,AMOT,1.000000
Q9BZI7,UPF3B,1.000000
P78527,PRKDC,1.000000
Q14320,FAM50A,1.000000
Q7Z5W3,BCDIN3D,1.000000
O60494,CUBN,1.000000
Q06141,REG3A,1.000000
P07355-2,ANXA2,1.000000
P0DJI9,SAA2,1.000000
P0DJI8,SAA1,1.000000
O60885,BRD4,1.000000
P39060,COL18A1,1.000000
Q96AG4,LRRC59,1.000000
O43809,NUDT21,1.000000
Q13162,PRDX4,1.000000
Q15811,ITSN1,1.000000
Q15813,TBCE,1.000000
P01303,NPY,1.000000
O76094,SRP72,1.000000
Q8N954,GPATCH11,1.000000
O60551,NMT2,1.000000
P01308,INS,1.000000
Q9NQ38,SPINK5,1.000000
P22223,CDH3,1.000000
P51888,PRELP,1.000000
P32121,ARRB2,1.000000
P52566,ARHGDIB,1.000000
Q14498,RBM39,1.000000
P42695,NCAPD3,1.000000
Q53XC5,BMP4,1.000000
P42696,RBM34,1.000000
Q14493,SLBP,1.000000
P61981,YWHAG,1.000000
O75691,UTP20,1.000000
O75694,NUP155,1.000000
Q14257,RCN2,1.000000
P20366,TAC1,1.000000
Q02388,COL7A1,1.000000
Q6JBY9,RCSD1,1.000000
Q8N4C6,NIN,1.000000
P19438,TNFRSF1A,1.000000
Q02383,SEMG2,1.000000
P46531,NOTCH1,1.000000
Q9Y3S2,ZNF330,1.000000
Q8TD26,CHD6,1.000000
Q02543,RPL18A,1.000000
Q6IBS0,TWF2,1.000000
Q05639,EEF1A2,1.000000
P12814,ACTN1,1.000000
Q04724,TLE1,1.000000
Q5HYC2,KIAA2026,1.000000
Q6P2E9,EDC4,1.000000
Q2VIQ3,KIF4B,1.000000
P14635,CCNB1,1.000000
A6YXV0,COX2,1.000000
Q9H1Y3,OPN3,1.000000
P07996,THBS1,1.000000
Q4G0Q5,LOC442028,1.000000
Q6S8J3,POTEE,1.000000
O43592,XPOT,1.000000
Q14789,GOLGB1,1.000000
P40121,CAPG,1.000000
Q9NUQ8,ABCF3,1.000000
P24864,CCNE1,1.000000
Q5TIE3,VWA5B1,1.000000
P28300,LOX,1.000000
P33176,KIF5B,1.000000
Q9NUQ3,TXLNG,1.000000
Q9BQC3,DPH2,1.000000
Q86X53,ERICH1,1.000000
Q86X55,CARM1,1.000000
Q16787,LAMA3,1.000000
Q9GZQ8,MAP1LC3B,1.000000
A6NKP2,SDR42E2,1.000000
Q53F19,NCBP3,1.000000
P63104,YWHAZ,1.000000
O75037,KIF21B,1.000000
P49459,UBE2A,1.000000
O75030,MITF,1.000000
Q13303,KCNAB2,1.000000
P07205,PGK2,1.000000
Q9BSS9,DNPEP,1.000000
Q8IXU6,SLC35F2,1.000000
Q14671,PUM1,1.000000
Q14677,CLINT1,1.000000
Q14676,MDC1,1.000000
O60216,RAD21,1.000000
Q8N3U4,STAG2,1.000000
Q59H18,TNNI3K,1.000000
Q0Z7J0,COX2,1.000000
O94760,DDAH1,1.000000
P40692,MLH1,1.000000
P33778,HIST1H2BB,1.000000
P61160,ACTR2,1.000000
A6NKB5,PCNXL2,1.000000
Q16236,NFE2L2,1.000000
Q8TDD1,DDX54,1.000000
P36897,TGFBR1,1.000000
Q12789,GTF3C1,1.000000
P06756,ITGAV,1.000000
Q6P474,PDXDC2P,1.000000
Q99623,PHB2,1.000000
Q99714,HSD17B10,1.000000
Q2NL82,TSR1,1.000000
Q13416,ORC2,1.000000
Q96B54,ZNF428,1.000000
Q8IU60,DCP2,1.000000
Q7Z2W4,ZC3HAV1,1.000000
P04406,GAPDH,1.000000
Q02750-2,MAP2K1,1.000000
P11171,EPB41,1.000000
P11172,UMPS,1.000000
Q14966,ZNF638,1.000000
P61764,STXBP1,1.000000
P25705,ATP5A1,1.000000
P61769,B2M,1.000000
Q4GCG2,COII,1.000000
P20963,CD247,1.000000
Q2QD12,RPEL1,1.000000
Q14814,MEF2D,1.000000
P30153,PPP2R1A,1.000000
O60927,PPP1R11,1.000000
O60925,PFDN1,1.000000
P55036,PSMD4,1.000000
Q6NXE6,ARMC6,1.000000
Q9NSD9,FARSB,1.000000
Q4ZIN3,TMEM259,1.000000
Q2T9L4,C15orf59,1.000000
Q9NZI8,IGF2BP1,1.000000
A6NER3,GAGE12J,1.000000
Q5CAQ5,TRA1,1.000000
Q13574,DGKZ,1.000000
Q13576,IQGAP2,1.000000
Q9BUI4,POLR3C,1.000000
Q13573,SNW1,1.000000
Q9UQN3,CHMP2B,1.000000
P62277,RPS13,1.000000
P14138,EDN3,1.000000
Q8NE71,ABCF1,1.000000
P80075,CCL8,1.000000
O00231,PSMD11,1.000000
P80303,NUCB2,1.000000
O00233,PSMD9,1.000000
P05023,ATP1A1,1.000000
Q9NP50,FAM60A,1.000000
Q5T6F2,UBAP2,1.000000
Q9Y6V0,PCLO,1.000000
P37108,SRP14,1.000000
Q9NZ63,C9orf78,1.000000
Q9BQG0,MYBBP1A,1.000000
P45984,MAPK9,1.000000
Q8NHA6,OR2W6P,1.000000
P80098,CCL7,1.000000
P55327,TPD52,1.000000
Q14669-4,TRIP12,1.000000
P50990,CCT8,1.000000
P50995,ANXA11,1.000000
Q7KZI7,MARK2,1.000000
Q5GLZ8,HERC4,1.000000
Q96TA1,FAM129B,1.000000
P31040,SDHA,1.000000
P05114,HMGN1,1.000000
Q5JTD0,TJAP1,1.000000
P09104,ENO2,1.000000
P09455,RBP1,1.000000
O76076,WISP2,1.000000
Q96I25,RBM17,1.000000
Q9P2D1,CHD7,1.000000
Q96T37,RBM15,1.000000
O95373,IPO7,1.000000
P56211,ARPP19,1.000000
O60583,CCNT2,1.000000
P21796,VDAC1,1.000000
Q9H492,MAP1LC3A,1.000000
Q86XL3,ANKLE2,1.000000
Q969X1,TMBIM1,1.000000
O14579,COPE,1.000000
Q12959,DLG1,1.000000
P49840,GSK3A,1.000000
Q9BRQ8,AIFM2,1.000000
Q01105-2,SET,1.000000
P58546,MTPN,1.000000
P0DMV9,HSPA1B,1.000000
P0DMV8,HSPA1A,1.000000
P18621,RPL17,1.000000
P02462,COL4A1,1.000000
P62854,RPS26,1.000000
P62857,RPS28,1.000000
P02461,COL3A1,1.000000
Q9Y473,ZNF175,1.000000
Q92947,GCDH,1.000000
P52597,HNRNPF,1.000000
P57076,C21orf59,1.000000
Q6NZ52,RPL27A,1.000000
P52594,AGFG1,1.000000
Q9NQC3,RTN4,1.000000
P05204,HMGN2,1.000000
P09211,GSTP1,1.000000
Q92888,ARHGEF1,1.000000
Q9P289,STK26,1.000000
Q9Y6X4,FAM169A,1.000000
O15371,EIF3D,1.000000
P01042,KNG1,1.000000
Q15029,EFTUD2,1.000000
Q15024,EXOSC7,1.000000
P20774,OGN,1.000000
O00541,PES1,1.000000
Q15021,NCAPD2,1.000000
Q15020,SART3,1.000000
Q9UQR0,SCML2,1.000000
Q9BY32,ITPA,1.000000
Q86V87,FAM160B2,1.000000
Q86V81,ALYREF,1.000000
Q9Y275,TNFSF13B,1.000000
Q9Y277,VDAC3,1.000000
P04083,ANXA1,1.000000
P04080,CSTB,1.000000
Q8WXG6,MADD,1.000000
P22307,SCP2,1.000000
P04085,PDGFA,1.000000
Q6IMN6,CAPRIN2,1.000000
Q9Y508,RNF114,1.000000
P35613,BSG,1.000000
P35611,ADD1,1.000000
O60566,BUB1B,1.000000
A6NGP5,HN1L,1.000000
O60733,PLA2G6,1.000000
Q01523,DEFA5,1.000000
Q6EEV6,SUMO4,1.000000
P00403,MT-CO2,1.000000
P17812,CTPS1,1.000000
P62987,UBA52,1.000000
Q14315,FLNC,1.000000
Q9UGP4,LIMD1,1.000000
O43182,ARHGAP6,1.000000
O43815,STRN,1.000000
P08670,VIM,1.000000
O95391,SLU7,1.000000
P32969,RPL9P7,1.000000
P32969,RPL9P9,1.000000
P32969,RPL9P8,1.000000
P32969,RPL9,1.000000
A5YM40,TGFB3,1.000000
Q58F09,GCS1,1.000000
P06307,CCK,1.000000
Q9P219-2,CCDC88C,1.000000
Q9BVG9,PTDSS2,1.000000
O43818,RRP9,1.000000
Q99961,SH3GL1,1.000000
Q13177,PAK2,1.000000
Q99969,RARRES2,1.000000
P42224,STAT1,1.000000
Q9UEW8,STK39,1.000000
Q92796,DLG3,1.000000
Q92797,SYMPK,1.000000
P23327,HRC,1.000000
P10147,CCL3,1.000000
Q92791,P3H4,1.000000
P22234,PAICS,1.000000
P04792,HSPB1,1.000000
P14136,GFAP,1.000000
Q9Y3B7,MRPL11,1.000000
P04156,PRNP,1.000000
Q9HAW4,CLSPN,1.000000
Q05CQ1,EIF5B,1.000000
Q9Y3B9,RRP15,1.000000
O75683,SURF6,1.000000
O95786,DDX58,1.000000
Q6PJG6,BRAT1,1.000000
Q09666,AHNAK,1.000000
Q7LBC6,KDM3B,1.000000
P27348,YWHAQ,1.000000
Q14444,CAPRIN1,1.000000
Q8WU68,U2AF1L4,1.000000
Q53SE2,HSPD1,1.000000
P25490,YY1,1.000000
Q6P4E1,CASC4,1.000000
O43497-2,CACNA1G,1.000000
Q5VTE0,EEF1A1P5,1.000000
P14625,HSP90B1,1.000000
Q6IBT3,CCT7,1.000000
Q8N6R0,METTL13,1.000000
O75339,CILP,1.000000
O43508-2,TNFSF12,1.000000
O75330,HMMR,1.000000
Q9UMS0-3,NFU1,1.000000
Q9BQT9,CLSTN3,1.000000
P10092,CALCB,1.000000
Q96SB4-2,SRPK1,1.000000
O43583,DENR,1.000000
Q3LXA3,TKFC,1.000000
A6ZFK3,COX2,1.000000
O14974,PPP1R12A,1.000000
Q8WUM4,PDCD6IP,1.000000
O14979,HNRNPDL,1.000000
P07237,P4HB,1.000000
P47756-2,CAPZB,1.000000
Q9GZP8,IMUP,1.000000
P16070,CD44,1.000000
P09848,LCT,1.000000
P07948,LYN,1.000000
P07949,RET,1.000000
Q13319,CDK5R2,1.000000
P49448,GLUD2,1.000000
Q05513,PRKCZ,1.000000
Q8IZ73,RPUSD2,1.000000
P20810,CAST,1.000000
Q05519,SRSF11,1.000000
Q8NDD1,C1orf131,1.000000
Q13315,ATM,1.000000
Q13316,DMP1,1.000000
Q8IWZ3,ANKHD1,1.000000
Q9HCU5,PREB,1.000000
P11387,TOP1,1.000000
Q9UG63,ABCF2,1.000000
Q14684,RRP1B,1.000000
Q02880,TOP2B,1.000000
Q14683,SMC1A,1.000000
Q9Y5S9,RBM8A,1.000000
P05067-4,APP,1.000000
P05067-1,APP,1.000000
P17252,PRKCA,1.000000
Q9BQ04,RBM4B,1.000000
Q8IZD2,KMT2E,1.000000
P38935,IGHMBP2,1.000000
P67870,CSNK2B,1.000000
P38936,CDKN1A,1.000000
P13942,COL11A2,1.000000
P23284,PPIB,1.000000
Q96B23,C18orf25,1.000000
Q2M3T9,HYAL4,1.000000
Q96B26,EXOSC8,1.000000
Q9NZ81,PRR13,1.000000
Q9HCK8,CHD8,1.000000
Q13409,DYNC1I2,1.000000
P05787,KRT8,1.000000
P36405,ARL3,1.000000
P05783,KRT18,1.000000
Q8WXI3,ASB10,1.000000
O60939,SCN2B,1.000000
P47914,RPL29,1.000000
P10636,MAPT,1.000000
Q06413,MEF2C,1.000000
O75334,PPFIA2,1.000000
P01861,IGHG4,1.000000
P01860,IGHG3,1.000000
P16499,PDE6A,1.000000
Q9UBQ7,GRHPR,1.000000
Q9UBQ5,EIF3K,1.000000
P19971,TYMP,1.000000
Q8NHR7,C15orf43,1.000000
Q13541,EIF4EBP1,1.000000
Q02487-2,DSC2,1.000000
Q8N108,MIER1,1.000000
Q13546,RIPK1,1.000000
P62081,RPS7,1.000000
P62241,RPS8,1.000000
Q9NY93,DDX56,1.000000
P62244,RPS15A,1.000000
Q32P28,P3H1,1.000000
P50454,SERPINH1,1.000000
P62249,RPS16,1.000000
Q969H8,MYDGF,1.000000
Q96L21,RPL10L,1.000000
P50453,SERPINB9,1.000000
P12236,SLC25A6,1.000000
Q9UKK9,NUDT5,1.000000
P12235,SLC25A4,1.000000
Q6PD74,AAGAB,1.000000
Q8WWM7,ATXN2L,1.000000
Q9UP91,RHCE,1.000000
Q9NZT2,OGFR,1.000000
Q9UBC3,DNMT3B,1.000000
Q96AY2,EME1,1.000000
P61204,ARF3,1.000000
Q9HB66,MKKS,1.000000
Q9BZZ5,API5,1.000000
P55327-3,TPD52,1.000000
Q13895,BYSL,1.000000
Q9NUL3,STAU2,1.000000
P53999,SUB1,1.000000
Q9P2S6,ANKMY1,1.000000
O14625,CXCL11,1.000000
P84098,RPL19,1.000000
Q8IUF1,CBWD2,1.000000
P34931,HSPA1L,1.000000
Q96C57,C12orf43,1.000000
P34932,HSPA4,1.000000
P51149,RAB7A,1.000000
P51148,RAB5C,1.000000
Q32Q20,SF3B1,1.000000
Q05C41,PRPF40A,1.000000
P10415,BCL2,1.000000
Q6K0P9,PYHIN1,1.000000
Q9BYG3,NIFK,1.000000
P10412,HIST1H1E,1.000000
P84090,ERH,1.000000
O60841,EIF5B,1.000000
P30050,RPL12,1.000000
P11940,PABPC1,1.000000
O00311,CDC7,1.000000
Q15303,ERBB4,1.000000
Q9UMY1,NOL7,1.000000
Q12946,FOXF1,1.000000
Q9H6R7,C2orf44,1.000000
P35998,PSMC2,1.000000
P55795,HNRNPH2,1.000000
Q0VDC6,FKBP1A,1.000000
Q96BK5,PINX1,1.000000
O14561,NDUFAB1,1.000000
Q86UE4,MTDH,1.000000
Q9NXH9,TRMT1,1.000000
Q9NP61,ARFGAP3,1.000000
Q9NUU7,DDX19A,1.000000
Q6FGM6,PPID,1.000000
P13612,ITGA4,1.000000
P13611,VCAN,1.000000
Q13409-3,DYNC1I2,1.000000
P35754,GLRX,1.000000
Q4GHE1,COII,1.000000
P62861,FAU,1.000000
P51813,BMX,1.000000
P51812,RPS6KA3,1.000000
Q96NC0,ZMAT2,1.000000
A0JLT9,SF3B1,1.000000
Q15019,SEPT2,1.000000
Q96S59,RANBP9,1.000000
Q68DU7,DKFZp781C0425,1.000000
P56703,WNT3,1.000000
Q1MSJ5,CSPP1,1.000000
Q10567,AP1B1,1.000000
O15355,PPM1G,1.000000
Q15013,MAD2L1BP,1.000000
Q16787-1,LAMA3,1.000000
Q96S55,WRNIP1,1.000000
Q9BTV4,TMEM43,1.000000
O15144,ARPC2,1.000000
O15145,ARPC3,1.000000
P39880,CUX1,1.000000
P09683,SCT,1.000000
Q9Y266,NUDC,1.000000
Q9Y265,RUVBL1,1.000000
O15294,OGT,1.000000
P06881,CALCA,1.000000
Q08211,DHX9,1.000000
Q6ZUB1,SPATA31E1,1.000000
O75528,TADA3,1.000000
Q8NBS9-2,TXNDC5,1.000000
Q9Y4I1,MYO5A,1.000000
Q01518,CAP1,1.000000
Q7Y626,COX2,1.000000
Q01081-4,U2AF1,1.000000
Q53FT3,C11orf73,1.000000
Q9Y6M1,IGF2BP2,1.000000
P09669,COX6C,1.000000
Q6X9E4,FBXW12,1.000000
Q12986,NFX1,1.000000
Q86VM9,ZC3H18,1.000000
Q9BUJ2,HNRNPUL1,1.000000
P21583,KITLG,1.000000
Q9NRR5,UBQLN4,1.000000
P21741,MDK,1.000000
P02671,FGA,1.000000
O43823,AKAP8,1.000000
P08648,ITGA5,1.000000
P02675,FGB,1.000000
O95816,BAG2,1.000000
O95817,BAG3,1.000000
Q92945,KHSRP,1.000000
Q9GZP0,PDGFD,1.000000
P18615,NELFE,1.000000
P0DMU9,CT45A10,1.000000
O95810,SDPR,1.000000
Q92764,KRT35,1.000000
Q99798,ACO2,1.000000
Q13148,TARDBP,1.000000
Q5QNW6,HIST2H2BF,1.000000
Q96CT7,CCDC124,1.000000
Q13144,EIF2B5,1.000000
Q8NFI4,ST13P5,1.000000
Q99972,MYOC,1.000000
O43776,NARS,1.000000
Q02413,DSG1,1.000000
Q92785,DPF2,1.000000
Q9P107,GMIP,1.000000
Q9H9A5,CNOT10,1.000000
P52788,SMS,1.000000
P46087,NOP2,1.000000
Q01469,FABP5,1.000000
P46734,MAP2K3,1.000000
Q8N4S0,CCDC82,1.000000
O60281,ZNF292,1.000000
Q8NHW5,RPLP0P6,1.000000
Q9Y3C1,NOP16,1.000000
Q14669-3,TRIP12,1.000000
Q14247-2,CTTN,1.000000
P62888,RPL30,1.000000
Q9HAV4,XPO5,1.000000
Q58FF8,HSP90AB2P,1.000000
P16930,FAH,1.000000
Q13310,PABPC4,1.000000
P02686-5,MBP,1.000000
Q58FF6,HSP90AB4P,1.000000
Q96SB4,SRPK1,1.000000
Q96SB3,PPP1R9B,1.000000
Q8N806,UBR7,1.000000
P02686-3,MBP,1.000000
O43172,PRPF4,1.000000
Q15907,RAB11B,1.000000
Q15905,YB-1,1.000000
P98155,VLDLR,1.000000
O43175,PHGDH,1.000000
Q14457,BECN1,1.000000
P08294,SOD3,1.000000
P02818,BGLAP,1.000000
Q7Z6W7,DNAJB7,1.000000
Q8TD43,TRPM4,1.000000
O75145,PPFIA3,1.000000
Q9H078,CLPB,1.000000
Q8TD47,RPS4Y2,1.000000
P12830,CDH1,1.000000
Q86Y91,KIF18B,1.000000
P04233,CD74,1.000000
Q8N9T8,KRI1,1.000000
P49411,TUFM,1.000000
P22234-2,PAICS,1.000000
P35408,PTGER4,1.000000
Q9BSC4,NOL10,1.000000
Q70SY1,CREB3L2,1.000000
Q9UK59,DBR1,1.000000
Q8N111,CEND1,1.000000
P26599,PTBP1,1.000000
Q2M2H8,MGAM2,1.000000
Q305H0,COX2,1.000000
O43399,TPD52L2,1.000000
P24844,MYL9,1.000000
P51606,RENBP,1.000000
O43395,PRPF3,1.000000
O43390,HNRNPR,1.000000
P12956,XRCC6,1.000000
P23526,AHCY,1.000000
P23527,HIST1H2BO,1.000000
Q13322,GRB10,1.000000
Q99574,SERPINI1,1.000000
P09874,PARP1,1.000000
P23528,CFL1,1.000000
Q9BQA1,WDR77,1.000000
Q00839,HNRNPU,1.000000
Q8IWZ8,SUGP1,1.000000
Q6FIF0,ZFAND6,1.000000
Q8WZ42-2,TTN,1.000000
Q8IZW8,TNS4,1.000000
O00273,DFFA,1.000000
Q5W0V3,FAM160B1,1.000000
O43488,AKR7A2,1.000000
O60271,SPAG9,1.000000
Q14690,PDCD11,1.000000
Q14692,BMS1,1.000000
P26006,ITGA3,1.000000
Q9HDB5,NRXN3,1.000000
P16383,GCFC2,1.000000
P36507,MAP2K2,1.000000
P40967,PMEL,1.000000
Q8IXI2,RHOT1,1.000000
Q68Y91,PBGD,1.000000
Q8WXX5,DNAJC9,1.000000
Q16695,HIST3H3,1.000000
Q5SY80,C1orf101,1.000000
O15541,RNF113A,1.000000
Q9NX58,LYAR,1.000000
Q9NQT5,EXOSC3,1.000000
P36873,PPP1CC,1.000000
Q15651,HMGN3,1.000000
Q9NU22,MDN1,1.000000
Q13435,SF3B2,1.000000
P23634,ATP2B4,1.000000
Q9UPT8,ZC3H4,1.000000
Q3MHD2,LSM12,1.000000
P63279,UBE2I,1.000000
P01116,KRAS,1.000000
P47929,LGALS7B,1.000000
P47929,LGALS7,1.000000
J3QLL0,KPNA2,1.000000
Q9NXG2,THUMPD1,1.000000
Q9BWF3,RBM4,1.000000
O60907,TBL1X,1.000000
Q9BRA2,TXNDC17,1.000000
Q8WXF1,PSPC1,1.000000
P22459,KCNA4,1.000000
Q27J81,INF2,1.000000
Q9NZG7,NINJ2,1.000000
P11766,ADH5,1.000000
P01893,HLA-H,1.000000
P22692,IGFBP4,1.000000
P06576,ATP5B,1.000000
Q9BWE0,REPIN1,1.000000
P60903,S100A10,1.000000
Q9UFX5,DKFZp586B1621,1.000000
Q96DX7,TRIM44,1.000000
Q9NWY4,C4orf27,1.000000
P62258,YWHAE,1.000000
Q9NX46,ADPRHL2,1.000000
Q96L34,MARK4,1.000000
Q6PD62,CTR9,1.000000
Q5BJH1,PSAP,1.000000
Q02446,SP4,1.000000
Q9UQB8,BAIAP2,1.000000
Q63ZY3,KANK2,1.000000
Q15274,QPRT,1.000000
Q15276,RABEP1,1.000000
Q13114,TRAF3,1.000000
Q13885,TUBB2A,1.000000
P33240,CSTF2,1.000000
P84085,ARF5,1.000000
Q7Z497,SF3B1,1.000000
Q15477,SKIV2L,1.000000
Q9P2T1,GMPR2,1.000000
P51798,CLCN7,1.000000
O95036,WUGSC:H_RG054D04.1,1.000000
P29279,CTGF,1.000000
P13284,IFI30,1.000000
Q5VYK3,ECM29,1.000000
P48643,CCT5,1.000000
Q9NQ88,TIGAR,1.000000
Q6IEG0,SNRNP48,1.000000
Q03164,KMT2A,1.000000
P13995,MTHFD2,1.000000
Q8IUE6,HIST2H2AB,1.000000
P55010,EIF5,1.000000
Q9ULB1,NRXN1,1.000000
Q9H0L4,CSTF2T,1.000000
P51003,PAPOLA,1.000000
Q6I9T8,PPP2CA,1.000000
P52209,PGD,1.000000
Q9Y3U8,RPL36,1.000000
P51957,NEK4,1.000000
Q9Y2R4,DDX52,1.000000
Q02078,MEF2A,1.000000
Q99590-2,SCAF11,1.000000
P30048,PRDX3,1.000000
O95155,UBE4B,1.000000
O95154,AKR7A3,1.000000
Q9H8W4,PLEKHF2,1.000000
Q7Z309,FAM122B,1.000000
P30041,PRDX6,1.000000
P30043,BLVRB,1.000000
P30046,DDT,1.000000
Q9H6Z4,RANBP3,1.000000
Q12933,TRAF2,1.000000
Q12931,TRAP1,1.000000
Q9Y678,COPG1,1.000000
Q12934,BFSP1,1.000000
Q9NQS1,AVEN,1.000000
Q567U6,CCDC93,1.000000
P07492,GRP,1.000000
Q9UMZ2,SYNRG,1.000000
Q9UBB4,ATXN10,1.000000
Q6DRA6,HIST2H2BD,1.000000
Q9NP79,VTA1,1.000000
P13667,PDIA4,1.000000
Q9Y696,CLIC4,1.000000
P19784,CSNK2A2,1.000000
Q86UX7,FERMT3,1.000000
Q9UIG0,BAZ1B,1.000000
P62877,RBX1,1.000000
Q96CX2,KCTD12,1.000000
O00567,NOP56,1.000000
Q15003,NCAPH,1.000000
Q9C0C2,TNKS1BP1,1.000000
P08476,INHBA,1.000000
P18887,XRCC1,1.000000
Q9B1F9,COX2,1.000000
Q9C0C9,UBE2O,1.000000
P29966,MARCKS,1.000000
Q15008,PSMD6,1.000000
O00764,PDXK,1.000000
Q8NFD5,ARID1B,1.000000
Q96S44,TP53RK,1.000000
Q96IS6,HSPA8,1.000000
P41227,NAA10,1.000000
Q9Y219,JAG2,1.000000
P51170,SCNN1G,1.000000
P78332,RBM6,1.000000
O15155,BET1,1.000000
P78330,PSPH,1.000000
Q8WWZ4,ABCA10,1.000000
O15151,MDM4,1.000000
Q12841,FSTL1,1.000000
Q9Y520,PRRC2C,1.000000
P18085,ARF4,1.000000
O75829,LECT1,1.000000
Q08209,PPP3CA,1.000000
O75533,SF3B1,1.000000
O75531,BANF1,1.000000
O75530,EED,1.000000
O75821,EIF3G,1.000000
Q8TE02,ELP5,1.000000
O75534,CSDE1,1.000000
P09651,HNRNPA1,1.000000
Q00059,TFAM,1.000000
O15540,FABP7,1.000000
Q05D08,PA2G4,1.000000
Q99460,PSMD1,1.000000
P68104,EEF1A1,1.000000
P27635,RPL10,1.000000
Q07820,MCL1,1.000000
Q9Y2T7,YBX2,1.000000
Q3B820,FAM161A,1.000000
P35442,THBS2,1.000000
Q56NI9,ESCO2,1.000000
Q9Y450,HBS1L,1.000000
Q8NBF2,NHLRC2,1.000000
Q5BKZ1,ZNF326,1.000000
Q9H869,YY1AP1,1.000000
P02686,MBP,1.000000
Q9Y2T1,AXIN2,1.000000
P21754,ZP3,1.000000
Q92934,BAD,1.000000
Q9NRA1,PDGFC,1.000000
Q5SA98,COX2,1.000000
Q8IX21,SLF2,1.000000
Q13151,HNRNPA0,1.000000
Q13155,AIMP2,1.000000
Q14191,WRN,1.000000
P60484,PTEN,1.000000
Q9UKU0,ACSL6,1.000000
Q9NTM9,CUTC,1.000000
Q9UKD2,MRTO4,1.000000
P10163,PRB4,1.000000
Q8TEU7,RAPGEF6,1.000000
Q14201,BTG3,1.000000
Q14204,DYNC1H1,1.000000
O60684,KPNA6,1.000000
Q2NKX8,ERCC6L,1.000000
Q8N6B4,MLL/CALMfusion,1.000000
P62899,RPL31,1.000000
P05408,SCG5,1.000000
Q96NA2,RILP,1.000000
P00338,LDHA,1.000000
Q8IYN0,ZNF100,1.000000
P01241,GH1,1.000000
Q8IYN5,CKAP5,1.000000
P06213,INSR,1.000000
Q96QV6,HIST1H2AA,1.000000
P30154,PPP2R1B,1.000000
P68036,UBE2L3,1.000000
Q8WXI9,GATAD2B,1.000000
P68032,ACTC1,1.000000
P07814,EPRS,1.000000
Q9UN37,VPS4A,1.000000
O43164,PJA2,1.000000
O43167,ZBTB24,1.000000
Q14249,ENDOG,1.000000
P19174,PLCG1,1.000000
O75312,ZPR1,1.000000
Q5VW32,BROX,1.000000
O75643,SNRNP200,1.000000
P14649,MYL6B,1.000000
P02545-2,LMNA,1.000000
Q8NEV1,CSNK2A3,1.000000
Q04759,PRKCQ,1.000000
P05549,TFAP2A,1.000000
P23458,JAK1,1.000000
Q8IVL0,NAV3,1.000000
Q8IVL1,NAV2,1.000000
P05543,SERPINA7,1.000000
Q13085,ACACA,1.000000
P05546,SERPIND1,1.000000
P04049,RAF1,1.000000
P26583,HMGB2,1.000000
O43765,SGTA,1.000000
Q86Z02,HIPK1,1.000000
O75792,RNASEH2A,1.000000
O75791,GRAP2,1.000000
Q14517,FAT1,1.000000
Q9UPN3-5,MACF1,1.000000
O43768,ENSA,1.000000
Q02750,MAP2K1,1.000000
P49756,RBM25,1.000000
O14950,MYL12B,1.000000
Q14738,PPP2R5D,1.000000
Q53T59,HS1BP3,1.000000
Q86X29,LSR,1.000000
Q5TC82,RC3H1,1.000000
Q9Y5V3,MAGED1,1.000000
Q9GZV4,EIF5A2,1.000000
Q2TAB3,SULT1A4,1.000000
Q96RL1,UIMC1,1.000000
P60660,MYL6,1.000000
P46940,IQGAP1,1.000000
P03971,AMH,1.000000
O43491,EPB41L2,1.000000
P27361,MAPK3,1.000000
O43497,CACNA1G,1.000000
O60260,PARK2,1.000000
P11362,FGFR1,1.000000
Q49A90,RPS27A,1.000000
P11586,MTHFD1,1.000000
P61353,RPL27,1.000000
Q7Z3H6,DKFZp686O05147,1.000000
Q99575,POP1,1.000000
Q9HDC9,APMAP,1.000000
O14828,SCAMP3,1.000000
P21918,DRD5,1.000000
P38919,EIF4A3,1.000000
Q15648,MED1,1.000000
P48023,FASLG,1.000000
Q6NSH7,EEF1A1,1.000000
Q13268,DHRS2,1.000000
P06733,ENO1,1.000000
Q13428,TCOF1,1.000000
Q13427,PPIG,1.000000
Q13426,XRCC4,1.000000
P62314,SNRPD1,1.000000
Q13423,NNT,1.000000
Q96B01,RAD51AP1,1.000000
P62310,LSM3,1.000000
O95486,SEC24A,1.000000
Q8N3C0,ASCC3,1.000000
P63261,ACTG1,1.000000
P09543,CNP,1.000000
O60318,MCM3AP,1.000000
P63267,ACTG2,1.000000
Q13206,DDX10,1.000000
Q92841,DDX17,1.000000
Q8WXG9,GPR98,1.000000
Q9HD42,CHMP1A,1.000000
P30459,HLA-A,1.000000
Q8NI27,THOC2,1.000000
P30101,PDIA3,1.000000
Q8NI22,MCFD2,1.000000
Q13523,PRPF4B,1.000000
O14737,PDCD5,1.000000
Q13526,PIN1,1.000000
Q13547,HDAC1,1.000000
Q9UBS4,DNAJB11,1.000000
P48735,IDH2,1.000000
P48739,PITPNB,1.000000
P34820,BMP8B,1.000000
Q6DKJ4,NXN,1.000000
P09884,POLA1,1.000000
Q96KN1,FAM84B,1.000000
P80162,CXCL6,1.000000
P63313,TMSB10,1.000000
Q16777,HIST2H2AC,1.000000
Q16778,HIST2H2BE,1.000000
P30405,PPIF,1.000000
Q9NT62,ATG3,1.000000
Q9NR45,NANS,1.000000
P01135,TGFA,1.000000
P08727,KRT19,1.000000
Q7L2E3,DHX30,1.000000
Q9UJM3,ERRFI1,1.000000
Q6ZS30,NBEAL1,1.000000
P01137,TGFB1,1.000000
P25067,COL8A2,1.000000
P55085,F2RL1,1.000000
O00154,ACOT7,1.000000
Q15269,PWP2,1.000000
O00151,PDLIM1,1.000000
P61221,ABCE1,1.000000
P19827,ITIH1,1.000000
O14602,EIF1AY,1.000000
Q9BYW2,SETD2,1.000000
P19823,ITIH2,1.000000
Q9P2U8,SLC17A6,1.000000
Q9UF33,EPHA6,1.000000
Q8TDN6,BRIX1,1.000000
P55060,CSE1L,1.000000
P12107,COL11A1,1.000000
Q6MZV5,DKFZp686M09245,1.000000
P46934-3,NEDD4,1.000000
Q96K58,ZNF668,1.000000
B2CB37,COX2,1.000000
Q8IUD2,ERC1,1.000000
O00487,PSMD14,1.000000
Q9NW82,WDR70,1.000000
Q9BVT8,TMUB1,1.000000
O60869,EDF1,1.000000
P05141,SLC25A5,1.000000
Q8WUQ7,CACTIN,1.000000
P55209,NAP1L1,1.000000
P37802,TAGLN2,1.000000
P21108,PRPS1L1,1.000000
P55201,BRPF1,1.000000
Q504U3,PKM2,1.000000
P47712,PLA2G4A,1.000000
Q9NQR4,NIT2,1.000000
Q9BRT6,LLPH,1.000000
Q7Z4S6,KIF21A,1.000000
O15014,ZNF609,1.000000
Q04837,SSBP1,1.000000
Q9BRT8,CBWD1,1.000000
Q9BRT9,GINS4,1.000000
A0PJ69,TTLL5,1.000000
Q9UBE0,SAE1,1.000000
P42765,ACAA2,1.000000
Q96GQ7,DDX27,1.000000
Q14141,SEPT6,1.000000
Q9C005,DPY30,1.000000
P51991,HNRNPA3,1.000000
P29973,CNGA1,1.000000
Q969S3,ZNF622,1.000000
Q1WWK5,SEPT9,1.000000
P02458,COL2A1,1.000000
Q86UY5,FAM83A,1.000000
Q86UY0,TXNDC5,1.000000
O00571,DDX3X,1.000000
P14866,HNRNPL,1.000000
P20742,PZP,1.000000
Q15075,EEA1,1.000000
Q69YH5,CDCA2,1.000000
A0JLR8,EIF5B,1.000000
Q15078,CDK5R1,1.000000
P14868,DARS,1.000000
P20749,BCL3,1.000000
Q8WZ42-4,TTN,1.000000
Q4GVP5,COII,1.000000
Q93096,PTP4A1,1.000000
Q93097,WNT2B,1.000000
O95239,KIF4A,1.000000
Q15653,NFKBIB,1.000000
P05091,ALDH2,1.000000
Q96JM3,CHAMP1,1.000000
P13073,COX4I1,1.000000
P61201,COPS2,1.000000
Q149N5,DOCK4,1.000000
P45954,ACADSB,1.000000
O15126,SCAMP1,1.000000
Q8WYJ6,SEPT1,1.000000
Q5JNZ5,RPS26P11,1.000000
B1W855,COII,1.000000
Q9Y530,OARD1,1.000000
P35318,ADM,1.000000
A6ZHA9,COX2,1.000000
P29590,PML,1.000000
Q8NFY9,KBTBD8,1.000000
Q8N350,CBARP,1.000000
Q08J23,NSUN2,1.000000
Q6PK04,CCDC137,1.000000
Q09472,EP300,1.000000
O43924,PDE6D,1.000000
Q8WVC0,LEO1,1.000000
Q15102,PAFAH1B3,1.000000
P68133,ACTA1,1.000000
O15232,MATN3,1.000000
Q9P2I0,CPSF2,1.000000
Q9Y333,LSM2,1.000000
Q9H875,PRKRIP1,1.000000
Q8NBA8,DTWD2,1.000000
Q92922,SMARCC1,1.000000
P24534,EEF1B2,1.000000
P03973,SLPI,1.000000
Q9Y446,PKP3,1.000000
P54819,AK2,1.000000
Q8TF05,PPP4R1,1.000000
O15230,LAMA5,1.000000
Q9UER7,DAXX,1.000000
P01344,IGF2,1.000000
P35226,BMI1,1.000000
P35555,FBN1,1.000000
O75496,GMNN,1.000000
P35222,CTNNB1,1.000000
P35221,CTNNA1,1.000000
P08134,RHOC,1.000000
P08133,ANXA6,1.000000
Q14C86,GAPVD1,1.000000
Q9H2U2,PPA2,1.000000
Q86SE5,RALYL,1.000000
O60678,PRMT3,1.000000
P54727,RAD23B,1.000000
Q9UK76,HN1,1.000000
Q9Y3A3,MOB4,1.000000
O95907,SLC16A8,1.000000
Q9H3K6,BOLA2,1.000000
Q9H3K6,BOLA2B,1.000000
Q3KQU3,MAP7D1,1.000000
Q8N0Y7,PGAM4,1.000000
Q8IYM1,SEPT12,1.000000
Q68CT4,DKFZp686A1668,1.000000
Q96ES7,SGF29,1.000000
Q9H299,SH3BGRL3,1.000000
O43159,RRP8,1.000000
Q6IBW4,NCAPH2,1.000000
P42677,RPS27,1.000000
P98172,EFNB1,1.000000
P54259,ATN1,1.000000
P46459,NSF,1.000000
P98175,RBM10,1.000000
Q9BXW4,MAP1LC3C,1.000000
Q04760,GLO1,1.000000
P11274,BCR,1.000000
Q5SSJ5,HP1BP3,1.000000
P46379,BAG6,1.000000
P04054,PLA2G1B,1.000000
O94985,CLSTN1,1.000000
Q01085,TIAL1,1.000000
Q01082,SPTBN1,1.000000
Q01081,U2AF1,1.000000
Q9BQQ3,GORASP1,1.000000
Q765P7,MTSS1L,1.000000
P0CG39,POTEJ,1.000000
P0CG38,POTEI,1.000000
Q9P1Q0,VPS54,1.000000
P42704,LRPPRC,1.000000
O43719,HTATSF1,1.000000
O60784,TOM1,1.000000
A0S2P1,COX2,1.000000
Q96DH6,MSI2,1.000000
A6NKT7,RGPD3,1.000000
P59998,ARPC4,1.000000
Q86X19,TMEM17,1.000000
Q6GMV3,PTRHD1,1.000000
O14944,EREG,1.000000
O94788,ALDH1A2,1.000000
Q13275,SEMA3F,1.000000
B0Z6W4,COX2,1.000000
Q2TAC6,KIF19,1.000000
P41271,NBL1,1.000000
Q5TAP6,UTP14C,1.000000
O75494,SRSF10,1.000000
O60256,PRPSAP2,1.000000
Q13185,CBX3,1.000000
P46976,GYG1,1.000000
O43915,FIGF,1.000000
Q13188,STK3,1.000000
P22003,BMP5,1.000000
Q99755,PIP5K1A,1.000000
P46821,MAP1B,1.000000
P35556,FBN2,1.000000
P22004,BMP6,1.000000
Q71UI9,H2AFV,1.000000
Q4LE39,ARID4B,1.000000
B2XHT9,COX2,1.000000
Q9BYI3,FAM126A,1.000000
P00533,EGFR,1.000000
Q9BVV6,KIAA0586,1.000000
Q9UHR5,SAP30BP,1.000000
Q14186,TFDP1,1.000000
Q9BYX7,POTEKP,1.000000
O43447,PPIH,1.000000
Q03111,MLLT1,1.000000
Q9HCH3,CPNE5,1.000000
O00232,PSMD12,1.000000
Q6NSI4,CXorf57,1.000000
Q9H9T3,ELP3,1.000000
O95684,FGFR1OP,1.000000
Q4GCC3,COII,1.000000
P62308,SNRPG,1.000000
P62304,SNRPE,1.000000
P25445,FAS,1.000000
P62306,SNRPF,1.000000
P50226,SULT1A2,1.000000
P50225,SULT1A1,1.000000
P25440,BRD2,1.000000
P10997,IAPP,1.000000
Q15582,TGFBI,1.000000
Q8ND24,RNF214,1.000000
Q8WXD2,SCG3,1.000000
P30443,HLA-A,1.000000
P84157,MXRA7,1.000000
O14727,APAF1,1.000000
P13861,PRKAR2A,1.000000
P54105,CLNS1A,1.000000
Q96HC4-2,PDLIM5,1.000000
Q96HC4-3,PDLIM5,1.000000
Q9UJZ1,STOML2,1.000000
P48723,HSPA13,1.000000
Q6BCY4,CYB5R2,1.000000
Q7Z3M3,DKFZp686L04275,1.000000
Q16763,UBE2S,1.000000
P04843,RPN1,1.000000
P55265,ADAR,1.000000
Q8N5A5,ZGPAT,1.000000
Q9NR56,MBNL1,1.000000
Q5BJF5,SHMT2,1.000000
Q8N5A0,EIF5B,1.000000
Q9NR50,EIF2B3,1.000000
Q96DT7,ZBTB10,1.000000
Q6VY07,PACS1,1.000000
Q9Y2B0,CNPY2,1.000000
P47895,ALDH1A3,1.000000
Q8WTT2,NOC3L,1.000000
P47897,QARS,1.000000
P25054,APC,1.000000
Q6ZN19,ZNF841,1.000000
Q15293,RCN1,1.000000
P61254,RPL26,1.000000
Q15291,RBBP5,1.000000
P68431,HIST1H3B,1.000000
P68431,HIST1H3C,1.000000
P68431,HIST1H3A,1.000000
P68431,HIST1H3F,1.000000
P68431,HIST1H3G,1.000000
P68431,HIST1H3D,1.000000
P68431,HIST1H3E,1.000000
P68431,HIST1H3J,1.000000
P68431,HIST1H3H,1.000000
P68431,HIST1H3I,1.000000
Q9NV56,MRGBP,1.000000
O14617,AP3D1,1.000000
Q15459,SF3A1,1.000000
P49711,CTCF,1.000000
Q13620,CUL4B,1.000000
A8CG34,POM121C,1.000000
P55072,VCP,1.000000
P51570,GALK1,1.000000
P51572,BCAP31,1.000000
P01275,GCG,1.000000
Q8IUC6,TICAM1,1.000000
P51575,P2RX1,1.000000
P00995,SPINK1,1.000000
Q4GW12,COII,1.000000
Q8NFP9,NBEA,1.000000
P56524,HDAC4,1.000000
P05155,SERPING1,1.000000
P05154,SERPINA5,1.000000
Q5TH69,ARFGEF3,1.000000
Q8NCE2,MTMR14,1.000000
P13645,KRT10,1.000000
P17174,GOT1,1.000000
P13647,KRT5,1.000000
P53803,POLR2K,1.000000
Q86XH1,IQCA1,1.000000
Q9H6T3,RPAP3,1.000000
Q96QU1,PCDH15,1.000000
P19474,TRIM21,1.000000
Q07020,RPL18,1.000000
O75369-9,FLNB,1.000000
Q9NP98,MYOZ1,1.000000
Q9NSE4,IARS2,1.000000
P22492,HIST1H1T,1.000000
Q9BTC0,DIDO1,1.000000
P05161,ISG15,1.000000
Q9Y4X5,ARIH1,1.000000
Q06TE6,COX2,1.000000
P45379,TNNT2,1.000000
P49368-2,CCT3,1.000000
P14854,COX6B1,1.000000
Q96S66,CLCC1,1.000000
A5A3E0,POTEF,1.000000
A0JLQ5,BXDC2,1.000000
O00585,CCL21,1.000000
Q86WR7,PROSER2,1.000000
Q5SW79,CEP170,1.000000
Q53QD5,HSPD1,1.000000
P61163,ACTR1A,1.000000
Q9Y230,RUVBL2,1.000000
Q9Y232,CDYL,1.000000
Q9H7D0,DOCK5,1.000000
Q93088,BHMT,1.000000
P07585,DCN,1.000000
P10515,DLAT,1.000000
Q8IZ83,ALDH16A1,1.000000
P07741,APRT,1.000000
Q6I9V6,CDKN1B,1.000000
A0SA07,COX2,1.000000
Q96IQ9,ZNF414,1.000000
P02511,CRYAB,1.000000
Q8TAK5,GABPB2,1.000000
P98170,XIAP,1.000000
Q02297-6,NRG1,1.000000
A1Z4V2,COX2,1.000000
P09912,IFI6,1.000000
P98177,FOXO4,1.000000
P25940,COL5A3,1.000000
P84243,H3F3B,1.000000
P84243,H3F3A,1.000000
Q9H1J1,UPF3A,1.000000
Q8IZ69,TRMT2A,1.000000
Q7L014,DDX46,1.000000
Q2M3V2,SOWAHA,1.000000
Q6P1J9,CDC73,1.000000
Q1KMD3,HNRNPUL2,1.000000
P40222,TXLNA,1.000000
P00918,CA2,1.000000
Q15149-6,PLEC,1.000000
O60524,NEMF,1.000000
Q92917,GPKOW,1.000000
Q5VUM1,SDHAF4,1.000000
Q15149-7,PLEC,1.000000
P20645,M6PR,1.000000
Q92918,MAP4K1,1.000000
Q15113,PCOLCE,1.000000
P48741,HSPA7,1.000000
Q6NZI2,PTRF,1.000000
O15226,NKRF,1.000000
Q9P2J5,LARS,1.000000
Q5VWQ0,RSBN1,1.000000
B2XL43,COX2,1.000000
P21730,C5AR1,1.000000
Q8IY92,SLX4,1.000000
P28340,POLD1,1.000000
Q92598,HSPH1,1.000000
Q92599,SEPT8,1.000000
Q7Z5L9,IRF2BP2,1.000000
Q9H190,SDCBP2,1.000000
Q8TF74,WIPF2,1.000000
P62906,RPL10A,1.000000
P01350,GAST,1.000000
Q86VP6,CAND1,1.000000
Q6PJT7,ZC3H14,1.000000
P49069,CAMLG,1.000000
P52306,RAP1GDS1,1.000000
P35232,PHB,1.000000
P08697,SERPINF2,1.000000
O75489,NDUFS3,1.000000
P15924,DSP,1.000000
Q01415,GALK2,1.000000
P08123,COL1A2,1.000000
P53041,PPP5C,1.000000
P14324,FDPS,1.000000
Q8NEF9,SRFBP1,1.000000
Q9Y5K6,CD2AP,1.000000
O60664,PLIN3,1.000000
Q9UIK4,DAPK2,1.000000
P05423,POLR3D,1.000000
Q9Y3F4,STRAP,1.000000
Q8WWY3,PRPF31,1.000000
P17980,PSMC3,1.000000
P17987,TCP1,1.000000
Q9H607,OCEL1,1.000000
O94985-2,CLSTN1,1.000000
Q8N0X7,SPG20,1.000000
B2WRY8,COX2,1.000000
Q92466,DDB2,1.000000
O43148,RNMT,1.000000
P27144,AK4,1.000000
O43143,DHX15,1.000000
Q3B792,NQO1,1.000000
Q9Y3T9,NOC2L,1.000000
P30044-3,PRDX5,1.000000
Q92667,AKAP1,1.000000
Q96QZ7,MAGI1,1.000000
Q32MZ4,LRRFIP1,1.000000
P23471,PTPRZ1,1.000000
Q8IYB3,SRRM1,1.000000
Q96PU8,QKI,1.000000
Q99616,CCL13,1.000000
Q99614,TTC1,1.000000
Q99615,DNAJC7,1.000000
Q99613,EIF3C,1.000000
Q99611,SEPHS2,1.000000
P26368,U2AF2,1.000000
P09417,QDPR,1.000000
Q04917,YWHAH,1.000000
Q05084,ICA1,1.000000
Q15843,NEDD8,1.000000
O43707,ACTN4,1.000000
Q86Z22,HEL-S-297,1.000000
Q9BU76,MMTAG2,1.000000
P42261,GRIA1,1.000000
P42263,GRIA3,1.000000
Q9GZT3,SLIRP,1.000000
Q96DI7,SNRNP40,1.000000
P12268,IMPDH2,1.000000
Q9NWH9,SLTM,1.000000
Q8IWN7,RP1L1,1.000000
P06870,KLK1,1.000000
O00411,POLRMT,1.000000
P19022,CDH2,1.000000
Q14139,UBE4A,1.000000
Q9NYL2,ZAK,1.000000
P42285,SKIV2L2,1.000000
O96028,WHSC1,1.000000
Q9Y5X9,LIPG,1.000000
P68871,HBB,1.000000
O43520,ATP8B1,1.000000
P07900,HSP90AA1,1.000000
P26373,RPL13,1.000000
Q9NPA9,ra-a47,1.000000
O43524,FOXO3,1.000000
Q9Y5X1,SNX9,1.000000
Q99729,HNRNPAB,1.000000
Q6FIE5,PHP14,1.000000
Q9UNS1,TIMELESS,1.000000
Q9UNS2,COPS3,1.000000
Q14157,UBAP2L,1.000000
Q14155,ARHGEF7,1.000000
Q14152,EIF3A,1.000000
O94888,UBXN7,1.000000
Q14151,SAFB2,1.000000
P35052,GPC1,1.000000
P21281,ATP6V1B2,1.000000
P40227-2,CCT6A,1.000000
P26038,MSN,1.000000
P10145,CXCL8,1.000000
Q9Y5J1,UTP18,1.000000
Q7Z7L1,SLFN11,1.000000
P19338,NCL,1.000000
P19623,SRM,1.000000
P16104,H2AFX,1.000000
P15121,AKR1B1,1.000000
P63241,EIF5A,1.000000
O75116,ROCK2,1.000000
P63244,RACK1,1.000000
P10645,CHGA,1.000000
P62333,PSMC6,1.000000
Q99439,CNN2,1.000000
Q8WUI4,HDAC7,1.000000
Q16576,RBBP7,1.000000
Q9NR30-2,DDX21,1.000000
P26639,TARS,1.000000
O95071,UBR5,1.000000
Q9UBU3,GHRL,1.000000
Q96GA7,SDSL,1.000000
Q8TDY2,RB1CC1,1.000000
Q9BZ95,WHSC1L1,1.000000
Q9UBU9,NXF1,1.000000
Q9BUL8,PDCD10,1.000000
Q13509,TUBB3,1.000000
Q9UDY2,TJP2,1.000000
B1AK88,CAPZB,1.000000
Q13501,SQSTM1,1.000000
Q9GZU1,MCOLN1,1.000000
P02452,COL1A1,1.000000
P07900-2,HSP90AA1,1.000000
P13501,CCL5,1.000000
P13500,CCL2,1.000000
Q86YT6,MIB1,1.000000
Q16718,NDUFA5,1.000000
Q9NWZ8,GEMIN8,1.000000
Q6FI45,ADH5,1.000000
A4D1Y2,LOC392884,1.000000
Q5JST6,EFHC2,1.000000
P45973,CBX5,1.000000
Q9B138,COX2,1.000000
P12272,PTHLH,1.000000
Q06033,ITIH3,1.000000
Q53EL6,PDCD4,1.000000
B2XP28,COX2,1.000000
P12277,CKB,1.000000
Q9UQE7,SMC3,1.000000
O00178,GTPBP1,1.000000
Q9NWT1,PAK1IP1,1.000000
P48634,PRRC2A,1.000000
P48637,GSS,1.000000
Q15287,RNPS1,1.000000
Q6GMV2,SMYD5,1.000000
P55196,MLLT4,1.000000
P61244,MAX,1.000000
P61247,RPS3A,1.000000
O95049,TJP3,1.000000
Q13619,CUL4A,1.000000
P13473,LAMP2,1.000000
Q13610,PWP1,1.000000
Q16626,MEA1,1.000000
P15311,EZR,1.000000
Q16625,OCLN,1.000000
P60866,RPS20,1.000000
Q9H0R4,HDHD2,1.000000
Q06323,PSME1,1.000000
Q16629,SRSF7,1.000000
Q7Z422,SZRD1,1.000000
O75175,CNOT3,1.000000
Q96N21,ENTHD2,1.000000
Q07325,CXCL9,1.000000
O60884,DNAJA2,1.000000
P56537,EIF6,1.000000
O60883,GPR37L1,1.000000
Q9NQ39,RPS10P5,1.000000
Q9BS40,LXN,1.000000
O95104,SCAF4,1.000000
P21127,CDK11B,1.000000
P30301,MIP,1.000000
P51693,APLP1,1.000000
Q9HC35,EML4,1.000000
Q9NTK5,OLA1,1.000000
Q9NXL2,ARHGEF38,1.000000
P06753,TPM3,1.000000
Q9BRZ2,TRIM56,1.000000
Q7Z4Q2,HEATR3,1.000000
Q12905,ILF2,1.000000
Q12904,AIMP1,1.000000
Q96BA8,CREB3L1,1.000000
P49419-2,ALDH7A1,1.000000
Q969Q0,RPL36AL,1.000000
Q9BXY0,MAK16,1.000000
Q32P51,HNRNPA1L2,1.000000
Q99627-2,COPS8,1.000000
O95926,SYF2,1.000000
Q96ST3,SIN3A,1.000000
Q7L7L0,HIST3H2A,1.000000
Q15HH9,COX2,1.000000
Q9NQG5,RPRD1B,1.000000
O75376,NCOR1,1.000000
Q15058,KIF14,1.000000
P07093-2,SERPINE2,1.000000
Q6PGN9,PSRC1,1.000000
Q15056,EIF4H,1.000000
Q15057,ACAP2,1.000000
Q15050,RRS1,1.000000
Q15052,ARHGEF6,1.000000
O95218,ZRANB2,1.000000
B2XIR3,COX2,1.000000
Q12874,SF3A3,1.000000
Q12873,CHD3,1.000000
Q12872,SFSWAP,1.000000
Q9Y224,C14orf166,1.000000
Q8NF91-4,SYNE1,1.000000
P39687,ANP32A,1.000000
Q99757,TXN2,1.000000
Q00688,FKBP3,1.000000
Q14203-5,DCTN1,1.000000
Q86UP2,KTN1,1.000000
Q13363-2,CTBP1,1.000000
Q9HC38,GLOD4,1.000000
Q6EMB2,TTLL5,1.000000
P08758,ANXA5,1.000000
Q9Y6A5,TACC3,1.000000
Q58G82,SYT14P1,1.000000
Q6P158,DHX57,1.000000
Q07812,BAX,1.000000
Q07817,BCL2L1,1.000000
P29373,CRABP2,1.000000
P62937,PPIA,1.000000
P09622,DLD,1.000000
P31323,PRKAR2B,1.000000
P14209,CD99,1.000000
Q92901,RPL3L,1.000000
Q92900,UPF1,1.000000
Q9H853,TUBA4B,1.000000
P01189,POMC,1.000000
Q8IY81,FTSJ3,1.000000
Q86U86,PBRM1,1.000000
P01185,AVP,1.000000
Q6T311,ARL9,1.000000
O15212,PFDN6,1.000000
O15213,WDR46,1.000000
Q9P2K5,MYEF2,1.000000
Q9Y314,NOSIP,1.000000
Q9NSN8,SNTG1,1.000000
P46776,RPL27A,1.000000
P46777,RPL5,1.000000
P01160,NPPA,1.000000
O75909,CCNK,1.000000
P46778,RPL21,1.000000
P46779,RPL28,1.000000
Q9H3P7,ACBD3,1.000000
P20382,PMCH,1.000000
P01584,IL1B,1.000000
O75475,PSIP1,1.000000
O75521-2,ECI2,1.000000
Q9H583,HEATR1,1.000000
Q96QK1,VPS35,1.000000
Q14232,EIF2B1,1.000000
P17405,SMPD1,1.000000
P05455,SSB,1.000000
P01298,PPY,1.000000
P28715,ERCC5,1.000000
Q08257,CRYZ,1.000000
O75874,IDH1,1.000000
Q32MK0,MYLK3,1.000000
Q969G3,SMARCE1,1.000000
Q9BXK1,KLF16,1.000000
P06241,FYN,1.000000
P08590,MYL3,1.000000
Q13564-2,NAE1,1.000000
P54278,PMS2,1.000000
Q15942,ZYX,1.000000
Q9YNA8,ERVK-19,1.000000
P54277,PMS1,1.000000
Q9HB90,RRAGC,1.000000
Q92674,CENPI,1.000000
P08572,COL4A2,1.000000
Q92673,SORL1,1.000000
Q8NCW5,APOA1BP,1.000000
P05305,EDN1,1.000000
Q9Y4C8,RBM19,1.000000
Q14527,HLTF,1.000000
P62753,RPS6,1.000000
P62750,RPL23A,1.000000
P22392,NME2,1.000000
Q86YI8,PHF13,1.000000
P04075,ALDOA,1.000000
Q96P16,RPRD1A,1.000000
Q96P11,NSUN5,1.000000
Q92769,HDAC2,1.000000
P15559,NQO1,1.000000
Q8WW33,GTSF1,1.000000
Q6UB35,MTHFD1L,1.000000
Q3LIE9,Nbla02942,1.000000
Q9UHR6,ZNHIT2,1.000000
Q9UM54,MYO6,1.000000
Q9NZN8,CNOT2,1.000000
Q6R954,PDIP46,1.000000
Q96AE4,FUBP1,1.000000
O75056,SDC3,1.000000
Q9UHB9,SRP68,1.000000
P41250,GARS,1.000000
P07910,HNRNPC,1.000000
P41252,IARS,1.000000
Q9UHB6,LIMA1,1.000000
P02679,FGG,1.000000
P53675,CLTCL1,1.000000
P0DMU8,CT45A5,1.000000
Q99733,NAP1L4,1.000000
P32004,L1CAM,1.000000
O95758,PTBP3,1.000000
P19105,MYL12A,1.000000
A6NFI3,ZNF316,1.000000
Q9H4L5,OSBPL3,1.000000
Q9H4L7,SMARCAD1,1.000000
Q14149,MORC3,1.000000
Q6RNN7,COX2,1.000000
Q9NYQ8,FAT2,1.000000
P10827,THRA,1.000000
P69905,HBA1,1.000000
P69905,HBA2,1.000000
Q96RY7,IFT140,1.000000
P16112,ACAN,1.000000
Q9UNP9,PPIE,1.000000
P11831,SRF,1.000000
Q7Z7K6,CENPV,1.000000
Q9NVA2,SEPT11,1.000000
P05997,COL5A2,1.000000
Q9H4B7,TUBB1,1.000000
Q9H4B4,PLK3,1.000000
P54725,RAD23A,1.000000
P07357,C8A,1.000000
P07355,ANXA2,1.000000
P07359,GP1BA,1.000000
P07358,C8B,1.000000
Q8IWC1,MAP7D3,1.000000
Q86Y04,MAP4,1.000000
P62328,TMSB4X,1.000000
O75122,CLASP2,1.000000
Q99426,TBCB,1.000000
P42858,HTT,1.000000
Q16816,PHKG1,1.000000
Q6ZRI8,ARHGAP36,1.000000
Q5VTL8,PRPF38B,1.000000
Q03014,HHEX,1.000000
O60343,TBC1D4,1.000000
Q16566,CAMK4,1.000000
Q9UBT2,UBA2,1.000000
Q9UQF2,MAPK8IP1,1.000000
Q2VPK5,CTU2,1.000000
P49407,ARRB1,1.000000
Q6DKI1,RPL7L1,1.000000
Q15418-2,RPS6KA1,1.000000
P58107,EPPK1,1.000000
Q15726,KISS1,1.000000
P61011,SRP54,1.000000
Q99879,HIST1H2BM,1.000000
Q9NUY8,TBC1D23,1.000000
Q15723,ELF2,1.000000
Q9H223,EHD4,1.000000
O00148,DDX39A,1.000000
Q96A65,EXOC4,1.000000
Q9H5V8,CDCP1,1.000000
Q9H5V7,IKZF5,1.000000
P30825,SLC7A1,1.000000
O14980,XPO1,1.000000
P36543,ATP6V1E1,1.000000
Q8IXM2,BAP18,1.000000
Q96PU5,NEDD4L,1.000000
Q01844,EWSR1,1.000000
P36544,CHRNA7,1.000000
P15104,GLUL,1.000000
P14543,NID1,1.000000
P30260,CDC27,1.000000
Q9NR31,SAR1A,1.000000
Q9NR30,DDX21,1.000000
P52789,HK2,1.000000
P61278,SST,1.000000
P34897,SHMT2,1.000000
Q9UHD8,SEPT9,1.000000
Q8HNR1,COX2,1.000000
P49736,MCM2,1.000000
P13796,LCP1,1.000000
P13797,PLS3,1.000000
Q13601,KRR1,1.000000
Q99832-2,CCT7,1.000000
Q9Y2L1,DIS3,1.000000
P06400,RB1,1.000000
Q96LI1,CCDC13,1.000000
Q9NUJ3,TCP11L1,1.000000
P34949,MPI,1.000000
O95671,ASMTL,1.000000
P41743,PRKCI,1.000000
A0FGR8,ESYT2,1.000000
Q15436,SEC23A,1.000000
O95678,KRT75,1.000000
Q15435,PPP1R7,1.000000
Q16637,SMN2,1.000000
Q16637,SMN1,1.000000
Q53QZ3,ARHGAP15,1.000000
Q16630,CPSF6,1.000000
P15309,ACPP,1.000000
Q9UNN8,PROCR,1.000000
Q9UNN5,FAF1,1.000000
P50570,DNM2,1.000000
Q7Z434,MAVS,1.000000
Q6NZY4,ZCCHC8,1.000000
Q6NVY1,HIBCH,1.000000
Q9NVI1,FANCI,1.000000
P30085,CMPK1,1.000000
P30084,ECHS1,1.000000
P30086,PEBP1,1.000000
Q9NQ29,LUC7L,1.000000
Q9BVS4,RIOK2,1.000000
P57740,NUP107,1.000000
P06744,GPI,1.000000
Q6UVK1,CSPG4,1.000000
P51648,ALDH3A2,1.000000
P09382,LGALS1,1.000000
P06748,NPM1,1.000000
Q9NRL2,BAZ1A,1.000000
P49821,NDUFV1,1.000000
P38432,COIL,1.000000
Q29RF7,PDS5A,1.000000
P12270,TPR,1.000000
O15084-3,ANKRD28,1.000000
Q96EB6,SIRT1,1.000000
O00292,LEFTY2,1.000000
Q8N5C6,SRBD1,1.000000
Q9UBF8,PI4KB,1.000000
Q9UMX5,NENF,1.000000
P23921,RRM1,1.000000
O00299,CLIC1,1.000000
Q8WZ71,TMEM158,1.000000
Q07002,CDK18,1.000000
Q96EI5,TCEAL4,1.000000
Q6DN03,HIST2H2BC,1.000000
Q9ULC6,PADI1,1.000000
Q96EP5,DAZAP1,1.000000
Q07955,SRSF1,1.000000
Q9H4A5,GOLPH3L,1.000000
Q04206,RELA,1.000000
Q4KMP7,TBC1D10B,1.000000
Q8NAF0,ZNF579,1.000000
O60437,PPL,1.000000
Q5NT82,ITPA,1.000000
O95202,LETM1,1.000000
P56182,RRP1,1.000000
O95365,ZBTB7A,1.000000
P31689,DNAJA1,1.000000
Q15046,KARS,1.000000
Q9NSI8,SAMSN1,1.000000
Q12802,AKAP13,1.000000
Q12800,TFCP2,1.000000
Q9H7B2,RPF2,1.000000
O15117,FYB,1.000000
Q12789-2,GTF3C1,1.000000
Q9BX10,GTPBP2,1.000000
P02538,KRT6A,1.000000
Q5QD01,MYO18A,1.000000
Q6RKW8,COX2,1.000000
P49916,LIG3,1.000000
A9CQZ4,DPYSL2,1.000000
P02533,KRT14,1.000000
P49913,CAMP,1.000000
A8K4W0,RPS3A,1.000000
Q93045,STMN2,1.000000
P09341,CXCL1,1.000000
P0C0L4,C4A,1.000000
Q7Y6N0,COX2,1.000000
Q7KZ85,SUPT6H,1.000000
Q15836,VAMP3,1.000000
A6NMQ3,ENSA,1.000000
Q1ET65,ST1A5,1.000000
P17706,PTPN2,1.000000
Q13442,PDAP1,1.000000
Q1ET63,ST1A5,1.000000
Q1ET62,ST1A5,1.000000
Q01780,EXOSC10,1.000000
P31350,RRM2,1.000000
P18206,VCL,1.000000
P78396,CCNA1,1.000000
Q9BVA1,TUBB2B,1.000000
Q58FF7,HSP90AB3P,1.000000
O60506,SYNCRIP,1.000000
P05198,EIF2S1,1.000000
Q9H2X6,HIPK2,1.000000
P01258,CALCA,1.000000
Q9H2X0,CHRD,1.000000
P07437,TUBB,1.000000
Q01658,DR1,1.000000
P24385,CCND1,1.000000
Q9Y490,TLN1,1.000000
Q86W56,PARG,1.000000
P43246,MSH2,1.000000
P39748,FEN1,1.000000
P43243,MATR3,1.000000
Q01433,AMPD2,1.000000
Q9UHG2,PCSK1N,1.000000
P00488,F13A1,1.000000
P23381,WARS,1.000000
P49005,POLD2,1.000000
P49006,MARCKSL1,1.000000
O75915,ARL6IP5,1.000000
O75914,PAK3,1.000000
P01178,OXT,1.000000
P15498,VAV1,1.000000
P0DMN0,SULT1A4,1.000000
Q9Y3D7,PAM16,1.000000
Q9Y3D8,AK6,1.000000
P01286,GHRH,1.000000
P01282,VIP,1.000000
Q96SI9,STRBP,1.000000
Q8N257,HIST3H2BB,1.000000
P27708,CAD,1.000000
Q8TEQ6,GEMIN5,1.000000
Q01844-5,EWSR1,1.000000
P25963,NFKBIA,1.000000
Q9Y4L1,HYOU1,1.000000
P01574,IFNB1,1.000000
Q92804,TAF15,1.000000
P18859,ATP5J,1.000000
Q02539,HIST1H1A,1.000000
P00390,GSR,1.000000
O15553,MEFV,1.000000
Q13283,G3BP1,1.000000
Q8WUY8,NAT14,1.000000
O43521,BCL2L11,1.000000
Q9H009,NACA2,1.000000
Q9Y4B4,RAD54L2,1.000000
P02751,FN1,1.000000
Q96EY5,MVB12A,1.000000
Q13045,FLII,1.000000
Q99633,PRPF18,1.000000
P53355,DAPK1,1.000000
Q0Z7S0,COX2,1.000000
Q13043,STK4,1.000000
Q8WYA6,CTNNBL1,1.000000
P23258,TUBG1,1.000000
P18850,ATF6,1.000000
Q14558,PRPSAP1,1.000000
P02751-8,FN1,1.000000
P60510,PPP4C,1.000000
O75596,CLEC3A,1.000000
Q8WX93,PALLD,1.000000
P20042,EIF2S2,1.000000
Q8WW22,DNAJA4,1.000000
A6Z6E8,COX2,1.000000
P01375,TNF,1.000000
P40225-1,THPO,1.000000
Q9GZZ9,UBA5,1.000000
B2XHF9,COX2,1.000000
Q96CW5,TUBGCP3,1.000000
P47985,UQCRFS1,1.000000
Q99704,DOK1,1.000000
O43290,SART1,1.000000
Q8IZP0,ABI1,1.000000
Q8IZP2,ST13P4,1.000000
O96000,NDUFB10,1.000000
Q05209,PTPN12,1.000000
Q147X3,NAA30,1.000000
Q96A08,HIST1H2BA,1.000000
A6YW54,COX2,1.000000
P05771,PRKCB,1.000000
Q4LE61,SYMPKvariantprotein,1.000000
Q6VJD8,COX2,1.000000
O75309,CDH16,1.000000
O43615,TIMM44,1.000000
P61916,NPC2,1.000000
Q9P258,RCC2,1.000000
P04004,VTN,1.000000
Q5JSZ5,PRRC2B,1.000000
Q659C4,LARP1B,1.000000
Q9H9Y6,POLR1B,1.000000
Q9H9Y4,GPN2,1.000000
Q7Z7J6,ACTA1,1.000000
Q0EFC9,TC4,1.000000
Q13464,ROCK1,1.000000
Q13469,NFATC2,1.000000
Q5SXM2,SNAPC4,1.000000
P49354,FNTA,1.000000
P04908,HIST1H2AE,1.000000
P04908,HIST1H2AB,1.000000
Q13263,TRIM28,1.000000
P30837,ALDH1B1,1.000000
O75131,CPNE3,1.000000
A6NKF1,SAC3D1,1.000000
Q02790,FKBP4,1.000000
P31939,ATIC,1.000000
Q8TEM1,NUP210,1.000000
A1Z1Q3,MACROD2,1.000000
Q9BUR4,WRAP53,1.000000
Q8IWR0,ZC3H7A,1.000000
P11473,VDR,1.000000
Q9UBW7,ZMYM2,1.000000
P11717,IGF2R,1.000000
Q6FHC8,POMC,1.000000
P40197,GP5,1.000000
P22626,HNRNPA2B1,1.000000
Q7Z6E9,RBBP6,1.000000
Q6R0V6,COX2,1.000000
Q53H96,PYCRL,1.000000
Q8WZA9,IRGQ,1.000000
P36956,SREBF1,1.000000
Q8IUR6,CREBRF,1.000000
P36952,SERPINB5,1.000000
O15446,CD3EAP,1.000000
P54136,RARS,1.000000
Q96F24,NRBF2,1.000000
P54132,BLM,1.000000
O43768-4,ENSA,1.000000
Q8N7Z5,ANKRD31,1.000000
P36551,CPOX,1.000000
Q9Y5L0,TNPO3,1.000000
Q68EM7,ARHGAP17,1.000000
Q9NYP9,MIS18A,1.000000
Q06830,PRDX1,1.000000
Q9BY66,KDM5D,1.000000
Q8N7H1,LINC01465,1.000000
P17096,HMGA1,1.000000
O60502,MGEA5,1.000000
P30520,ADSS,1.000000
O14646,CHD1,1.000000
Q9BVA0,KATNB1,1.000000
O14641,DVL2,1.000000
Q14956,GPNMB,1.000000
Q96EK6,GNPNAT1,1.000000
Q9NWV4,C1orf123,1.000000
Q15428,SF3A2,1.000000
P21246,PTN,1.000000
P50895,BCAM,1.000000
P49588,AARS,1.000000
Q15424,SAFB,1.000000
Q15427,SF3B4,1.000000
P10082,PYY,1.000000
P50897,PPT1,1.000000
P09972,ALDOC,1.000000
Q9BRJ6,C7orf50,1.000000
P30419,NMT1,1.000000
P60842,EIF4A1,1.000000
Q9H0G5,NSRP1,1.000000
Q8NBS9,TXNDC5,1.000000
Q6RQ80,COX2,1.000000
A6NDY9,FLNA,1.000000
P06732,CKM,1.000000
P55081,MFAP1,1.000000
P06730,EIF4E,1.000000
P55084,HADHB,1.000000
P06737,PYGL,1.000000
P06734,FCER2,1.000000
Q676U5,ATG16L1,1.000000
P25391,LAMA1,1.000000
Q7Z4W1,DCXR,1.000000
Q13707,ACTA2,1.000000
P25398,RPS12,1.000000
Q96GM8,TOE1,1.000000
O00165,HAX1,1.000000
Q8NCA5,FAM98A,1.000000
O00287,RFXAP,1.000000
A1Z455,COX2,1.000000
Q9NR09,BIRC6,1.000000
Q8NF91,SYNE1,1.000000
A0PJH5,SF3B1,1.000000
Q86WQ0,NR2C2AP,1.000000
Q9P013,CWC15,1.000000
P57772,EEFSEC,1.000000
P51659,HSD17B4,1.000000
P56192,MARS,1.000000
P30740,SERPINB1,1.000000
P20700,LMNB1,1.000000
P55884,EIF3B,1.000000
Q8HQB7,COII,1.000000
P02730,SLC4A1,1.000000
Q9H2G2,SLK,1.000000
P09429,HMGB1,1.000000
Q9BVP2,GNL3,1.000000
Q14980,NUMA1,1.000000
Q06481,APLP2,1.000000
Q13813,SPTAN1,1.000000
P07737,PFN1,1.000000
Q9Y6C9,MTCH2,1.000000
P04275,VWF,1.000000
P07225,PROS1,1.000000
Q93077,HIST1H2AC,1.000000
P04279,SEMG1,1.000000
Q93079,HIST1H2BH,1.000000
Q01959,SLC6A3,1.000000
Q9Y233-2,PDE10A,1.000000
P20674,COX5A,1.000000
P20671,HIST1H2AD,1.000000
P00966,ASS1,1.000000
P62910,RPL32,1.000000
Q66PJ3,ARL6IP4,1.000000
Q15149,PLEC,1.000000
P52298,NCBP2,1.000000
O76003,GLRX3,1.000000
P62917,RPL8,1.000000
O00425,IGF2BP3,1.000000
P55957,BID,1.000000
O43889,CREB3,1.000000
P15170,GSPT1,1.000000
O95876,WDPCP,1.000000
O00429,DNM1L,1.000000
P06396,GSN,1.000000
Q07157,TJP1,1.000000
Q9H0U9,TSPYL1,1.000000
Q00796,SORD,1.000000
Q9H0U4,RAB1B,1.000000
Q9BXM7,PINK1,1.000000
Q9P2M7,CGN,1.000000
P15976,GATA1,1.000000
P24592,IGFBP6,1.000000
P24593,IGFBP5,1.000000
P23396,RPS3,1.000000
P01148,GNRH1,1.000000
Q5W0B1,RNF219,1.000000
Q8TF40,FNIP1,1.000000
O75459,PAGE1,1.000000
Q9Y3E1,HDGFRP3,1.000000
P35269,GTF2F1,1.000000
P0DMM9,SULT1A3,1.000000
Q9NW13,RBM28,1.000000
Q9UGI8,TES,1.000000
Q01130,SRSF2,1.000000
P14317,HCLS1,1.000000
Q5S971,COX2,1.000000
P14314,PRKCSH,1.000000
P00367,GLUD1,1.000000
O75151,PHF2,1.000000
A6ZEU4,COX2,1.000000
P00568,AK1,1.000000
Q7Y6M3,COX2,1.000000
Q92813,DIO2,1.000000
Q92817,EVPL,1.000000
Q02818,NUCB1,1.000000
P00387,CYB5R3,1.000000
O75152,ZC3H11A,1.000000
Q92499,DDX1,1.000000
P38646,HSPA9,1.000000
P08397,HMBS,1.000000
Q6IRT1,ADH5,1.000000
Q96AT9,RPE,1.000000
Q3ZCM7,TUBB8,1.000000
Q8N9R8,SCAI,1.000000
Q9Y4A5,TRRAP,1.000000
P08559,PDHA1,1.000000
Q9Y2T4,PPP2R2C,1.000000
Q13077,TRAF1,1.000000
Q9BUA6,MYL10,1.000000
O60749,SNX2,1.000000
P15531,NME1,1.000000
P23246,SFPQ,1.000000
P20290,BTF3,1.000000
Q7KZF4,SND1,1.000000
P24752,ACAT1,1.000000
P51610,HCFC1,1.000000
P05019,IGF1,1.000000
O96013,PAK4,1.000000
O43852,CALU,1.000000
Q14765,STAT4,1.000000
Q14764,MVP,1.000000
O96019,ACTL6A,1.000000
Q14766,LTBP1,1.000000
P46934,NEDD4,1.000000
Q8IZQ1,WDFY3,1.000000
Q96RI0,F2RL3,1.000000
Q99715,COL12A1,1.000000
Q8NHW4-10,CCL4L1,1.000000
Q8NHW4-10,CCL4L2,1.000000
Q9H307,PNN,1.000000
Q9NYA1,SPHK1,1.000000
O43264,ZW10,1.000000
Q14697,GANAB,1.000000
P98179,RBM3,1.000000
P48506,GCLC,1.000000
Q04637,EIF4G1,1.000000
Q8IWU5,SULF2,1.000000
Q6ZMP0,THSD4,1.000000
P52701,MSH6,1.000000
O60293,ZFC3H1,1.000000
Q8IWS0,PHF6,1.000000
O43663,PRC1,1.000000
O43660,PLRG1,1.000000
P61923,COPZ1,1.000000
Q14166,TTLL12,1.000000
Q14164,IKBKE,1.000000
Q14161,GIT2,1.000000
Q14160,SCRIB,1.000000
P10809,HSPD1,1.000000
Q96QD9,FYTTD1,1.000000
Q15637,SF1,1.000000
Q15631,TSN,1.000000
P16949,STMN1,1.000000
Q16836,HADH,1.000000
Q96G03,PGM2,1.000000
Q9NZ32,ACTR10,1.000000
Q6P1M3,LLGL2,1.000000
P20396,TRH,1.000000
P54709,ATP1B3,1.000000
Q13492,PICALM,1.000000
Q13490,BIRC2,1.000000
Q16543,CDC37,1.000000
O60361,NME2P1,1.000000
P49368,CCT3,1.000000
P42830,CXCL5,1.000000
Q9ULT8,HECTD1,1.000000
P32119,PRDX2,1.000000
Q6ZNL4,FLJ00279,1.000000
Q9H3S7,PTPN23,1.000000
Q0Z7F1,COX2,1.000000
P19013,KRT4,1.000000
P19012,KRT15,1.000000
O95782,AP2A1,1.000000
P15502-4,ELN,1.000000
P15502-2,ELN,1.000000
O95785,WIZ,1.000000
Q9BUQ8,DDX23,1.000000
Q8WUD4,CCDC12,1.000000
O43314,PPIP5K2,1.000000
P09012,SNRPA,1.000000
P54652,HSPA2,1.000000
Q9NSV4,DIAPH3,1.000000
Q03405,PLAUR,1.000000
P08581,MET,1.000000
O43318,MAP3K7,1.000000
P55854,SUMO3,1.000000
P07108-3,DBI,1.000000
Q96A49,SYAP1,1.000000
P48163,ME1,1.000000
Q96DF8,DGCR14,1.000000
Q9NY27,PPP4R2,1.000000
P52815,MRPL12,1.000000
P19367,HK1,1.000000
Q9NQB0,TCF7L2,1.000000
Q4G0J3,LARP7,1.000000
P63167,DYNLL1,1.000000
P63165,SUMO1,1.000000
P63162,SNRPN,1.000000
P56945,BCAR1,1.000000
Q9UHV7,MED13,1.000000
Q9BSU1,C16orf70,1.000000
Q9UHV9,PFDN2,1.000000
Q9Y5M8,SRPRB,1.000000
Q5T8P6,RBM26,1.000000
Q96FV9,THOC1,1.000000
Q86XE2,PDXDC1,1.000000
B2R5W2,HNRNPC,1.000000
Q8NDC0,MAPK1IP1L,1.000000
P33992,MCM5,1.000000
P33993,MCM7,1.000000
P33991,MCM4,1.000000
P12081,HARS,1.000000
P50914,RPL14,1.000000
Q06828,FMOD,1.000000
P49750,YLPM1,1.000000
P49754,VPS41,1.000000
P61457,PCBD1,1.000000
P61106,RAB14,1.000000
P60983,GMFB,1.000000
Q15418,RPS6KA1,1.000000
A4D1R5,LOC202789,1.000000
P49593,PPM1F,1.000000
P41567,EIF1,1.000000
P49591,SARS,1.000000
P49590,HARS2,1.000000
O14893,GEMIN2,1.000000
P55283,CDH4,1.000000
P22830,FECH,1.000000
P19875,CXCL2,1.000000
P51531,SMARCA2,1.000000
P51532,SMARCA4,1.000000
Q96MW1,CCDC43,1.000000
Q07021,C1QBP,1.000000
P61586,RHOA,1.000000
Q96HQ2,CDKN2AIPNL,1.000000
Q9BRK5,SDF4,1.000000
Q16613,AANAT,1.000000
Q9H6F5,CCDC86,1.000000
Q16610,ECM1,1.000000
Q9H0D6,XRN2,1.000000
Q7Z417,NUFIP2,1.000000
P39905,GDNF,1.000000
O15042,U2SURP,1.000000
Q9HA64,FN3KRP,1.000000
Q96NT1,NAP1L5,1.000000
O15047,SETD1A,1.000000
Q6P996,PDXDC1,1.000000
P20908,COL5A1,1.000000
Q9BS14,GANAB,1.000000
P30626,SRI,1.000000
P16401,HIST1H1B,1.000000
Q9NSY3,DKFZp434B0914,1.000000
P16403,HIST1H1C,1.000000
P16402,HIST1H1D,1.000000
P08949,NMB,1.000000
Q9Y3C0,CCDC53,1.000000
Q5RKT7,RPS27A,1.000000
Q6E0U4,DMKN,1.000000
P35613-4,BSG,1.000000
Q9HB65,ELL3,1.000000
P12532,CKMT1A,1.000000
P12532,CKMT1B,1.000000
Q5D862,FLG2,1.000000
Q8NC51,SERBP1,1.000000
O14654,IRS4,1.000000
Q8IXQ3,C9orf40,1.000000
P18827,SDC1,1.000000
Q15388,TOMM20,1.000000
Q9NSK0,KLC4,1.000000
O00254,F2RL2,1.000000
O00253,AGRP,1.000000
Q96H53,HSPA8,1.000000
Q86YP4,GATAD2A,1.000000
Q53S56,PAP,1.000000
Q08AF3,SLFN5,1.000000
Q9BW91,NUDT9,1.000000
P27824,CANX,1.000000
A7LFA2,COX2,1.000000
Q9Y2X3,NOP58,1.000000
Q9BVQ7,SPATA5L1,1.000000
O75607,NPM3,1.000000
Q9Y2X7,GIT1,1.000000
Q9BTM1,H2AFJ,1.000000
Q6PKG0,LARP1,1.000000
P08833,IGFBP1,1.000000
Q9H7N4,SCAF1,1.000000
P02778,CXCL10,1.000000
P83731,RPL24,1.000000
Q8IZ21,PHACTR4,1.000000
P02775,PPBP,1.000000
P52565,ARHGDIA,1.000000
Q15154,PCM1,1.000000
P17542,TAL1,1.000000
P35251,RFC1,1.000000
Q58FG1,HSP90AA4P,1.000000
P56704,WNT3A,1.000000
P56705,WNT4,1.000000
O00410,IPO5,1.000000
Q9P2N5,RBM27,1.000000
P62851,RPS25,1.000000
Q6Y7W6,GIGYF2,1.000000
O95861,BPNT1,1.000000
Q15398,DLGAP5,1.000000
Q5VUA4,ZNF318,1.000000
P37837,TALDO1,1.000000
O95865,DDAH2,1.000000
P43268,ETV4,1.000000
P62993,GRB2,1.000000
Q9H0R8,GABARAPL1,1.000000
P57764,GSDMD,1.000000
P37235,HPCAL1,1.000000
Q5XKP0,MIC13,1.000000
O15265,ATXN7,1.000000
Q13907,IDI1,1.000000
A8ASI8,BID,1.000000
Q9P0N9,TBC1D7,1.000000
Q8IY37,DHX37,1.000000
O75445,USH2A,1.000000
O95881,TXNDC12,1.000000
P53004,BLVRA,1.000000
P35580,MYH10,1.000000
P49023,PXN,1.000000
Q6EMB2-2,TTLL5,1.000000
P39019,RPS19,1.000000
P05121,SERPINE1,1.000000
P60228,EIF3E,1.000000
O75381,PEX14,1.000000
P14859,POU2F1,1.000000
Q8N6H7,ARFGAP2,1.000000
Q9NVS9,PNPO,1.000000
Q9H3N1,TMX1,1.000000
P25116,F2R,1.000000
O95394,PGM3,1.000000
Q9BXV9,C14orf142,1.000000
P00558,PGK1,1.000000
Q14397,GCKR,1.000000
P46109,CRKL,1.000000
O96008,TOMM40,1.000000
Q15084,PDIA6,1.000000
Q99877,HIST1H2BN,1.000000
Q8WYQ5,DGCR8,1.000000
Q14289,PTK2B,1.000000
Q9NRM1,ENAM,1.000000
O00468,AGRN,1.000000
Q05682,CALD1,1.000000
B0YIV3,ANKK1,1.000000
Q8IVF2,AHNAK2,1.000000
Q8N183,NDUFAF2,1.000000
Q13428-6,TCOF1,1.000000
Q8TCY9,URGCP,1.000000
P60174,TPI1,1.000000
Q92620,DHX38,1.000000
Q92621,NUP205,1.000000
Q5VTR2,RNF20,1.000000
A4ZKZ0,COX2,1.000000
Q96PZ0,PUS7,1.000000
P0CG48,UBC,1.000000
Q14579,mer5,1.000000
Q9UN86,G3BP2,1.000000
Q5PRF9,SAMD4B,1.000000
Q14574,DSC3,1.000000
P61812-2,TGFB2,1.000000
P61812-1,TGFB2,1.000000
P0CG47,UBB,1.000000
Q14573,ITPR3,1.000000
O75937,DNAJC8,1.000000
P53396,ACLY,1.000000
P42025,ACTR1B,1.000000
P43686,PSMC4,1.000000
Q9BTA9,WAC,1.000000
Q02241,KIF23,1.000000
Q8WZ94,OR5P3,1.000000
O94913,PCF11,1.000000
Q9NRL3,STRN4,1.000000
Q9Y2H9,MAST1,1.000000
P41226,UBA7,1.000000
P41229,KDM5C,1.000000
Q9Y238,DLEC1,1.000000
Q12834,CDC20,1.000000
Q96PF2,TSSK2,1.000000
O60285,NUAK1,1.000000
P49207,RPL34,1.000000
O43278,SPINT1,1.000000
Q92530,PSMF1,1.000000
O75717,WDHD1,1.000000
Q92539,LPIN2,1.000000
P20810-4,CAST,1.000000
P20810-2,CAST,1.000000
Q14974,KPNB1,1.000000
P53621,COPA,1.000000
P14151,SELL,1.000000
Q3T8J9,GON4L,1.000000
Q6VJJ3,COX2,1.000000
O43670,ZNF207,1.000000
P81605,DCD,1.000000
P24821,TNC,1.000000
Q14116,IL18,1.000000
P45880,VDAC2,1.000000
Q8IZL8,PELP1,1.000000
Q16658,FSCN1,1.000000
P16144,ITGB4,1.000000
Q86Y39,NDUFA11,1.000000
Q9H204,MED28,1.000000
Q1MSJ5-1,CSPP1,1.000000
Q13489,BIRC3,1.000000
Q9P0M6,H2AFY2,1.000000
Q13485,SMAD4,1.000000
Q9UNK0,STX8,1.000000
P06899,HIST1H2BJ,1.000000
Q16849,PTPRN,1.000000
Q9H4A3,WNK1,1.000000
O43414,ERI3,1.000000
P11277,SPTB,1.000000
P22033,MUT,1.000000
Q16531,DDB1,1.000000
Q5SB08,COX2,1.000000
Q13247,SRSF6,1.000000
O75150,RNF40,1.000000
Q99471,PFDN5,1.000000
Q13243,SRSF5,1.000000
Q13242,SRSF9,1.000000
Q99700,ATXN2,1.000000
P31431,SDC4,1.000000
Q9GZX9,TWSG1,1.000000
Q15717,ELAVL1,1.000000
O14793,MSTN,1.000000
O95793,STAU1,1.000000
Q1ED39,KNOP1,1.000000
Q07954,LRP1,1.000000
O14795,UNC13B,1.000000
P10909,CLU,1.000000
P82970,HMGN5,1.000000
P20849,COL9A1,1.000000
O43303,CCP110,1.000000
Q92838,EDA,1.000000
Q96BW5,PTER,1.000000
P82979,SARNP,1.000000
Q96FC7,PHYHIPL,1.000000
Q6ZN17,LIN28B,1.000000
Q9UHA3,RSL24D1,1.000000
P08237,PFKM,1.000000
Q96DG6,CMBL,1.000000
P18754,RCC1,1.000000
Q96F07,CYFIP2,1.000000
P36578,RPL4,1.000000
Q9NYV4,CDK12,1.000000
P63173,RPL38,1.000000
P08238,HSP90AB1,1.000000
P05814,CSN2,1.000000
Q96TA1-2,FAM129B,1.000000
P61289,PSME3,1.000000
Q9H9B1-2,EHMT1,1.000000
P11021,HSPA5,1.000000
Q53YD7,EEF1G,1.000000
Q14978,NOLC1,1.000000
Q96HR8,NAF1,1.000000
Q9BQ69,MACROD1,1.000000
P12004,PCNA,1.000000
Q9BQ67,GRWD1,1.000000
P49767,VEGFC,1.000000
Q8NH54,OR56A3,1.000000
Q6P2Q9,PRPF8,1.000000
Q9BWD1,ACAT2,1.000000
P13929,ENO3,1.000000
Q99627,COPS8,1.000000
P62158,CALM2,1.000000
P62158,CALM3,1.000000
P62158,CALM1,1.000000
Q9UNK9,ANGEL1,1.000000
Q8WXA9,SREK1,1.000000
Q53SQ6,PTD004,1.000000
P84103,SRSF3,1.000000
Q16663,CCL15,1.000000
Q8ND56,LSM14A,1.000000
Q7Z739,YTHDF3,1.000000
Q16666,IFI16,1.000000
P20962,PTMS,1.000000
Q16665,HIF1A,1.000000
