KIT,DOID:9253,0.879390
MEFV,DOID:2987,0.870271
DMD,DOID:11723,0.865413
FBN1,DOID:14323,0.858256
PTPN11,DOID:3490,0.849717
RYR1,DOID:8545,0.831580
NF1,DOID:8712,0.826154
WRN,DOID:5688,0.773136
PTCH1,DOID:2512,0.770203
RYR1,DOID:3529,0.764073
RUNX2,DOID:13994,0.763477
SLC12A3,DOID:0050450,0.757954
PTPN11,DOID:14291,0.756722
ATP2A2,DOID:2734,0.750407
CREBBP,DOID:1933,0.746554
SNCA,DOID:12217,0.744228
PTPN11,DOID:0050458,0.740658
TCOF1,DOID:2908,0.740042
PDGFRA,DOID:9253,0.735348
G6PC,DOID:2749,0.734762
HRAS,DOID:0050469,0.734175
BTD,DOID:856,0.733854
WT1,DOID:3764,0.732494
DNAI1,DOID:0050144,0.726286
KIT,DOID:3263,0.726237
GJB3,DOID:0050467,0.724536
PLOD1,DOID:14775,0.721985
RP1,DOID:10584,0.720284
WT1,DOID:2154,0.701437
JAK2,DOID:8997,0.700000
FLT3,DOID:9119,0.690000
ATP2C1,DOID:0050429,0.668074
JAK2,DOID:9119,0.662461
NSD1,DOID:14748,0.644245
CASP10,DOID:8675,0.629474
KMT2D,DOID:0060473,0.628554
WT1,DOID:0050438,0.627626
TGFBI,DOID:0060444,0.625387
ELANE,DOID:5339,0.624536
ESCO2,DOID:5325,0.623402
PHF6,DOID:0050681,0.623402
TGFBI,DOID:0060453,0.623119
MED12,DOID:14711,0.622552
GJB4,DOID:0050467,0.621985
TGFBI,DOID:0060455,0.620851
CCBE1,DOID:0060366,0.620000
SLC7A7,DOID:0060439,0.620000
CEBPA,DOID:9119,0.615950
IL6,DOID:9352,0.592906
NPM1,DOID:9119,0.585497
TP53,DOID:3347,0.569920
MYC,DOID:8584,0.562500
KCNH2,DOID:2843,0.537809
CLCN1,DOID:2106,0.536583
SLITRK1,DOID:11119,0.536134
EGFR,DOID:3908,0.533177
ALMS1,DOID:0050473,0.519688
PAX3,DOID:9258,0.519356
NF1,DOID:0050458,0.513686
APOB,DOID:13810,0.493217
TNF,DOID:7148,0.490000
KRAS,DOID:3908,0.480721
TP53,DOID:299,0.477929
KIT,DOID:9119,0.469940
KIT,DOID:349,0.447865
FLG,DOID:1702,0.442145
SOS1,DOID:3490,0.441931
SNCA,DOID:14330,0.441057
ETV6,DOID:9119,0.429553
DMD,DOID:12930,0.428135
TTN,DOID:12930,0.427256
TERT,DOID:0050156,0.422153
SETBP1,DOID:0050458,0.420284
BBS7,DOID:1935,0.418780
THPO,DOID:2224,0.418193
GCLM,DOID:5844,0.417440
MYH6,DOID:12930,0.417440
TERT,DOID:12449,0.417391
KMT2A,DOID:9119,0.416696
GATA2,DOID:0050908,0.415641
COL2A1,DOID:14415,0.414018
MPL,DOID:4971,0.413402
CBL,DOID:0050458,0.413402
NSD1,DOID:5572,0.413373
MUC5B,DOID:0050156,0.412835
CHEK2,DOID:3347,0.412806
NOTCH2,DOID:2736,0.412268
DOCK8,DOID:3261,0.411985
SOS1,DOID:0060466,0.411985
BBS12,DOID:1935,0.411418
NOTCH1,DOID:62,0.410851
AKT1,DOID:13482,0.410567
RAB23,DOID:0060234,0.410567
CASP10,DOID:10534,0.410000
TNF,DOID:9352,0.403905
EGFR,DOID:299,0.390000
HLA-DRB1,DOID:7148,0.390000
JAK2,DOID:4960,0.390000
JAK2,DOID:2224,0.390000
TP53,DOID:1749,0.390000
KRAS,DOID:299,0.377407
JAK2,DOID:4971,0.371838
HLA-DRB1,DOID:2377,0.362439
TNF,DOID:6713,0.362423
EGFR,DOID:1749,0.360122
TNF,DOID:5844,0.357143
TP53,DOID:305,0.355488
CDKN2A,DOID:3683,0.352120
FLG,DOID:3310,0.350042
TNF,DOID:10763,0.349087
NCOA3,DOID:1612,0.349002
DRD2,DOID:14330,0.347640
PAX3,DOID:4051,0.346740
EGFR,DOID:3683,0.345876
CCL11,DOID:2841,0.345608
TP53,DOID:1612,0.341982
IFNG,DOID:9744,0.336240
BCR,DOID:8552,0.334634
EGFR,DOID:305,0.334634
TNF,DOID:6000,0.333357
TNF,DOID:2841,0.333100
PPP1R3A,DOID:9352,0.331372
CDKN2A,DOID:5041,0.330883
CDKN2A,DOID:2645,0.329729
RUNX1,DOID:9119,0.326992
MUC16,DOID:2394,0.326298
TP53,DOID:10534,0.323854
NRXN1,DOID:12849,0.323648
TP53,DOID:3070,0.323647
PTCH1,DOID:0050902,0.322729
ABCB11,DOID:13580,0.322572
EGFR,DOID:3068,0.322152
HLA-B,DOID:526,0.321540
TLR4,DOID:8677,0.321048
HLA-B,DOID:7147,0.320683
ABL1,DOID:8552,0.320246
SLC18A2,DOID:14330,0.320168
CDKN2A,DOID:10534,0.319630
BCL2,DOID:235,0.319269
TP53,DOID:3683,0.316936
NRCAM,DOID:12849,0.316052
TP53,DOID:5041,0.315607
IL6,DOID:6000,0.314869
TNF,DOID:850,0.314869
APOB,DOID:9452,0.313969
BCL2,DOID:10652,0.313735
MYC,DOID:235,0.313373
NRAS,DOID:1909,0.313359
TP53,DOID:1040,0.313146
TLR4,DOID:9743,0.312806
EGFR,DOID:12930,0.312601
ATP2A2,DOID:9352,0.312523
TP53,DOID:1909,0.312439
ATP2A2,DOID:6000,0.312268
MAGEL2,DOID:11983,0.312268
HDAC2,DOID:3083,0.311701
TP53,DOID:326,0.311701
HSP90AA1,DOID:1612,0.311418
IL6,DOID:9538,0.311240
CYBB,DOID:10763,0.311134
TNF,DOID:0060319,0.311134
CCL20,DOID:8577,0.310851
ABCC3,DOID:13580,0.310567
CCL11,DOID:552,0.310284
GABRG2,DOID:13413,0.310284
HDAC2,DOID:289,0.310284
SMAD9,DOID:6432,0.310284
TNF,DOID:1824,0.310284
VCAM1,DOID:10763,0.310284
BCL2L1,DOID:5844,0.310000
BECN1,DOID:1824,0.310000
CASP3,DOID:9743,0.310000
CD38,DOID:3393,0.310000
CYBB,DOID:784,0.310000
DMD,DOID:1824,0.310000
DNMT1,DOID:235,0.310000
GABRB1,DOID:13413,0.310000
HADH,DOID:9970,0.310000
SREBF2,DOID:784,0.310000
SSTR4,DOID:1824,0.310000
TNF,DOID:9970,0.309691
KMT2A,DOID:1240,0.307428
KRAS,DOID:3683,0.306908
TP53,DOID:3012,0.306079
HLA-DRB1,DOID:9074,0.305860
FBN1,DOID:0050475,0.300284
MYLK2,DOID:0050700,0.300000
IL6,DOID:7148,0.299513
CXCL12,DOID:526,0.298038
IL6,DOID:9970,0.296933
TNF,DOID:9744,0.296279
PML,DOID:0060318,0.295226
RARA,DOID:0060318,0.295226
HLA-B,DOID:13241,0.294266
ABCB1,DOID:1826,0.292065
DMD,DOID:9884,0.291676
IDH1,DOID:3070,0.291265
SCN1A,DOID:1826,0.289356
TP53,DOID:3908,0.288742
EGFR,DOID:1612,0.285358
TNF,DOID:10652,0.285281
TNF,DOID:3083,0.284694
TNF,DOID:10534,0.283463
BCL2,DOID:305,0.283219
RUNX1T1,DOID:9119,0.282613
CHEK2,DOID:1612,0.281820
COL7A1,DOID:4959,0.281127
C3,DOID:10871,0.281087
HLA-DRB1,DOID:11335,0.281066
TP53,DOID:2893,0.280854
IL6,DOID:5844,0.280705
BCHE,DOID:10652,0.279337
TP53,DOID:235,0.277765
TNF,DOID:8577,0.277078
TNF,DOID:8893,0.274721
KRAS,DOID:305,0.273773
TP53,DOID:3571,0.272169
TP53,DOID:11054,0.272034
APOB,DOID:3393,0.271915
CDKN2A,DOID:299,0.270498
TP53,DOID:3165,0.270048
HLA-B,DOID:0050426,0.270008
EGFR,DOID:3910,0.270000
TP53,DOID:657,0.269049
TNF,DOID:0050589,0.268854
BCL2,DOID:1040,0.267846
HLA-DRB1,DOID:2841,0.265101
LRP5,DOID:11476,0.264712
C2,DOID:10871,0.263371
KRAS,DOID:1793,0.262932
AKT1,DOID:10283,0.262720
WT1,DOID:9119,0.262042
BCL2,DOID:1612,0.261898
GATA1,DOID:14250,0.261895
NOTCH2,DOID:9352,0.261826
CDKN2A,DOID:3070,0.261131
AKT1,DOID:1612,0.261126
TP53,DOID:5520,0.260513
IL6,DOID:2348,0.260008
TNF,DOID:2348,0.259753
TP53,DOID:3069,0.259382
SCN1A,DOID:308,0.258730
TP53,DOID:2671,0.258169
IL6,DOID:6713,0.257633
FLT1,DOID:10591,0.257312
KRAS,DOID:235,0.256576
TP53,DOID:10283,0.255982
MPL,DOID:2224,0.255452
CYBB,DOID:3265,0.255314
ABCA4,DOID:10871,0.255305
PTCH1,DOID:2513,0.254995
IFNG,DOID:526,0.253563
JAK2,DOID:2228,0.252383
TMEM18,DOID:9970,0.251326
IFNG,DOID:2043,0.249918
ITGAM,DOID:9074,0.249449
ABCB1,DOID:1612,0.249285
TNF,DOID:784,0.248980
KRAS,DOID:657,0.248969
IL2,DOID:526,0.248342
NUP98,DOID:9119,0.248070
TNF,DOID:3571,0.247727
TNF,DOID:12365,0.247650
WNK4,DOID:10763,0.246848
STAT3,DOID:1612,0.246479
TLR4,DOID:2348,0.246467
HLA-DRB1,DOID:8986,0.246125
EGFR,DOID:2394,0.245423
IL6,DOID:10283,0.245345
TP53,DOID:1793,0.244913
KRAS,DOID:1749,0.244814
TERT,DOID:3683,0.244650
TNF,DOID:9008,0.244404
ABCB1,DOID:305,0.244014
FANCC,DOID:13636,0.243896
CDKN2A,DOID:1793,0.243750
SLC12A3,DOID:10763,0.243730
TP53,DOID:1781,0.242087
IL6,DOID:784,0.241901
BCL2,DOID:9119,0.241666
IL2,DOID:1909,0.241489
IL6,DOID:1612,0.241434
STAT3,DOID:305,0.241434
APOB,DOID:1287,0.240874
TET2,DOID:0050908,0.240297
TP53,DOID:3748,0.240150
CDKN2A,DOID:3908,0.240101
TP53,DOID:4450,0.240014
CCL21,DOID:7148,0.239917
IL6,DOID:10534,0.239555
ABCB1,DOID:14330,0.239272
CXCL12,DOID:1612,0.239166
TNF,DOID:14330,0.238910
IL6,DOID:9074,0.238899
ABCA4,DOID:10584,0.238870
HLA-B,DOID:0050426,0.238812
MYC,DOID:305,0.238715
IFNG,DOID:1909,0.238362
LAMA2,DOID:9884,0.238090
CSF2,DOID:9119,0.238038
JAK2,DOID:8432,0.238020
IFNG,DOID:1883,0.237502
AKT1,DOID:1612,0.237216
TERT,DOID:1612,0.236643
TERT,DOID:3070,0.236524
PICALM,DOID:10652,0.236289
FLT3,DOID:0060318,0.236221
ELANE,DOID:1227,0.235978
IFNG,DOID:7148,0.235888
PTPRC,DOID:2377,0.235645
TNF,DOID:9452,0.235566
CXCL12,DOID:10283,0.235509
RUNX3,DOID:10534,0.235333
MYH11,DOID:9119,0.235232
TNF,DOID:10223,0.234794
TNF,DOID:1909,0.234656
CDKN2A,DOID:0060058,0.234627
TP53,DOID:4905,0.234588
HRAS,DOID:305,0.234364
KRAS,DOID:3490,0.234207
BCL2,DOID:10283,0.233944
CDKN2A,DOID:8923,0.233863
EZH2,DOID:10283,0.233837
APOB,DOID:1168,0.233562
HOXA9,DOID:9119,0.233415
JAK2,DOID:1240,0.233357
CDKN2A,DOID:11054,0.233299
GATA1,DOID:8761,0.233251
TNF,DOID:1612,0.233172
IL6,DOID:14221,0.232946
CDKN1A,DOID:10283,0.232859
CHEK2,DOID:10283,0.232859
TNF,DOID:299,0.232839
BCL2,DOID:299,0.232819
TERT,DOID:2729,0.232556
EGFR,DOID:10283,0.232478
KRAS,DOID:3910,0.232446
WT1,DOID:1240,0.232281
NPC1,DOID:14504,0.232260
SCN1A,DOID:1827,0.232116
IL2,DOID:5603,0.232113
TNF,DOID:3683,0.232087
TFAM,DOID:10652,0.231626
CR1,DOID:10652,0.231421
VCAM1,DOID:2348,0.231323
CDKN1A,DOID:235,0.231315
STAT3,DOID:1749,0.231089
SNCA,DOID:1289,0.230855
STAT3,DOID:10534,0.230748
WT1,DOID:1612,0.230748
TP53,DOID:3948,0.230609
ZBTB16,DOID:0060318,0.230412
THRB,DOID:11633,0.230091
MPL,DOID:2228,0.230033
MPO,DOID:3683,0.229975
RP1,DOID:10584,0.229888
CHEK2,DOID:10283,0.229572
CSF3,DOID:9119,0.229562
TP53,DOID:5409,0.229504
GRIK2,DOID:12849,0.229388
ABCB11,DOID:1852,0.229310
KRAS,DOID:1781,0.229231
CACNA1S,DOID:14452,0.229191
MYC,DOID:0050902,0.229191
EGFR,DOID:235,0.229154
HLA-A,DOID:0050426,0.229055
THPO,DOID:2228,0.228879
EGFR,DOID:5041,0.228772
DRD2,DOID:303,0.228537
AKT1,DOID:3683,0.228225
MME,DOID:10283,0.228225
CD33,DOID:9119,0.228164
GNRHR,DOID:1924,0.227892
MPO,DOID:10652,0.227843
TNF,DOID:6364,0.227793
MCL1,DOID:9538,0.227774
TPO,DOID:0050328,0.227774
ABCG2,DOID:1612,0.227658
HLA-DRB1,DOID:8675,0.227559
IDH1,DOID:3181,0.227412
SMC1A,DOID:11725,0.227227
STAT3,DOID:10283,0.227120
SH2B3,DOID:9744,0.227070
PRKCG,DOID:1441,0.226972
PAX3,DOID:9258,0.226952
DNM2,DOID:422,0.226923
MYC,DOID:10283,0.226836
TP53,DOID:2513,0.226836
TP53,DOID:4914,0.226590
NF1,DOID:1192,0.226434
EGFR,DOID:3347,0.226376
TNF,DOID:1205,0.226219
PTPN11,DOID:1240,0.226200
TNF,DOID:3070,0.226131
CDKN2B,DOID:3070,0.226072
HLA-A,DOID:7147,0.225809
TLR4,DOID:10871,0.225809
KRAS,DOID:2394,0.225760
EZH2,DOID:1612,0.225731
IL1R1,DOID:289,0.225575
CDKN2A,DOID:1319,0.225554
TERT,DOID:10283,0.225497
IL6,DOID:8893,0.225349
TNF,DOID:409,0.225349
MEIS1,DOID:0050425,0.225320
CDKN2A,DOID:6846,0.225281
CSF1R,DOID:9119,0.225251
BCL2,DOID:8675,0.225193
MAPK1,DOID:1749,0.225164
HRAS,DOID:1781,0.225164
BCL2,DOID:9538,0.225026
KRAS,DOID:10534,0.224802
RUNX1,DOID:7148,0.224753
CSF3,DOID:1227,0.224713
EGFR,DOID:5409,0.224655
IL6,DOID:11476,0.224606
EGFR,DOID:1984,0.224597
STAT3,DOID:8577,0.224577
WNK1,DOID:10763,0.224293
OPRM1,DOID:9976,0.224137
HLA-B,DOID:1205,0.224108
NOTCH1,DOID:1612,0.224030
STAT5A,DOID:1612,0.224030
KMT2A,DOID:8692,0.223990
CBFB,DOID:9119,0.223892
CDKN2B,DOID:0050908,0.223628
CDKN2A,DOID:9538,0.223550
STAT3,DOID:1793,0.223463
TNF,DOID:552,0.223443
TNF,DOID:10808,0.223286
STAT3,DOID:299,0.223209
TERT,DOID:11054,0.223180
IFNG,DOID:12449,0.223159
CRB1,DOID:14791,0.223090
IRF8,DOID:2377,0.223003
SCARB1,DOID:1883,0.222974
JUN,DOID:1612,0.222896
TNF,DOID:1793,0.222847
CDKN2A,DOID:3748,0.222807
DNMT3B,DOID:305,0.222769
SH2B3,DOID:10608,0.222719
CHEK2,DOID:3012,0.222671
NOTCH1,DOID:0060058,0.222671
TP53,DOID:4947,0.222416
FN1,DOID:305,0.222387
CSF3,DOID:615,0.222191
CD5,DOID:1040,0.222153
IFNG,DOID:3310,0.222133
TNF,DOID:2355,0.222104
TNF,DOID:3042,0.222074
MDM2,DOID:1909,0.222054
IL6,DOID:0050589,0.222005
IL2,DOID:1240,0.221878
IL6,DOID:2316,0.221869
TERT,DOID:1781,0.221791
TNF,DOID:10322,0.221791
DNAH5,DOID:0050144,0.221693
HSD17B1,DOID:289,0.221664
TP53,DOID:161,0.221664
EGFR,DOID:4947,0.221615
JAK3,DOID:627,0.221586
HLA-DRB1,DOID:1205,0.221585
TNF,DOID:2316,0.221585
TNF,DOID:3770,0.221458
TNF,DOID:0060180,0.221311
SLC12A1,DOID:445,0.221253
NPC1,DOID:9970,0.221253
DMD,DOID:0050700,0.221106
JAK2,DOID:8577,0.220969
EGFR,DOID:10534,0.220941
STAT3,DOID:2394,0.220941
TNF,DOID:10923,0.220891
SMC3,DOID:11725,0.220764
HRAS,DOID:1749,0.220744
KMT2A,DOID:8864,0.220744
DRD2,DOID:1785,0.220735
TERT,DOID:1793,0.220735
F3,DOID:1612,0.220657
TNF,DOID:3393,0.220608
TNF,DOID:0050700,0.220559
GUCY2D,DOID:10584,0.220461
TNF,DOID:2352,0.220402
EPB41L3,DOID:1612,0.220374
RUNX3,DOID:3683,0.220374
HLA-DRB1,DOID:12849,0.220324
FLT1,DOID:1909,0.220197
PTPRC,DOID:7148,0.220119
HERC2,DOID:8577,0.220041
IL6,DOID:8632,0.219992
BCL2,DOID:5041,0.219914
EGFR,DOID:11054,0.219836
EGFR,DOID:11934,0.219757
STAT3,DOID:3908,0.219639
KDR,DOID:1612,0.219630
AKT1,DOID:1749,0.219552
TP53,DOID:3083,0.219552
ABCB1,DOID:1227,0.219503
ADCY5,DOID:9352,0.219503
EGFR,DOID:4362,0.219474
PCDH11X,DOID:10652,0.219474
TERT,DOID:1909,0.219405
TNC,DOID:2841,0.219347
KIT,DOID:5409,0.219327
MTOR,DOID:4450,0.219327
HLA-DRB1,DOID:1184,0.219268
IL6,DOID:14330,0.219268
IFNG,DOID:2348,0.219219
CSF2,DOID:7148,0.219121
CRB1,DOID:10584,0.219092
NRAS,DOID:0050458,0.219092
MYC,DOID:769,0.219072
TLR4,DOID:1909,0.219063
LAMA3,DOID:3209,0.219014
IFNG,DOID:1612,0.218985
PCDH15,DOID:0050439,0.218985
VCAM1,DOID:1287,0.218780
BAALC,DOID:9119,0.218760
CDKN2A,DOID:769,0.218760
MYC,DOID:3571,0.218731
DRD2,DOID:9976,0.218652
TNF,DOID:14018,0.218652
IL6,DOID:3310,0.218603
NF1,DOID:9119,0.218574
ABCB1,DOID:769,0.218476
IL6,DOID:0060180,0.218476
EGFR,DOID:2645,0.218418
MAPK3,DOID:1749,0.218418
NOTCH2,DOID:1612,0.218418
KRAS,DOID:289,0.218291
MECOM,DOID:8692,0.218222
IL6,DOID:2394,0.218213
CDKN1A,DOID:11054,0.218135
MAPK1,DOID:2394,0.218135
DRD2,DOID:12700,0.218085
TNF,DOID:2921,0.218036
WT1,DOID:8552,0.218036
EP300,DOID:1933,0.217880
CDKN1A,DOID:3683,0.217851
ZFHX3,DOID:10283,0.217851
CCL11,DOID:3310,0.217724
HLA-DRB1,DOID:4989,0.217724
MDM2,DOID:10283,0.217724
CSF2,DOID:1909,0.217655
STAT3,DOID:9119,0.217626
TNF,DOID:13636,0.217597
GATA1,DOID:1588,0.217568
MAPK1,DOID:10534,0.217568
HLA-B,DOID:437,0.217518
HLA-DRB1,DOID:13258,0.217518
IFNG,DOID:1273,0.217518
CHEK2,DOID:3683,0.217440
PPP2R2B,DOID:1441,0.217391
ABCB1,DOID:3908,0.217371
CYCS,DOID:1588,0.217362
DNMT1,DOID:1612,0.217362
TLR4,DOID:10283,0.217362
HRAS,DOID:1612,0.217313
ACOXL,DOID:1040,0.217235
GLIS3,DOID:9744,0.217235
KITLG,DOID:2998,0.217235
IL6,DOID:3770,0.217186
HLA-DRB1,DOID:576,0.217157
TNF,DOID:4247,0.217157
EGFR,DOID:289,0.217108
BCL2,DOID:657,0.217088
EGFR,DOID:3748,0.217088
FANCM,DOID:13636,0.217059
CASP3,DOID:10652,0.217030
FBN1,DOID:14004,0.216902
PICALM,DOID:9119,0.216746
TNF,DOID:10327,0.216619
KRAS,DOID:4947,0.216570
TP53,DOID:5411,0.216492
TNC,DOID:1909,0.216463
CR1,DOID:12365,0.216335
TNF,DOID:9111,0.216335
AFF2,DOID:14261,0.216286
WT1,DOID:14515,0.216286
PDGFRA,DOID:1089,0.216257
MDM2,DOID:3908,0.216237
BCR,DOID:4960,0.216208
IFNG,DOID:9065,0.216179
TLR4,DOID:305,0.216179
TTN,DOID:11720,0.216179
DOCK4,DOID:12849,0.216052
IL6,DOID:3393,0.216052
RFC1,DOID:3347,0.216052
VCAM1,DOID:10923,0.216052
IL6,DOID:326,0.216003
IL6,DOID:1040,0.216003
COL2A1,DOID:5327,0.215974
TP53,DOID:3052,0.215974
CSF2,DOID:0050458,0.215954
SF3B1,DOID:1040,0.215954
GJB3,DOID:37,0.215925
IL6,DOID:4947,0.215925
KMT2A,DOID:1037,0.215925
EZR,DOID:305,0.215896
MAPK1,DOID:3683,0.215896
IKZF1,DOID:9074,0.215768
PTCH1,DOID:3165,0.215768
CDKN2B,DOID:0060058,0.215719
DRD2,DOID:2030,0.215719
IL6,DOID:5082,0.215719
IL6,DOID:2921,0.215690
MYH6,DOID:1882,0.215690
TNF,DOID:11054,0.215690
MLLT10,DOID:9119,0.215670
HRAS,DOID:2615,0.215641
IL6,DOID:552,0.215641
PRAME,DOID:1240,0.215641
DNMT3B,DOID:1612,0.215612
IKZF1,DOID:0060058,0.215612
STAT3,DOID:235,0.215612
CR1,DOID:14067,0.215485
ITPR3,DOID:9744,0.215485
KRAS,DOID:3571,0.215485
AKT1,DOID:2394,0.215407
TP53,DOID:2626,0.215407
KRAS,DOID:5517,0.215387
NPM1,DOID:0060318,0.215387
GABRG2,DOID:1825,0.215358
TPO,DOID:12176,0.215358
TTN,DOID:423,0.215358
BCL2L1,DOID:3683,0.215329
CHIT1,DOID:1926,0.215329
JUN,DOID:3347,0.215329
MCL1,DOID:3683,0.215329
MYC,DOID:11054,0.215329
STC2,DOID:1612,0.215329
COL2A1,DOID:11830,0.215201
GABRA4,DOID:12849,0.215201
GYPA,DOID:12365,0.215201
HK1,DOID:9352,0.215201
ITGAX,DOID:9074,0.215201
CASP10,DOID:1909,0.215123
GRM8,DOID:12849,0.215123
HLA-A,DOID:12849,0.215123
HLA-B,DOID:2723,0.215123
HRAS,DOID:10534,0.215123
JAK2,DOID:780,0.215123
PTPRC,DOID:1883,0.215123
MYB,DOID:4866,0.215103
KRT20,DOID:299,0.215074
NOTCH2,DOID:9245,0.215074
TP53,DOID:8893,0.215074
CSF3,DOID:11054,0.215045
EZR,DOID:10283,0.215045
HMMR,DOID:1612,0.215045
JUN,DOID:10534,0.215045
MAPK3,DOID:2394,0.215045
MAPK3,DOID:10534,0.215045
MTOR,DOID:2394,0.215045
CCL11,DOID:526,0.214918
CD80,DOID:10608,0.214918
MYB,DOID:2841,0.214918
SH2B3,DOID:5844,0.214918
IDH2,DOID:3181,0.214869
MPO,DOID:1287,0.214869
DNMT1,DOID:10534,0.214840
HSD3B1,DOID:11612,0.214840
IL6,DOID:2513,0.214840
KRAS,DOID:11054,0.214840
TP53,DOID:3407,0.214840
TP53,DOID:3121,0.214840
BCL2L1,DOID:305,0.214791
CEP290,DOID:1935,0.214791
NSD1,DOID:9119,0.214791
CD33,DOID:10652,0.214634
DRD2,DOID:679,0.214634
HLA-DRB1,DOID:10322,0.214634
IL6,DOID:1205,0.214634
KITLG,DOID:3095,0.214634
PHACTR1,DOID:5844,0.214634
TP53,DOID:11624,0.214634
VCAM1,DOID:2377,0.214634
ZFHX3,DOID:0060224,0.214634
BCHE,DOID:9970,0.214585
HRAS,DOID:11054,0.214585
IL2,DOID:3571,0.214585
TNF,DOID:37,0.214585
CDKN2A,DOID:4914,0.214536
GATA2,DOID:9119,0.214536
BCL2L1,DOID:9538,0.214507
NF1,DOID:3069,0.214507
IFNG,DOID:9111,0.214302
IL15,DOID:10608,0.214253
STAT3,DOID:0050902,0.214224
TP53,DOID:4468,0.214018
TRPM8,DOID:6364,0.214018
CSF2,DOID:305,0.213969
CDKN2A,DOID:1192,0.213940
FLT1,DOID:4450,0.213940
MPO,DOID:850,0.213940
HLA-B,DOID:0050486,0.213735
IL6,DOID:37,0.213735
MPO,DOID:557,0.213735
PRDM16,DOID:6364,0.213735
TNF,DOID:820,0.213735
FN1,DOID:9351,0.213686
TP53,DOID:0001816,0.213686
IL6,DOID:1289,0.213657
MYC,DOID:2394,0.213657
NUP214,DOID:9119,0.213657
WT1,DOID:3068,0.213657
COL2A1,DOID:674,0.213451
HLA-A,DOID:3070,0.213451
HRAS,DOID:2671,0.213451
NF1,DOID:12849,0.213451
BCL2,DOID:5485,0.213402
CD19,DOID:12177,0.213402
SETD2,DOID:4450,0.213402
STAT3,DOID:3571,0.213402
TP53,DOID:4866,0.213402
BCL2,DOID:12849,0.213373
HLA-A,DOID:9538,0.213373
KRAS,DOID:0001816,0.213373
MYC,DOID:3068,0.213373
SPI1,DOID:8692,0.213373
TERT,DOID:12580,0.213373
TNF,DOID:9065,0.213373
TP53,DOID:12336,0.213373
AKT1,DOID:9505,0.213168
CDC42,DOID:526,0.213168
IMMP2L,DOID:12849,0.213168
RUNX3,DOID:7147,0.213168
TNF,DOID:178,0.213168
F3,DOID:11247,0.213119
MLF1,DOID:9119,0.213119
MYC,DOID:0001816,0.213119
PLCE1,DOID:3748,0.213119
ARID1A,DOID:299,0.213090
CDKN1A,DOID:2615,0.213090
DNMT1,DOID:299,0.213090
HMMR,DOID:8552,0.213090
HRAS,DOID:0001816,0.213090
IFNG,DOID:2799,0.213090
MN1,DOID:9119,0.213090
MTOR,DOID:299,0.213090
PDGFRA,DOID:0050902,0.213090
RUNX3,DOID:5041,0.213090
SLC30A6,DOID:10652,0.213090
STAT5A,DOID:299,0.213090
TNF,DOID:235,0.213090
ABCB1,DOID:263,0.212884
BCL2,DOID:14227,0.212884
HLA-B,DOID:2703,0.212884
HRAS,DOID:12849,0.212884
IL6,DOID:14018,0.212884
LTA4H,DOID:2348,0.212884
PTCH1,DOID:1793,0.212884
CSF2,DOID:9538,0.212835
CSF2,DOID:1227,0.212835
F3,DOID:0060318,0.212835
FBN1,DOID:0050475,0.212835
H3F3A,DOID:3070,0.212835
HRAS,DOID:769,0.212835
RUNX3,DOID:9119,0.212835
TP53,DOID:3953,0.212835
ABL1,DOID:1612,0.212806
CCL11,DOID:3770,0.212806
CD80,DOID:2986,0.212806
CDKN1A,DOID:10534,0.212806
COL2A1,DOID:10003,0.212806
CSF1R,DOID:1612,0.212806
F3,DOID:5082,0.212806
GDF10,DOID:2645,0.212806
IL15,DOID:289,0.212806
IL2,DOID:10283,0.212806
JMJD1C,DOID:12849,0.212806
KDR,DOID:299,0.212806
KRT20,DOID:10534,0.212806
LZTS1,DOID:10283,0.212806
MTOR,DOID:2645,0.212806
MYH6,DOID:11984,0.212806
NCOA2,DOID:1612,0.212806
NCOA3,DOID:1749,0.212806
NCOA3,DOID:10283,0.212806
PTPRG,DOID:10534,0.212806
SELENBP1,DOID:2394,0.212806
SLC51A,DOID:13580,0.212806
TNC,DOID:289,0.212806
ABCA4,DOID:9296,0.212601
AURKC,DOID:12336,0.212601
CSMD1,DOID:8893,0.212601
DRD2,DOID:10937,0.212601
F3,DOID:3393,0.212601
HLA-B,DOID:3070,0.212601
HLA-DRB1,DOID:998,0.212601
HTR5A,DOID:12849,0.212601
IFNG,DOID:6000,0.212601
IL6,DOID:10914,0.212601
LZTS1,DOID:5041,0.212601
MEFV,DOID:9008,0.212601
MLLT10,DOID:3565,0.212601
MPO,DOID:14018,0.212601
NSD1,DOID:12849,0.212601
PIWIL4,DOID:14228,0.212601
PLCE1,DOID:299,0.212601
PLCE1,DOID:12206,0.212601
PTCH1,DOID:9296,0.212601
SH2B3,DOID:9074,0.212601
TNF,DOID:5773,0.212601
CDKN2A,DOID:3571,0.212552
H3F3A,DOID:3068,0.212552
HRAS,DOID:3571,0.212552
NOTCH1,DOID:3068,0.212552
BCL2L1,DOID:11934,0.212523
BECN1,DOID:235,0.212523
CASP3,DOID:2316,0.212523
CD8A,DOID:3083,0.212523
CD9,DOID:10283,0.212523
CEBPA,DOID:1749,0.212523
CENPF,DOID:1612,0.212523
CHEK2,DOID:1614,0.212523
COL2A1,DOID:2256,0.212523
COL2A1,DOID:2703,0.212523
COL9A1,DOID:2256,0.212523
CPNE3,DOID:10283,0.212523
CSF2,DOID:8675,0.212523
DAG1,DOID:10283,0.212523
DNMT1,DOID:10283,0.212523
DNMT3B,DOID:10283,0.212523
DNMT3B,DOID:10534,0.212523
EP300,DOID:1380,0.212523
F3,DOID:1184,0.212523
HOXA10,DOID:1380,0.212523
HSD3B1,DOID:10283,0.212523
HSPG2,DOID:2256,0.212523
IFNG,DOID:3683,0.212523
IL17RD,DOID:10283,0.212523
ITPR1,DOID:10283,0.212523
JUN,DOID:235,0.212523
JUN,DOID:3683,0.212523
KIT,DOID:1612,0.212523
KRAS,DOID:3069,0.212523
MME,DOID:1612,0.212523
MPO,DOID:10283,0.212523
NCOA2,DOID:10283,0.212523
NCOR1,DOID:1612,0.212523
POU5F1,DOID:3095,0.212523
STAT3,DOID:0050700,0.212523
TERT,DOID:2394,0.212523
TERT,DOID:4362,0.212523
TLR4,DOID:3683,0.212523
WT1,DOID:2921,0.212523
XIAP,DOID:5041,0.212523
XIAP,DOID:2394,0.212523
ABCB1,DOID:9505,0.212317
ABCB1,DOID:3602,0.212317
ANXA5,DOID:10591,0.212317
ATF7IP,DOID:3095,0.212317
ATF7IP,DOID:2998,0.212317
BCL2,DOID:11934,0.212317
CASP10,DOID:3165,0.212317
CCL11,DOID:2316,0.212317
CD2,DOID:7148,0.212317
CHEK2,DOID:10534,0.212317
CSF1,DOID:5408,0.212317
DCSTAMP,DOID:5408,0.212317
DNAH11,DOID:3393,0.212317
FLT1,DOID:3165,0.212317
FOXP4,DOID:10283,0.212317
GABRG2,DOID:308,0.212317
GCLM,DOID:10322,0.212317
HLA-B,DOID:576,0.212317
IFNG,DOID:635,0.212317
IFNG,DOID:1205,0.212317
IKZF4,DOID:986,0.212317
IL1R1,DOID:37,0.212317
IRF8,DOID:7148,0.212317
ITGAM,DOID:2986,0.212317
KCNN3,DOID:0060224,0.212317
MPO,DOID:11054,0.212317
MUC6,DOID:10534,0.212317
MYLK,DOID:552,0.212317
NF1,DOID:8927,0.212317
OPRM1,DOID:1826,0.212317
PLCE1,DOID:10534,0.212317
PML,DOID:5408,0.212317
POU6F2,DOID:12849,0.212317
PTCH1,DOID:674,0.212317
RUNX3,DOID:10608,0.212317
SCARB1,DOID:4450,0.212317
STAT3,DOID:9744,0.212317
TERT,DOID:2513,0.212317
WT1,DOID:1793,0.212317
TP53,DOID:8675,0.212309
KRAS,DOID:0050469,0.212268
MPO,DOID:0060180,0.212268
PRAME,DOID:8552,0.212268
PTCH1,DOID:3247,0.212268
CDKN1A,DOID:2671,0.211985
CSF2,DOID:3571,0.211985
CSF3,DOID:12449,0.211985
CXCL12,DOID:326,0.211985
EGFR,DOID:2615,0.211985
IFNG,DOID:9146,0.211985
PAX3,DOID:1089,0.211985
PRAME,DOID:1909,0.211985
TNF,DOID:863,0.211985
CSF1,DOID:1612,0.211701
EZH2,DOID:0050908,0.211701
IL2,DOID:3068,0.211701
ITGAM,DOID:0060318,0.211701
KRT13,DOID:0050448,0.211701
NRAS,DOID:769,0.211701
NRAS,DOID:3490,0.211701
RUNX3,DOID:299,0.211701
SF3B1,DOID:6039,0.211701
U2AF1,DOID:0050908,0.211701
AKT1,DOID:9970,0.211418
BCL2,DOID:2841,0.211418
BCL2,DOID:8466,0.211418
CDKN1A,DOID:3748,0.211418
CEBPA,DOID:0060318,0.211418
CSF2,DOID:2355,0.211418
CSF2,DOID:12449,0.211418
CSF2,DOID:552,0.211418
CSF3,DOID:2355,0.211418
FN1,DOID:3068,0.211418
GJB3,DOID:10003,0.211418
GLIS3,DOID:9352,0.211418
HRAS,DOID:3165,0.211418
IFNG,DOID:552,0.211418
MYC,DOID:3683,0.211418
MYC,DOID:0050908,0.211418
MYC,DOID:171,0.211418
STAT3,DOID:8893,0.211418
TNF,DOID:5679,0.211418
TP53,DOID:332,0.211418
TP53,DOID:3275,0.211418
PAX3,DOID:9258,0.211134
SETBP1,DOID:9119,0.211134
CCNA1,DOID:5520,0.211134
CD74,DOID:3908,0.211134
CD9,DOID:3908,0.211134
CSF3,DOID:1909,0.211134
DNMT3B,DOID:612,0.211134
DRD2,DOID:10763,0.211134
EGFR,DOID:3948,0.211134
GJB3,DOID:574,0.211134
HRAS,DOID:3683,0.211134
IDH1,DOID:4928,0.211134
IDH2,DOID:4928,0.211134
IL2,DOID:635,0.211134
IL2,DOID:1319,0.211134
IL6,DOID:0050700,0.211134
IL6,DOID:12678,0.211134
KRAS,DOID:1612,0.211134
MYC,DOID:10534,0.211134
NRAS,DOID:6688,0.211134
PTPN11,DOID:0050469,0.211134
PTPN11,DOID:769,0.211134
RYR1,DOID:422,0.211134
SETD2,DOID:1240,0.211134
SH3GL1,DOID:9119,0.211134
SLC12A3,DOID:557,0.211134
STAT3,DOID:2348,0.211134
SYNE1,DOID:11726,0.211134
ABCB1,DOID:5041,0.210851
ANXA2,DOID:1749,0.210851
CD86,DOID:9538,0.210851
CD9,DOID:9119,0.210851
CDC42,DOID:305,0.210851
CDKN1A,DOID:526,0.210851
CSF2,DOID:1612,0.210851
CSF3,DOID:12987,0.210851
CSF3,DOID:305,0.210851
DLD,DOID:3652,0.210851
DNMT1,DOID:305,0.210851
DRD2,DOID:480,0.210851
GABRB1,DOID:12849,0.210851
GATA2,DOID:4977,0.210851
HOXA10,DOID:299,0.210851
HRAS,DOID:3490,0.210851
HSP90AA1,DOID:526,0.210851
IFNG,DOID:0060318,0.210851
IFNG,DOID:2645,0.210851
IL2,DOID:3683,0.210851
IL6,DOID:12849,0.210851
IPO7,DOID:526,0.210851
JUN,DOID:3571,0.210851
KCNE3,DOID:14451,0.210851
MAPK3,DOID:0050700,0.210851
MEGF10,DOID:423,0.210851
MEPE,DOID:10573,0.210851
NOTCH1,DOID:3748,0.210851
NOTCH2,DOID:3068,0.210851
NRAS,DOID:0060058,0.210851
SLC1A1,DOID:1826,0.210851
STAT5A,DOID:305,0.210851
TERT,DOID:8552,0.210851
TLR4,DOID:9452,0.210851
TLR4,DOID:2986,0.210851
TNF,DOID:12678,0.210851
TNF,DOID:9146,0.210851
WHSC1L1,DOID:9119,0.210851
FLT3,DOID:9952,0.210773
CASP10,DOID:5517,0.210567
ABCB1,DOID:1682,0.210567
ADAMTS1,DOID:1612,0.210567
ADAMTS1,DOID:3908,0.210567
AKT1,DOID:3165,0.210567
ANXA2,DOID:9119,0.210567
ARID1A,DOID:4914,0.210567
BCL2,DOID:9352,0.210567
BCL2L1,DOID:657,0.210567
BECN1,DOID:12217,0.210567
C3,DOID:9352,0.210567
CALR,DOID:3748,0.210567
CD74,DOID:1612,0.210567
CDKN1A,DOID:4610,0.210567
CDKN2B,DOID:1686,0.210567
CRB1,DOID:7765,0.210567
CSF2,DOID:12987,0.210567
CSF3,DOID:3571,0.210567
CSF3,DOID:9538,0.210567
FN1,DOID:10763,0.210567
GLI1,DOID:11054,0.210567
H3F3A,DOID:4305,0.210567
H3F3B,DOID:2649,0.210567
HDAC2,DOID:1749,0.210567
HLA-DRB1,DOID:10976,0.210567
HYDIN,DOID:10908,0.210567
IDH1,DOID:255,0.210567
IFNG,DOID:3042,0.210567
IFNG,DOID:2048,0.210567
IFNG,DOID:5603,0.210567
IL2,DOID:2921,0.210567
IL2,DOID:11054,0.210567
IL3,DOID:2355,0.210567
ITGAX,DOID:0060318,0.210567
KDR,DOID:0001816,0.210567
KIT,DOID:5557,0.210567
KRAS,DOID:0060058,0.210567
MAGEL2,DOID:12849,0.210567
MAPK1,DOID:263,0.210567
MDM2,DOID:526,0.210567
MECOM,DOID:1037,0.210567
MPO,DOID:8577,0.210567
MYB,DOID:3070,0.210567
NCOA3,DOID:3908,0.210567
NOS1,DOID:9744,0.210567
NOTCH1,DOID:3069,0.210567
PEX13,DOID:905,0.210567
PML,DOID:3068,0.210567
PRAME,DOID:0050902,0.210567
PTCH1,DOID:0050902,0.210567
RUNX3,DOID:3068,0.210567
SELENBP1,DOID:299,0.210567
SLC1A1,DOID:3328,0.210567
STAT3,DOID:715,0.210567
TNF,DOID:9563,0.210567
TNF,DOID:11573,0.210567
TNF,DOID:8472,0.210567
VLDLR,DOID:12849,0.210567
VLDLR,DOID:9970,0.210567
KCNH2,DOID:9007,0.210530
DNM2,DOID:10595,0.210432
ABCB1,DOID:3948,0.210284
ABCB1,DOID:863,0.210284
ABCB1,DOID:574,0.210284
ABL1,DOID:5041,0.210284
AGO2,DOID:8692,0.210284
AKT1,DOID:3565,0.210284
AKT1,DOID:767,0.210284
ANXA2,DOID:3571,0.210284
ANXA2,DOID:11476,0.210284
ANXA5,DOID:1749,0.210284
ANXA5,DOID:9119,0.210284
APOB,DOID:574,0.210284
ARHGEF12,DOID:9119,0.210284
ARID1A,DOID:8584,0.210284
ARID1A,DOID:2671,0.210284
ARID1A,DOID:1925,0.210284
ARID1A,DOID:769,0.210284
ARID1A,DOID:11054,0.210284
ATP2B3,DOID:657,0.210284
ATP2B3,DOID:10763,0.210284
BCHE,DOID:1612,0.210284
BCHE,DOID:4450,0.210284
BCHE,DOID:3068,0.210284
BCHE,DOID:769,0.210284
BCL2,DOID:10763,0.210284
BCL2,DOID:4610,0.210284
BCL2,DOID:11612,0.210284
BCL2L1,DOID:409,0.210284
BCOR,DOID:3347,0.210284
BECN1,DOID:5844,0.210284
BMP6,DOID:2352,0.210284
BMP6,DOID:5603,0.210284
CALR,DOID:10283,0.210284
CAMK1G,DOID:332,0.210284
CD19,DOID:2583,0.210284
CDKN2A,DOID:3948,0.210284
CDKN2A,DOID:1686,0.210284
CDKN2A,DOID:3275,0.210284
CEBPE,DOID:0060318,0.210284
CHEK2,DOID:769,0.210284
COL2A1,DOID:848,0.210284
COL2A1,DOID:3371,0.210284
CREBBP,DOID:3748,0.210284
CREBBP,DOID:10283,0.210284
CSF2,DOID:9146,0.210284
CSF2,DOID:3770,0.210284
CSF3,DOID:3908,0.210284
CSF3,DOID:5041,0.210284
CSF3,DOID:6000,0.210284
CSF3,DOID:8675,0.210284
CSF3,DOID:12450,0.210284
CSMD3,DOID:12849,0.210284
CYBB,DOID:6000,0.210284
CYBB,DOID:557,0.210284
CYP26A1,DOID:299,0.210284
CYP26A1,DOID:0050424,0.210284
CYP26A1,DOID:235,0.210284
DAG1,DOID:9537,0.210284
DAXX,DOID:169,0.210284
DAXX,DOID:1793,0.210284
DLC1,DOID:2394,0.210284
DMD,DOID:9253,0.210284
DMD,DOID:3246,0.210284
DNMT3A,DOID:8864,0.210284
DOK2,DOID:3683,0.210284
DRD2,DOID:93,0.210284
EGFR,DOID:9352,0.210284
EP300,DOID:2671,0.210284
EPHA2,DOID:14291,0.210284
EPHA2,DOID:3490,0.210284
EZH2,DOID:3347,0.210284
EZH2,DOID:4971,0.210284
FAT1,DOID:3068,0.210284
FAT4,DOID:10534,0.210284
FAT4,DOID:0060238,0.210284
FBN1,DOID:4195,0.210284
FBN1,DOID:2018,0.210284
FLT1,DOID:5082,0.210284
FN1,DOID:57,0.210284
GABBR1,DOID:12849,0.210284
GRIK2,DOID:3312,0.210284
GRM3,DOID:1909,0.210284
GRM8,DOID:2030,0.210284
GYPA,DOID:3165,0.210284
GZMB,DOID:1612,0.210284
HCFC1,DOID:3571,0.210284
HDAC2,DOID:8692,0.210284
HLA-DRB1,DOID:9146,0.210284
HOXD13,DOID:7148,0.210284
HRAS,DOID:5842,0.210284
IDH1,DOID:2602,0.210284
IDH2,DOID:2602,0.210284
IDH2,DOID:255,0.210284
IFNG,DOID:2921,0.210284
IFNG,DOID:13515,0.210284
IL2,DOID:263,0.210284
IL2,DOID:1184,0.210284
IL6,DOID:12554,0.210284
IL6,DOID:9146,0.210284
IL6,DOID:574,0.210284
JAK2,DOID:3393,0.210284
JAK3,DOID:0050458,0.210284
KCNH2,DOID:767,0.210284
KDR,DOID:1793,0.210284
KIT,DOID:850,0.210284
KIT,DOID:3369,0.210284
KITLG,DOID:305,0.210284
KRT19,DOID:2841,0.210284
KRT19,DOID:3748,0.210284
LPP,DOID:9119,0.210284
MAPK1,DOID:0050700,0.210284
MAPK3,DOID:3683,0.210284
MDM2,DOID:12336,0.210284
MED12,DOID:1618,0.210284
MED12,DOID:10283,0.210284
MPO,DOID:7148,0.210284
MXRA5,DOID:3908,0.210284
MYH6,DOID:13884,0.210284
MYLK,DOID:1686,0.210284
NCOA3,DOID:1240,0.210284
NCOR1,DOID:2671,0.210284
NOS1,DOID:150,0.210284
NOTCH2,DOID:3069,0.210284
NPM1,DOID:10534,0.210284
NRAS,DOID:707,0.210284
NRAS,DOID:3512,0.210284
ORAI1,DOID:10763,0.210284
PDGFRA,DOID:674,0.210284
PRAME,DOID:9538,0.210284
PRKAA2,DOID:0050700,0.210284
PRX,DOID:2477,0.210284
PRX,DOID:574,0.210284
PTPN11,DOID:3069,0.210284
RUNX2,DOID:4676,0.210284
SCN1A,DOID:480,0.210284
SHANK1,DOID:2030,0.210284
SHANK1,DOID:12849,0.210284
STAT5A,DOID:3683,0.210284
SULF1,DOID:2394,0.210284
SUZ12,DOID:1192,0.210284
TCF4,DOID:574,0.210284
TEK,DOID:0001816,0.210284
TERT,DOID:3948,0.210284
TET2,DOID:4450,0.210284
TLR4,DOID:4914,0.210284
TNF,DOID:813,0.210284
TNF,DOID:2671,0.210284
TNF,DOID:13580,0.210284
TNF,DOID:574,0.210284
TP53,DOID:10763,0.210284
TPH1,DOID:6432,0.210284
TRIO,DOID:9119,0.210284
WDR35,DOID:2340,0.210284
WNK1,DOID:557,0.210284
WNK1,DOID:574,0.210284
WNK1,DOID:4479,0.210284
WNK4,DOID:4479,0.210284
WT1,DOID:3827,0.210284
MXRA5,DOID:3905,0.210000
SETBP1,DOID:8552,0.210000
ABCB1,DOID:150,0.210000
ABCB11,DOID:574,0.210000
ABCC3,DOID:574,0.210000
ABCF1,DOID:1205,0.210000
ABCF1,DOID:552,0.210000
ABCG2,DOID:657,0.210000
ABCG2,DOID:12236,0.210000
ABCG2,DOID:863,0.210000
ABL1,DOID:299,0.210000
ABL1,DOID:3571,0.210000
ACVR2B,DOID:758,0.210000
ADAMTS1,DOID:2986,0.210000
ADAMTS17,DOID:3571,0.210000
ADCY5,DOID:305,0.210000
ADCY5,DOID:0050700,0.210000
ADCY5,DOID:10763,0.210000
ADCY5,DOID:11476,0.210000
ADNP,DOID:12849,0.210000
AGXT2,DOID:655,0.210000
AKAP12,DOID:1612,0.210000
AKAP13,DOID:4450,0.210000
AKAP13,DOID:5041,0.210000
AKT1,DOID:0050424,0.210000
AKT1,DOID:1826,0.210000
AKT1,DOID:0060318,0.210000
ALDH1A3,DOID:10534,0.210000
ALG6,DOID:2986,0.210000
ALMS1,DOID:12930,0.210000
ANXA5,DOID:3910,0.210000
ANXA5,DOID:2986,0.210000
ANXA5,DOID:893,0.210000
ANXA5,DOID:10534,0.210000
APOB,DOID:13241,0.210000
AQP5,DOID:3827,0.210000
ARC,DOID:10652,0.210000
ARC,DOID:480,0.210000
ARHGEF5,DOID:10283,0.210000
ARID1A,DOID:4866,0.210000
ARID1A,DOID:1380,0.210000
ARID1A,DOID:4928,0.210000
ARID1A,DOID:10534,0.210000
ARID4B,DOID:4866,0.210000
ASB15,DOID:4450,0.210000
ASXL2,DOID:11054,0.210000
ATP2A2,DOID:114,0.210000
ATP2A2,DOID:9767,0.210000
ATP2A2,DOID:1824,0.210000
ATP2B3,DOID:446,0.210000
ATP6AP2,DOID:2986,0.210000
AURKB,DOID:2986,0.210000
AURKB,DOID:10534,0.210000
BAIAP2L1,DOID:7148,0.210000
BCHE,DOID:7725,0.210000
BCHE,DOID:2377,0.210000
BCHE,DOID:9884,0.210000
BCHE,DOID:3602,0.210000
BCHE,DOID:0050848,0.210000
BCL2,DOID:4468,0.210000
BCL2,DOID:4545,0.210000
BCL2,DOID:3042,0.210000
BCL2,DOID:3121,0.210000
BCL2,DOID:8927,0.210000
BCL2,DOID:14018,0.210000
BCL2,DOID:5844,0.210000
BCL2,DOID:2256,0.210000
BCL2,DOID:0060123,0.210000
BCL2L1,DOID:9352,0.210000
BCL2L1,DOID:3602,0.210000
BCL2L1,DOID:1793,0.210000
BCLAF1,DOID:5409,0.210000
BCOR,DOID:4866,0.210000
BCORL1,DOID:4866,0.210000
BECN1,DOID:3683,0.210000
BMP6,DOID:3042,0.210000
BNC2,DOID:674,0.210000
BNC2,DOID:2394,0.210000
BPTF,DOID:11054,0.210000
BSN,DOID:114,0.210000
BTD,DOID:12849,0.210000
BUB1,DOID:2986,0.210000
C2,DOID:10223,0.210000
C2,DOID:2986,0.210000
C3,DOID:612,0.210000
C3,DOID:9182,0.210000
C3,DOID:11123,0.210000
C5,DOID:612,0.210000
CACNA1B,DOID:574,0.210000
CADPS,DOID:574,0.210000
CALB2,DOID:13141,0.210000
CALR,DOID:3393,0.210000
CASC5,DOID:574,0.210000
CASP3,DOID:182,0.210000
CASP3,DOID:9352,0.210000
CASP3,DOID:4079,0.210000
CASP3,DOID:863,0.210000
CASP3,DOID:3602,0.210000
CASP3,DOID:5327,0.210000
CASP3,DOID:1824,0.210000
CBFB,DOID:674,0.210000
CBFB,DOID:2986,0.210000
CBFB,DOID:1682,0.210000
CBL,DOID:11383,0.210000
CBL,DOID:865,0.210000
CBX7,DOID:9538,0.210000
CCL11,DOID:1205,0.210000
CCL20,DOID:1612,0.210000
CCL20,DOID:235,0.210000
CCL20,DOID:9744,0.210000
CCL20,DOID:1205,0.210000
CCL20,DOID:552,0.210000
CCL20,DOID:37,0.210000
CD109,DOID:1612,0.210000
CD2,DOID:1184,0.210000
CD4,DOID:2986,0.210000
CD4,DOID:11723,0.210000
CD5,DOID:7148,0.210000
CD80,DOID:12236,0.210000
CD80,DOID:12306,0.210000
CD86,DOID:409,0.210000
CD9,DOID:3095,0.210000
CDA,DOID:1612,0.210000
CDC42,DOID:3953,0.210000
CDKN1A,DOID:557,0.210000
CDKN1A,DOID:11727,0.210000
CDKN2A,DOID:3953,0.210000
CDKN2A,DOID:574,0.210000
CEBPA,DOID:11934,0.210000
CEBPA,DOID:3165,0.210000
CENPF,DOID:2986,0.210000
CENPN,DOID:2986,0.210000
CHD4,DOID:1380,0.210000
CHEK2,DOID:3168,0.210000
CHIC2,DOID:9119,0.210000
CIC,DOID:1441,0.210000
CNTN6,DOID:4866,0.210000
COL11A2,DOID:1222,0.210000
COL11A2,DOID:10003,0.210000
COL22A1,DOID:5409,0.210000
COL2A1,DOID:1909,0.210000
COL7A1,DOID:1612,0.210000
COL9A1,DOID:10003,0.210000
COL9A1,DOID:11830,0.210000
COL9A1,DOID:5679,0.210000
COPS2,DOID:289,0.210000
CRB1,DOID:5327,0.210000
CREBBP,DOID:4866,0.210000
CREBBP,DOID:2671,0.210000
CREBBP,DOID:5409,0.210000
CREBBP,DOID:11054,0.210000
CSF1R,DOID:2986,0.210000
CSF2,DOID:10914,0.210000
CSF2,DOID:530,0.210000
CSF2,DOID:6000,0.210000
CSF2,DOID:574,0.210000
CSF2,DOID:1588,0.210000
CSF3,DOID:1612,0.210000
CSF3,DOID:2671,0.210000
CSF3,DOID:12930,0.210000
CSF3,DOID:11934,0.210000
CSF3,DOID:114,0.210000
CSF3,DOID:0001816,0.210000
CSF3,DOID:8651,0.210000
CSF3,DOID:2741,0.210000
CSF3,DOID:557,0.210000
CSF3,DOID:1967,0.210000
CSF3,DOID:409,0.210000
CSF3,DOID:707,0.210000
CSF3,DOID:423,0.210000
CSF3,DOID:863,0.210000
CSF3,DOID:574,0.210000
CSF3,DOID:3770,0.210000
CSF3,DOID:8472,0.210000
CSF3,DOID:3165,0.210000
CSF3,DOID:5409,0.210000
CSF3,DOID:0060123,0.210000
CSF3,DOID:0050426,0.210000
CSF3,DOID:9637,0.210000
CSF3,DOID:1588,0.210000
CSF3,DOID:363,0.210000
CSMD1,DOID:303,0.210000
CSMD3,DOID:4450,0.210000
CSMD3,DOID:303,0.210000
CTNNA2,DOID:10534,0.210000
CUL3,DOID:1909,0.210000
CYBB,DOID:3454,0.210000
CYBB,DOID:2986,0.210000
CYBB,DOID:576,0.210000
CYCS,DOID:2316,0.210000
CYCS,DOID:9452,0.210000
CYCS,DOID:326,0.210000
CYCS,DOID:224,0.210000
CYCS,DOID:9970,0.210000
CYP26A1,DOID:9206,0.210000
CYP26A1,DOID:289,0.210000
CYP26A1,DOID:5041,0.210000
CYP4F12,DOID:574,0.210000
DAXX,DOID:3948,0.210000
DCK,DOID:574,0.210000
DCLK1,DOID:2986,0.210000
DCSTAMP,DOID:289,0.210000
DDX60,DOID:8469,0.210000
DIO2,DOID:289,0.210000
DIO2,DOID:2645,0.210000
DIO2,DOID:50,0.210000
DLD,DOID:9269,0.210000
DMD,DOID:182,0.210000
DMD,DOID:1967,0.210000
DMD,DOID:11612,0.210000
DNAH5,DOID:2841,0.210000
DNAJC7,DOID:526,0.210000
DNMT1,DOID:2030,0.210000
DNMT1,DOID:2841,0.210000
DNMT1,DOID:0050902,0.210000
DNMT3A,DOID:1612,0.210000
DOCK1,DOID:303,0.210000
DOCK10,DOID:2986,0.210000
DOCK2,DOID:4914,0.210000
DOCK2,DOID:2986,0.210000
DOK2,DOID:574,0.210000
DROSHA,DOID:12336,0.210000
DSCAM,DOID:303,0.210000
DUSP1,DOID:289,0.210000
DUSP1,DOID:3393,0.210000
DYNC1H1,DOID:10907,0.210000
EED,DOID:1192,0.210000
EGFR,DOID:4606,0.210000
EGFR,DOID:3121,0.210000
EP300,DOID:4866,0.210000
EP300,DOID:3748,0.210000
EP300,DOID:5409,0.210000
EP300,DOID:11054,0.210000
ERF,DOID:2340,0.210000
ETV6,DOID:303,0.210000
EZH2,DOID:1380,0.210000
EZH2,DOID:2986,0.210000
EZH2,DOID:4972,0.210000
F3,DOID:10772,0.210000
FAM19A4,DOID:1612,0.210000
FANCI,DOID:2986,0.210000
FANCI,DOID:574,0.210000
FAT1,DOID:4866,0.210000
FAT1,DOID:3748,0.210000
FAT1,DOID:11934,0.210000
FAT2,DOID:3748,0.210000
FAT4,DOID:299,0.210000
FAT4,DOID:3748,0.210000
FAT4,DOID:1909,0.210000
FBN1,DOID:289,0.210000
FCGBP,DOID:10534,0.210000
FGL2,DOID:3042,0.210000
FILIP1,DOID:10534,0.210000
FLT1,DOID:0001816,0.210000
FLT1,DOID:2256,0.210000
FLT1,DOID:4676,0.210000
FN1,DOID:1312,0.210000
FUT4,DOID:2986,0.210000
GBP1,DOID:8469,0.210000
GDF10,DOID:1612,0.210000
GJB3,DOID:4603,0.210000
GJB4,DOID:4603,0.210000
GLI1,DOID:0060318,0.210000
GLI1,DOID:574,0.210000
GLRA1,DOID:543,0.210000
GMPS,DOID:9119,0.210000
GNAI2,DOID:0050820,0.210000
GNAI2,DOID:305,0.210000
GNB1,DOID:2030,0.210000
GNRHR,DOID:3953,0.210000
GPR183,DOID:2986,0.210000
GPX2,DOID:1612,0.210000
GRIK2,DOID:303,0.210000
GRIK3,DOID:5409,0.210000
GRM3,DOID:3328,0.210000
GRM8,DOID:5409,0.210000
GSTK1,DOID:10283,0.210000
GSTM3,DOID:10283,0.210000
GTF3A,DOID:526,0.210000
GZMB,DOID:12849,0.210000
H3F3B,DOID:305,0.210000
HCLS1,DOID:7148,0.210000
HCLS1,DOID:2986,0.210000
HCLS1,DOID:574,0.210000
HDAC2,DOID:1909,0.210000
HDAC3,DOID:114,0.210000
HIVEP2,DOID:3393,0.210000
HK1,DOID:3393,0.210000
HLA-A,DOID:9088,0.210000
HLA-A,DOID:1588,0.210000
HLA-B,DOID:10223,0.210000
HLA-B,DOID:10952,0.210000
HLA-DRB1,DOID:1558,0.210000
HMMR,DOID:2986,0.210000
HMMR,DOID:574,0.210000
HMMR,DOID:11612,0.210000
HNRNPK,DOID:1612,0.210000
HOOK3,DOID:11612,0.210000
HOXA9,DOID:1909,0.210000
HOXB3,DOID:3827,0.210000
HOXD13,DOID:14679,0.210000
HRAS,DOID:4866,0.210000
HRAS,DOID:11624,0.210000
HSD17B1,DOID:10283,0.210000
HSPA4,DOID:2986,0.210000
HSPA4,DOID:11727,0.210000
IDH2,DOID:11476,0.210000
IFI44,DOID:8469,0.210000
IFI44,DOID:574,0.210000
IFNG,DOID:10588,0.210000
IFNG,DOID:8337,0.210000
IFNG,DOID:813,0.210000
IFNG,DOID:12849,0.210000
IFNG,DOID:936,0.210000
IFNG,DOID:235,0.210000
IFNG,DOID:530,0.210000
IFNG,DOID:0060319,0.210000
IFNG,DOID:1557,0.210000
IFNG,DOID:10457,0.210000
IFNG,DOID:9155,0.210000
IFNG,DOID:5773,0.210000
IFNG,DOID:576,0.210000
IFNG,DOID:1252,0.210000
IGHMBP2,DOID:574,0.210000
IGSF5,DOID:10283,0.210000
IKZF1,DOID:8577,0.210000
IKZF4,DOID:12306,0.210000
IL15,DOID:12849,0.210000
IL17RD,DOID:4866,0.210000
IL17RD,DOID:574,0.210000
IL1R1,DOID:1205,0.210000
IL1R1,DOID:552,0.210000
IL2,DOID:10914,0.210000
IL2,DOID:2355,0.210000
IL2,DOID:12849,0.210000
IL2,DOID:3042,0.210000
IL2,DOID:2048,0.210000
IL2,DOID:615,0.210000
IL2,DOID:574,0.210000
IL2,DOID:119,0.210000
IL3,DOID:615,0.210000
IL3,DOID:574,0.210000
IL3,DOID:1588,0.210000
IL32,DOID:3042,0.210000
IL6,DOID:10322,0.210000
IL6,DOID:13580,0.210000
IL6,DOID:2048,0.210000
IL6,DOID:3827,0.210000
IL6,DOID:2977,0.210000
IL6,DOID:12466,0.210000
IL6,DOID:3525,0.210000
IL6,DOID:9065,0.210000
IL6,DOID:12157,0.210000
IL6,DOID:699,0.210000
IPO7,DOID:2986,0.210000
IRF8,DOID:2986,0.210000
ITGAM,DOID:3042,0.210000
ITGAM,DOID:0060189,0.210000
ITGAV,DOID:6713,0.210000
ITGAX,DOID:2986,0.210000
JAK2,DOID:182,0.210000
JAK2,DOID:4079,0.210000
JAK2,DOID:13252,0.210000
JAK2,DOID:10283,0.210000
JMJD1C,DOID:4866,0.210000
JUN,DOID:2316,0.210000
JUN,DOID:0001816,0.210000
JUN,DOID:574,0.210000
JUN,DOID:1824,0.210000
KANSL1,DOID:4866,0.210000
KAT6A,DOID:4866,0.210000
KAT6A,DOID:0050902,0.210000
KCNH2,DOID:235,0.210000
KCNT1,DOID:2234,0.210000
KCNT1,DOID:3331,0.210000
KDM6A,DOID:4866,0.210000
KDM6A,DOID:2671,0.210000
KDM6A,DOID:3748,0.210000
KDM6A,DOID:11054,0.210000
KDR,DOID:3328,0.210000
KDR,DOID:5041,0.210000
KDR,DOID:3393,0.210000
KDR,DOID:2256,0.210000
KDR,DOID:4676,0.210000
KIAA0226L,DOID:2986,0.210000
KITLG,DOID:3393,0.210000
KLF15,DOID:10283,0.210000
KMT2A,DOID:299,0.210000
KMT2A,DOID:2671,0.210000
KMT2A,DOID:5409,0.210000
KMT2A,DOID:10534,0.210000
KMT2A,DOID:11054,0.210000
KMT2C,DOID:299,0.210000
KMT2C,DOID:4866,0.210000
KMT2C,DOID:2671,0.210000
KMT2C,DOID:4947,0.210000
KMT2C,DOID:3748,0.210000
KMT2C,DOID:10534,0.210000
KMT2C,DOID:11054,0.210000
KMT2D,DOID:3748,0.210000
KMT2D,DOID:12336,0.210000
KRAS,DOID:1517,0.210000
KRAS,DOID:3121,0.210000
KRAS,DOID:11624,0.210000
KRAS,DOID:363,0.210000
KRT13,DOID:3748,0.210000
KRT20,DOID:1517,0.210000
LAMA2,DOID:11830,0.210000
LAMA3,DOID:4123,0.210000
LILRB2,DOID:2986,0.210000
LMOD1,DOID:289,0.210000
LRP1B,DOID:4450,0.210000
LRP1B,DOID:1909,0.210000
LRP5,DOID:574,0.210000
LRP5,DOID:9719,0.210000
LTBP3,DOID:4254,0.210000
MAGI1,DOID:4866,0.210000
MAPK1,DOID:2316,0.210000
MAPK1,DOID:2986,0.210000
MAPK1,DOID:11934,0.210000
MAPK3,DOID:2316,0.210000
MAPK3,DOID:11934,0.210000
MAPK3,DOID:263,0.210000
MAPK8,DOID:3310,0.210000
MAPK8,DOID:10534,0.210000
MAT1A,DOID:9252,0.210000
MAT1A,DOID:936,0.210000
MAT1A,DOID:3213,0.210000
MAT1A,DOID:9352,0.210000
MAT1A,DOID:9452,0.210000
MBTPS1,DOID:10283,0.210000
MCL1,DOID:9206,0.210000
MDM2,DOID:574,0.210000
MECOM,DOID:1612,0.210000
MECOM,DOID:235,0.210000
MECOM,DOID:2394,0.210000
MED12,DOID:3948,0.210000
MED12,DOID:1612,0.210000
MED14,DOID:289,0.210000
MEIS1,DOID:1612,0.210000
MFSD6,DOID:574,0.210000
MGA,DOID:4866,0.210000
MGAT5B,DOID:11612,0.210000
MLF1,DOID:10534,0.210000
MLLT10,DOID:4450,0.210000
MLLT10,DOID:1909,0.210000
MME,DOID:9743,0.210000
MN1,DOID:4586,0.210000
MN1,DOID:574,0.210000
MNDA,DOID:2986,0.210000
MPL,DOID:0050902,0.210000
MPO,DOID:2316,0.210000
MPO,DOID:161,0.210000
MPO,DOID:4989,0.210000
MPO,DOID:1252,0.210000
MRE11A,DOID:574,0.210000
MST1R,DOID:3347,0.210000
MTA2,DOID:289,0.210000
MTOR,DOID:5411,0.210000
MTOR,DOID:10763,0.210000
MTOR,DOID:3602,0.210000
MTOR,DOID:4362,0.210000
MUC16,DOID:576,0.210000
MYC,DOID:11984,0.210000
MYC,DOID:9296,0.210000
MYC,DOID:674,0.210000
MYC,DOID:9452,0.210000
MYH14,DOID:10283,0.210000
MYH6,DOID:11984,0.210000
MYLK,DOID:4724,0.210000
MYLK,DOID:3070,0.210000
MYLK,DOID:1205,0.210000
MYLK,DOID:178,0.210000
MYO3A,DOID:574,0.210000
MYO5B,DOID:5295,0.210000
MYO5B,DOID:3571,0.210000
MYO5B,DOID:655,0.210000
NCOA3,DOID:299,0.210000
NCOR1,DOID:289,0.210000
NCOR1,DOID:3068,0.210000
NCOR1,DOID:11054,0.210000
NF1,DOID:3355,0.210000
NF1,DOID:3382,0.210000
NOS1,DOID:2074,0.210000
NOS1,DOID:2560,0.210000
NOS1,DOID:863,0.210000
NOS1,DOID:1824,0.210000
NOTCH1,DOID:182,0.210000
NOTCH1,DOID:4866,0.210000
NOTCH1,DOID:3587,0.210000
NOTCH1,DOID:235,0.210000
NOTCH1,DOID:4079,0.210000
NOTCH1,DOID:863,0.210000
NOTCH1,DOID:0060249,0.210000
NOTCH1,DOID:4362,0.210000
NOTCH2,DOID:3748,0.210000
NOTCH2,DOID:3683,0.210000
NOTCH2,DOID:0050902,0.210000
NOTCH2,DOID:4362,0.210000
NPC1,DOID:2348,0.210000
NPC1,DOID:5082,0.210000
NPC1,DOID:539,0.210000
NRAS,DOID:2986,0.210000
NRAS,DOID:1984,0.210000
NRCAM,DOID:1612,0.210000
NRCAM,DOID:303,0.210000
NRXN3,DOID:303,0.210000
NSD1,DOID:4866,0.210000
NTRK3,DOID:289,0.210000
NTRK3,DOID:3070,0.210000
NTRK3,DOID:1824,0.210000
NUMA1,DOID:3042,0.210000
OPRM1,DOID:13413,0.210000
OPRM1,DOID:1883,0.210000
OPRM1,DOID:2560,0.210000
OPRM1,DOID:480,0.210000
PA2G4,DOID:10534,0.210000
PARP2,DOID:811,0.210000
PARP2,DOID:574,0.210000
PARP4,DOID:235,0.210000
PCDH15,DOID:5463,0.210000
PCDH15,DOID:303,0.210000
PDGFRA,DOID:4545,0.210000
PDGFRA,DOID:850,0.210000
PDK4,DOID:3393,0.210000
PDXDC1,DOID:4450,0.210000
PDXDC1,DOID:2986,0.210000
PEX13,DOID:10588,0.210000
PHACTR1,DOID:12783,0.210000
PHIP,DOID:12894,0.210000
POSTN,DOID:11723,0.210000
PPAP2A,DOID:10534,0.210000
PPIC,DOID:10534,0.210000
PPP1R3A,DOID:0050440,0.210000
PRAME,DOID:3908,0.210000
PRAME,DOID:4450,0.210000
PRAME,DOID:11934,0.210000
PRKAA2,DOID:10603,0.210000
PRKAA2,DOID:6713,0.210000
PRKD3,DOID:2986,0.210000
PRKD3,DOID:574,0.210000
PRPF8,DOID:526,0.210000
PSME4,DOID:526,0.210000
PTCH1,DOID:1319,0.210000
PTCH1,DOID:526,0.210000
PTPN11,DOID:206,0.210000
PTPRC,DOID:2986,0.210000
PTPRC,DOID:5679,0.210000
PTPRE,DOID:2986,0.210000
PUS1,DOID:10534,0.210000
RAD21,DOID:8692,0.210000
RARA,DOID:11446,0.210000
RARS,DOID:2986,0.210000
RBFOX2,DOID:4866,0.210000
RFC1,DOID:235,0.210000
RFX3,DOID:37,0.210000
RP1,DOID:1172,0.210000
RPL6,DOID:305,0.210000
RPL6,DOID:14330,0.210000
RUNX1,DOID:10283,0.210000
RUNX1T1,DOID:5409,0.210000
RUNX3,DOID:11612,0.210000
RUNX3,DOID:8893,0.210000
RYR1,DOID:4450,0.210000
SACS,DOID:891,0.210000
SCARA3,DOID:2986,0.210000
SCARB1,DOID:305,0.210000
SCARB1,DOID:784,0.210000
SCARB1,DOID:9505,0.210000
SCARB1,DOID:574,0.210000
SCARB1,DOID:5062,0.210000
SCML2,DOID:0050902,0.210000
SCN3A,DOID:12382,0.210000
SELENBP1,DOID:3683,0.210000
SELENBP1,DOID:10534,0.210000
SEMA6D,DOID:303,0.210000
SETBP1,DOID:8692,0.210000
SETD2,DOID:4866,0.210000
SH2B3,DOID:12306,0.210000
SHANK1,DOID:4450,0.210000
SIGLEC1,DOID:8469,0.210000
SLC12A3,DOID:178,0.210000
SLC17A7,DOID:8927,0.210000
SLC18A2,DOID:863,0.210000
SLC1A1,DOID:936,0.210000
SLC1A1,DOID:289,0.210000
SLC24A3,DOID:4866,0.210000
SLC51A,DOID:12236,0.210000
SLC6A20,DOID:2986,0.210000
SLC6A20,DOID:2645,0.210000
SLC7A7,DOID:9252,0.210000
SLCO3A1,DOID:574,0.210000
SMARCA2,DOID:4866,0.210000
SMARCA2,DOID:1925,0.210000
SMC1A,DOID:4866,0.210000
SMC1A,DOID:8692,0.210000
SMC1A,DOID:11054,0.210000
SMC3,DOID:8692,0.210000
SNCA,DOID:1926,0.210000
SON,DOID:4866,0.210000
SOX5,DOID:0060224,0.210000
SPATA21,DOID:3571,0.210000
SPATA21,DOID:11612,0.210000
SREBF2,DOID:10534,0.210000
SRSF2,DOID:305,0.210000
STAG2,DOID:2671,0.210000
STAG2,DOID:8692,0.210000
STAG2,DOID:11054,0.210000
STAT3,DOID:2316,0.210000
STAT3,DOID:4362,0.210000
STAT5A,DOID:3007,0.210000
STAT5A,DOID:3457,0.210000
STAT5A,DOID:3393,0.210000
STC2,DOID:289,0.210000
SUZ12,DOID:1380,0.210000
SYNE1,DOID:1612,0.210000
SYNE1,DOID:303,0.210000
TCF4,DOID:114,0.210000
TCF4,DOID:3571,0.210000
TCF4,DOID:10907,0.210000
TEK,DOID:3328,0.210000
TENM2,DOID:303,0.210000
TERT,DOID:557,0.210000
TERT,DOID:1037,0.210000
TET2,DOID:10283,0.210000
TGFBI,DOID:2986,0.210000
THPO,DOID:0050700,0.210000
THRB,DOID:3827,0.210000
TLR4,DOID:2773,0.210000
TLR4,DOID:2394,0.210000
TLR4,DOID:574,0.210000
TNC,DOID:1532,0.210000
TNC,DOID:799,0.210000
TNF,DOID:2030,0.210000
TNF,DOID:12554,0.210000
TNF,DOID:13413,0.210000
TNF,DOID:3827,0.210000
TNF,DOID:2741,0.210000
TNF,DOID:9279,0.210000
TNF,DOID:9993,0.210000
TNF,DOID:699,0.210000
TNF,DOID:9767,0.210000
TNF,DOID:780,0.210000
TNF,DOID:11396,0.210000
TNF,DOID:0060123,0.210000
TONSL,DOID:11612,0.210000
TP53,DOID:2316,0.210000
TP53,DOID:11984,0.210000
TP53,DOID:3213,0.210000
TP53,DOID:731,0.210000
TP73,DOID:4051,0.210000
TPO,DOID:574,0.210000
TRIM24,DOID:3969,0.210000
TRIO,DOID:3571,0.210000
TRPM8,DOID:12783,0.210000
TUBA1A,DOID:3393,0.210000
TUSC3,DOID:10283,0.210000
U2AF1,DOID:526,0.210000
U2AF1,DOID:11476,0.210000
UNC45B,DOID:114,0.210000
VCAM1,DOID:13580,0.210000
VCAM1,DOID:8577,0.210000
VCAM1,DOID:3827,0.210000
VCAM1,DOID:3393,0.210000
VCAM1,DOID:4676,0.210000
VCAN,DOID:4866,0.210000
VCAN,DOID:289,0.210000
WIPF1,DOID:2986,0.210000
WRN,DOID:574,0.210000
WSCD1,DOID:3571,0.210000
WT1,DOID:235,0.210000
WT1,DOID:3683,0.210000
XKR4,DOID:303,0.210000
ZBED4,DOID:2986,0.210000
KRAS,DOID:9119,0.208574
KIT,DOID:9254,0.205925
KRAS,DOID:11054,0.205201
CALR,DOID:4971,0.204536
WT1,DOID:2645,0.203940
MYH6,DOID:0050700,0.202884
TP53,DOID:5648,0.202835
MYH6,DOID:1682,0.202601
TP53,DOID:3458,0.201701
DLC1,DOID:1520,0.201418
DYNC1H1,DOID:10595,0.201418
NRAS,DOID:1520,0.201134
SNRNP200,DOID:10584,0.201134
DYNC1H1,DOID:12377,0.201134
EP300,DOID:1520,0.200851
IGHMBP2,DOID:13137,0.200851
NRAS,DOID:3908,0.200851
KIT,DOID:2998,0.200567
C3,DOID:8354,0.200567
KAT6B,DOID:0060290,0.200567
SH2B3,DOID:2224,0.200284
ALMS1,DOID:0050700,0.200284
CBL,DOID:3490,0.200284
IMPG2,DOID:10584,0.200284
NOTCH1,DOID:0060227,0.200284
HRAS,DOID:3962,0.200000
GNAI2,DOID:3946,0.200000
SH2B3,DOID:4971,0.200000
TGM6,DOID:9119,0.200000
KCNH2,DOID:0050431,0.200000
DYNC1H1,DOID:2477,0.200000
NOTCH1,DOID:1682,0.200000
KMT2A,DOID:11725,0.200000
