ABCF1,63055442930554429GA,1.000000
ABCA4,19449059494490594CT,0.002000
ABL1,9133760430133760430CT,0.004000
ACVR2B,33851967138519671CT,0.192000
ADCY3,22505081425050814GA,0.034000
ADCY5,3123071313123071313GA,0.920000
PARP4,132505886725058867CT,0.350000
ALDH1A3,15101427864101427864CT,0.708000
ANG,142116174221161742GA,0.012000
ANK2,4114254323114254323CA,0.997000
APOB,22123539821235398CT,0.001000
APOB,22123544621235446CT,0.005000
SHROOM2,2399003729900372CT,0.950000
AQP5,125035739950357399TC,1.000000
ARHGAP5,143256048832560488GA,0.957000
ARL3,10104449677104449677GT,1.000000
ARSF,2330218413021841GA,0.941000
ZFHX3,167282113472821134CT,0.219000
ATP2A2,12110765452110765452CT,0.908000
ATP2B2,31038707210387072GA,0.997000
ATP2B3,23152814259152814259GT,1.000000
ATP6V1C1,8104068114104068114GT,1.000000
BAAT,9104124840104124840GA,0.003000
BAI1,8143625648143625648CT,0.848000
BCHE,3165548476165548476G-,0.988000
BICD1,123253052332530523GA,0.001000
BMP5,65563891355638913GA,0.956000
BMP6,678454567845456GA,0.860000
DST,65640159956401599CT,0.984000
BRS3,23135574280135574280CT,1.000000
BTD,31568642615686426GA,0.027000
BUB1,2111419303111419303GA,0.008000
C2,63190154331901543CT,0.972000
C3,1967072036707203CT,0.998000
C4BPB,1207263773207263773CT,0.256000
C5,9123732523123732523TG,0.935000
C7,54098153840981540GAA-,0.668000
CACNA1B,9141015927141015927GT,0.988000
CACNA1B,9140943767140943767CT,1.000000
CACNA1B,9141016357141016357GA,0.967000
CACNA1E,1181727919181727919AG,1.000000
CACNA1E,1181689358181689358CT,1.000000
CACNA1E,1181754552181754552CG,0.971000
CACNA1S,1201054627201054627GA,0.873000
CALB2,167141950071419500CT,0.000000
CALR,191305108013051081-A,0.970000
CAPN6,23110507007110507007CT,1.000000
CAPS,1959144485914448CG,0.945000
CASP10,2202060580202060580CA,0.011000
RUNX1,213616459536164617CGCGGCGGCGAGCGCTCGCCGCC-,0.912000
RUNX1,213623178236231782CT,0.996000
RUNX1,213625293936252940-G,0.992000
RUNX1,213617162436171625AG-,0.880000
RUNX1,213623179236231792CT,1.000000
RUNX1,213617160736171607GA,0.996000
RUNX1,213625287636252876CA,1.000000
RUNX1,213625915336259153GA,1.000000
RUNX1,213625294036252940GA,1.000000
RUNX1,213625285636252861CTTCCA-,0.968000
RUNX1,213625291736252917CG,1.000000
RUNX1,213625287736252877CT,1.000000
RUNX1,213623178336231783GA,1.000000
RUNX1,213625287836252878TC,1.000000
RUNX1,213625299436252995-CC,1.000000
RUNX1,213625286936252870-GGCTA,0.992000
RUNX1T1,89300405493004054GT,0.995000
CBFB,166707060867070608CT,0.992000
CBFB,166711617167116172-A,0.996000
CBL,11119148880119148880AG,1.000000
CCNG2,47808704478087044C-,0.752000
SCARB1,12125302136125302136CT,0.077000
ENTPD1,109760722797607227GA,0.936000
CD70,1965861446586144GA,0.978000
CD74,5149792285149792285GA,0.901000
CD74,5149784252149784252GA,0.292000
LRBA,4151821353151821353TC,1.000000
CDC42,12240506022405060CT,1.000000
CDH4,206031882960318829CT,0.000000
CDH16,166694581166945811CT,0.081000
CEBPA,193379314633793146CA,0.992000
CEBPA,193379239033792391-CGGGTTCTGCTT,0.894000
CEBPA,193379239033792391-CCA,0.908000
CEBPA,193379289533792896CC-,0.964000
CEBPA,193379239533792396-CCA,0.940000
CEBPA,193379239533792400TCCACG-,0.920000
CEBPA,193379319133793191CG,0.843000
CEBPA,193379318433793184G-,0.972000
CEBPA,193379236833792369-TCA,0.824000
CEBPA,193379229433792294G-,0.916000
CEBPA,193379319033793191GC-,0.968000
CEBPA,193379242333792423GA,1.000000
CEBPA,193379240833792409-CAA,0.844000
CEBPA,193379240433792405-GCT,0.868000
CEBPA,193379299133792992-C,0.921000
CEBPA,193379311933793120TG-,0.973000
CEBPA,193379236833792370GTC-,0.852000
CEBPA,193379246433792465-G,0.972000
CEBPA,193379325333793253G-,0.964000
CENPB,2037668793766879CT,0.980000
CENPF,1214819808214819808CG,0.163000
CHD4,1267015836701583CT,1.000000
CHD4,1266970646697064GA,1.000000
CHIT1,1203186123203186123CT,0.002000
CLCN1,7143029829143029829GA,0.990000
CLCN6,11189750811897508GC,0.175000
CNGA3,29901237399012373CT,0.027000
COL2A1,124838013648380136CA,1.000000
COL7A1,34860869848608698GA,0.249000
COL9A1,67098444470984444GA,0.924000
COL11A2,63315199533151995CT,0.927000
COL12A1,67590204875902048GA,0.999000
COL12A1,67582331875823318GA,0.924000
COL12A1,67586098975860989CA,1.000000
COL19A1,67085269970852699CT,0.001000
CR1,1207785328207785328GA,0.997000
CSF3R,13693343436933434GA,0.999000
VCAN,58281669782816697CA,0.149000
CSPG4,157598205875982058TA,1.000000
CTNNA2,28008526280085262CT,1.000000
CTSG,142504396125043961GT,1.000000
CYBB,233766566237665662GA,0.932000
CYLC1,238312870583128705CA,0.284000
CYP26A1,109483568294835682GA,0.780000
DAB2,53938302939383030AC-,0.996000
DAG1,34956834549568345GA,0.001000
DAXX,63328829733288297GA,1.000000
DCTD,4183836708183836708GA,0.732000
DCT,139512116595121165CT,0.033000
DIAPH2,239668472696684726CT,1.000000
DIO2,148066939480669394CT,0.999000
DLD,7107556026107556026GA,1.000000
DLX3,174806889948068899GT,0.601000
DMD,233185490531854905GA,0.081000
DNAH5,51389483413894834GT,0.000000
DNAH9,171155459911554599CT,0.014000
DNAH9,171157280511572805TG,1.000000
DNAH9,171164225711642257GA,0.090000
DYNC1H1,14102453065102453065CT,0.936000
DNM2,191090923710909238-GCCATCGT,0.992000
DNMT1,191028799010287990TA,0.935000
DNMT3A,22546327125463271GA,0.447000
DNMT3A,22546330725463307CT,0.997000
DNMT3A,22546905525469055TC,0.752000
DNMT3A,22547051625470516GA,0.992000
DNMT3A,22546703225467032GA,0.976000
DNMT3A,22546902925469029CA,1.000000
DNMT3A,22545987425459874CG,0.992000
DNMT3A,22547053125470531T-,0.980000
DNMT3A,22546328625463286CT,0.909000
DNMT3A,22546891025468910GA,0.996000
DNMT3A,22546351425463514A-,0.991000
DNMT3A,22546710625467106C-,0.992000
DNMT3A,22545868725458687TC,1.000000
DNMT3A,22545716125457161AC,1.000000
DNMT3A,22545724225457242CG,1.000000
DNMT3A,22546457625464576CA,1.000000
DNMT3A,22546330825463308GA,0.952000
DNMT3A,22545724325457243GA,1.000000
DNMT3A,22546816325468163CA,0.996000
DNMT3A,22546818625468186CT,1.000000
DNMT3A,22545724225457242CT,0.952000
DNMT3A,22546813325468133GA,0.992000
DNMT3A,22546206525462065TC,0.982000
DNMT3A,22546203225462032CT,0.936000
DNMT3A,22546352925463529GA,1.000000
DNMT3A,22546703025467030C-,0.980000
DNMT3B,203138638731386387CT,1.000000
DOCK1,10128840889128840889TA,0.932000
DOCK2,5169127134169127134AG,0.366000
DRD2,11113283325113283325GA,0.979000
DSCAM,214164808741648087GA,0.998000
ECM2,99527999895279998CT,1.000000
DUSP1,5172195817172195817TC,0.002000
GPR183,139994738799947387GA,0.004000
CELSR3,34869911048699110TC,0.986000
EGFR,75523890055238900CT,0.007000
EGFR,75527309955273099CG,0.094000
EPHA2,11647525916475259GA,1.000000
ELANE,19855779855779GT,0.012000
ELF1,134150806641508066AG,1.000000
ELF4,23129205024129205024CT,1.000000
EPHA3,38952857289528572GA,0.700000
EPHA8,12291552822915528GA,0.140000
EPHB1,3134873071134873071CT,0.996000
EYA4,6133789862133789862CA,0.042000
ETF1,5137853261137853261AC,1.000000
ETV3,1157105311157105311CT,1.000000
ETV6,121199222111992233ATCGATCTCCTCA-,0.980000
ETV6,121203895912038959AG,1.000000
EZH2,7148506443148506443CT,1.000000
EZH2,7148504762148504763-ATGCA,0.932000
EZH2,7148504763148504764-ATGCA,0.932000
FANCC,99801144698011446TC,0.748000
BPTF,176590798365907983TG,0.000000
FAT1,4187584737187584737CG,0.983000
FAT2,5150928964150928964CT,0.977000
FBN1,154878946648789466CT,0.001000
FLG,1152277448152277448CT,0.173000
FLG,1152278709152278709TA,0.901000
FLT1,132888086928880869AG,0.000000
FLT3,132860825828608259-GGCGATATTCATATTCTCTGAAATCAACGTAGAAGTACTCATTATCTGAGGAGCCGG,0.908000
FLT3,132860824028608241-AAACTCCCATTTGAGATCATATTCATATTCTCTGAAATCAACGTAGAAGTACTCATTATCTGAGGA,0.884000
FLT3,132860825328608254-GATCATATTCATATTCTCCAAACTCTAAATTTTCTCTTGGAAACTCCCATTTGA,0.996000
FLT3,132860826728608268-TTCTCTGAAATCAACGTAGAAGTACTCATTATC,0.948000
FLT3,132860825728608258-CATATTCATATTCTCTGAAATCAACGTAGAAGTACTCATTATCTTAGGAGCCGGTCC,1.000000
FLT3,132859264028592640AC,1.000000
FLT3,132860826228608263-TCATATTCTCTGAAATCAACGTAGAAGTACTCA,0.936000
FLT3,132859264228592642CG,1.000000
FLT3,132860826228608263-TCATATTCTCTGAAATCAACGTAGAAGTACTCATTATCTGAGGAGCCGGTCACCTGTACCATC,0.928000
FLT3,132860833828608339-TTCTCTGAAATCAACGTAGAAGTACTCATTATCTGAGGAGCCGGTCACCTGTACCATCTGTAGCTGGCTTTT,0.992000
FLT3,132860826328608264-CATATTCTCTGAAATCAACGTAGAAGTACTCATTATCTGAGGAGCCGG,0.924000
FLT3,132860824428608245-TCCCATTTGAGATCATAT,0.924000
FLT3,132860826828608269-TCTCTGAAATCAACGTAG,0.886000
FLT3,132860826128608262-TTCATATTCTCTGAAATCAACGTAGGCCAC,0.948000
FLT3,132860827528608276-AATCAACGTAGAAGTACTCATTATCTTCCGGGG,0.894000
FLT3,132860824828608249-ATTTGAGATCATATTCAT,0.900000
FLT3,132860825128608252-TGAGATCATATTCATATTCTC,0.948000
FLT3,132860825828608275CATATTCATATTCTCTGAGGGGTGGGGGGG,0.956000
FLT3,132860825828608259-TATTCATATTCTCTGAAATCAACG,0.980000
FLT3,132860825028608251-TTGAGATCATATTCATATTCTCTGAAATCAACG,0.904000
FLT3,132860827328608274-GAAATCAACGTAGAAGTACTCATTATCTGAGGAGCCGGTACC,0.912000
FLT3,132860826028608261-ATTCATATTCTCTGAAATCAACGTAGAAGTACTCATTATCTGAGGAGCCAG,0.912000
FLT3,132860827128608272-ATTCTG,0.944000
FLT3,132860827328608274-GAAATCAACGTAGAAGTACTCATTATCTGA,0.912000
FLT3,132860824228608243-ACTCCCATTTGAGATCATATTCATATTCTCTGAAATCAACGTAGAAGTACTCATTACCCCCTCGGGGGG,0.916000
FLT3,132860825528608256-ATCATATTCATATTCTCTGAA,0.916000
FLT3,132860825528608256-ATCATATTCATATTCTCTGAAATCAACGTAGAAGTACTCATT,0.892000
FLT3,132859264228592642CA,1.000000
FLT3,132860825428608255-ATCATATTCATATTCTCTGAA,0.992000
FLT3,132860831128608312-ATTCATATTCTCTGAAATCAACGTAGAAGTACTCATTATCTGAGGAGCCGGCCA,0.904000
FLT3,132860825628608257-TCATATTCATATTCTCTGAAATCAACGTAGAAGTACTCATTATCTGAGGAG,0.912000
FLT3,132860826228608263-CATATTCTCTGAAATCAACGTATC,0.992000
FLT3,132859264028592640AT,1.000000
FLT3,132859262928592629TC,0.924000
FLT3,132860821928608220-AAACTCTAAATTTTCTCTTGGAAACTCCCATTTGAGATCATATTCATATTCTCTGAAATCAACGTAGAAGCCCTG,0.924000
FLT3,132860825628608257-TCATATTCATATTCATATTCATAT,0.924000
AFF2,23147891443147891443GA,0.995000
FN1,2216238072216238072CA,1.000000
FRZB,2183731076183731076TC,0.133000
G6PC,174106300141063001TG,0.069000
GABBR1,62958117829581178CA,1.000000
GABRA4,44697321446973214GA,1.000000
GABRB1,44740544947405449CT,0.998000
GABRG2,5161576185161576185GT,0.968000
GABRR1,68989169989891699CT,0.916000
GALNT2,1230415050230415050AC,0.979000
GANC,154264159642641596GA,0.932000
GATA2,3128200151128200151GA,1.000000
GATA2,3128202809128202809GT,1.000000
GBP1,18952051289520512CA,1.000000
GDF10,104842935748429357GA,0.031000
GJB3,13525100935251009CT,0.944000
GJB3,13525079235250792CG,0.004000
GCLM,19436236894362368CT,0.042000
GLI1,125785852457858524CA,0.985000
GLRA1,5151304094151304094GA,0.025000
GNA15,1931502773150277CT,1.000000
GNAI2,35029369550293695GA,1.000000
GNB1,117472281747228TG,0.998000
GNRHR,46861963968619639GA,1.000000
GPR6,6110300868110300868GA,0.906000
GPX2,146540652765406527GC,0.048000
GRB10,75067404150674041GA,0.114000
GRID1,108737975987379759TA,1.000000
GRID1,108740708287407082GT,0.980000
GRIK2,6102069829102069829AG,1.000000
GRIK2,6102516280102516280GA,0.312000
GRIK3,13730751937307519GA,1.000000
GRIK4,11120833249120833249GA,1.000000
GRIK4,11120702587120702587CT,1.000000
ARHGAP35,194742310147423101CT,0.096000
GRM3,78641597086415970GA,0.900000
GRM3,78646836886468368GC,1.000000
GRM8,7126173379126173379GA,0.994000
GRM8,7126173251126173251GA,1.000000
GSTM3,1110280813110280813CA,1.000000
GTF3A,132800898128008981GA,0.999000
GUCA2A,14262919042629190AG,0.002000
GUCY2C,121479823914798239TA,0.990000
GUCY2D,1779172397917239CT,1.000000
GZMB,142510121225101212GA,0.016000
HADH,4108948853108948853GT,1.000000
HCFC1,23153230156153230156GA,0.999000
HCLS1,3121377178121377178AC,1.000000
HDAC2,6114274557114274557CT,1.000000
CFHR2,1196918613196918613CG,0.001000
HIVEP1,61212252912122529TC,0.998000
HIVEP2,6143093951143093951CT,0.001000
HK1,107115853371158533GA,0.010000
HLA-B,63132491731324917GC,0.293000
HLA-DRB1,63254854432548544TG,1.000000
HNRNPK,98659191986591920GA-,0.988000
HSD3B1,1120054278120054278GA,0.159000
HSD17B1,174070648840706488AG,0.001000
HSPA4,5132431896132431896TA,0.980000
HSPG2,12217867622178676CT,0.956000
HTR5A,7154862893154862893CG,1.000000
TNC,9117803360117803360GA,0.042000
TNC,9117798422117798422TC,0.792000
IDH1,2209113113209113113GT,1.000000
IDH1,2209113113209113113GA,1.000000
IDH1,2209113113209113113GC,1.000000
IDH1,2209113112209113112CT,1.000000
IDH2,159063193490631934CA,1.000000
IDH2,159063183890631838CT,1.000000
IDH2,159063193490631934CT,1.000000
IGHMBP2,116870431068704310CT,1.000000
IL1R1,2102793205102793205GA,0.003000
ISLR,157446789174467891CT,0.085000
ITGAV,2187487079187487079TA,1.000000
ITGAX,163138299831382998CT,1.000000
ITPR1,348255464825546GA,0.010000
ITPR3,63363846733638467GA,0.002000
JAK2,950737705073770GT,1.000000
JAK3,191794910817949108CT,0.082000
KCNA4,113003306130033061GA,1.000000
KCNA4,113003393330033933CT,0.001000
KCNH2,7150644006150644006CT,0.069000
KCNJ6,213908679239086792CT,1.000000
KCNN3,1154744661154744661AT,1.000000
KCNQ3,8133182665133182665CT,0.972000
KDR,45598030055980300GA,0.966000
KDR,45595619455956194CT,1.000000
KIT,45558976655589766G-,0.982000
KIT,45559932155599321AT,1.000000
KIT,45558977155589771AC,0.002000
KIT,45556470255564702CT,1.000000
KIT,45558977055589771-AGGTGGG,0.972000
KIT,45559932055599320GT,1.000000
KIT,45558977155589772-CTTCTT,0.614000
KRAS,122538028225380282GT,1.000000
KRAS,122538027525380275TA,0.901000
KRAS,122539828425398284CA,1.000000
KRAS,122537856225378562CT,0.988000
KRAS,122539828425398284CT,1.000000
KRAS,122539828125398281CT,1.000000
KRAS,122539821125398211TC,1.000000
KRT13,173965895239658952GA,1.000000
KRT19,173968021839680218GC,1.000000
LAMA2,6129704366129704366CT,0.838000
LAMA3,182139442721394427TC,0.989000
LAMA5,206090043460900434CT,0.003000
LRP5,116811541768115417CT,0.980000
LTA4H,129642131396421313AG,0.700000
LTBP3,116532042765320427CT,0.050000
SMAD9,133744696937446969GA,0.110000
MAP1B,57149195871491958TC,0.042000
MAP2,2210558182210558182GA,0.768000
MAP2,2210559334210559334GA,1.000000
MAP6,117531687875316878TA,0.965000
MAT1A,108203999082039990CT,0.038000
MAX,146554474765544747CT,1.000000
CHST6,167551315975513159CG,1.000000
ADAM11,174283724242837242CT,1.000000
ADAM11,174285539942855399CA,0.128000
MDFI,64162121641621216CA,0.988000
MDM2,126923051769230517AC,0.999000
MEFV,1632945873294587CT,0.046000
MEFV,1632994623299462CT,0.036000
MLLT4,6168352305168352305GA,0.999000
MNDA,1158815449158815449GA,0.000000
MPI,157518511975185121GAG-,0.936000
MPL,14381840543818405CG,0.969000
MRE11A,119419264594192645GC,0.936000
MST1R,34993633749936337CT,0.990000
MUC6,1110287051028705AG,0.982000
MYB,6135510959135510959TC,1.000000
MYC,8128750684128750684CT,1.000000
MYF5,128111090381110903AG,0.145000
MYH6,142387485423874854GC,0.984000
MYLK,3123427647123427647GT,0.999000
MYO5B,184751870147518701TC,0.112000
MYOC,1171605485171605485GT,0.996000
NEB,2152419193152419193GT,0.918000
NF1,172956274729562747GA,1.000000
NF1,172956298129562981CT,0.996000
TONSL,8145668658145668658GA,0.380000
NONO,237051169770511697CA,1.000000
NOS1,12117669802117669802CT,0.045000
NOTCH1,9139395132139395132CT,1.000000
NOTCH2,1120464979120464979AT,1.000000
NPC1,182111560321115603CT,0.055000
NPM1,5170837547170837548-CATG,0.918000
NPM1,5170837544170837545-CTGC,0.898000
NPM1,5170837546170837547-TGTA,0.948000
NPM1,5170834720170834720AG,0.876000
NPM1,5170837545170837546-CTGC,0.892000
NPM1,5170837547170837548-CCTG,0.886000
NPM1,5170837543170837544-TCTG,0.910000
NPM1,5170837547170837548-CAAG,0.944000
NPM1,5170837543170837544-TATG,0.910000
NPM1,5170834736170834737-GAGGAGG,0.916000
NPM1,5170837547170837548-TCAG,0.928000
NPM1,5170834737170834738-T,0.976000
NPM1,5170837547170837548-TCTG,0.886000
NPM1,5170837545170837546-TGCA,0.910000
NPM1,5170837547170837548-CGCG,0.930000
NRAP,10115357815115357815GT,0.999000
NRAS,1115256529115256529TC,0.900000
NRAS,1115256528115256528TA,0.901000
NRAS,1115258748115258748CA,0.944000
NRAS,1115258744115258744CT,0.996000
NRAS,1115256529115256529TG,1.000000
NRAS,1115256530115256530GT,0.924000
NRAS,1115258747115258747CT,1.000000
NRCAM,7107831727107831727GA,0.901000
NRF1,7129348924129348924CT,1.000000
NTRK3,158847247188472471AG,1.000000
DDR2,1162725552162725552GA,0.000000
DDR2,1162731018162731018GA,0.908000
NUMA1,117172445071724451-CCCC,0.984000
OPRM1,6154411016154411016GT,1.000000
OR3A2,1731815023181502CT,0.948000
CLDN11,3170140969170140969GA,1.000000
OVGP1,1111957502111957525TCACAGACTGATGACTCACAGGGG-,0.662000
OXA1L,142323655623236556TG,0.002000
P2RY2,117294627972946279TC,0.185000
P2RY2,117294559672945596GT,1.000000
PA2G4,125650100256501002GA,0.361000
PABPC3,132567065225670652CG,1.000000
PAX3,2223086090223086090CT,1.000000
PCDH1,5141244061141244061AG,1.000000
PDC,1186415594186415594CA,0.076000
PDGFRA,45515656755156567GC,0.992000
PDGFRB,5149504392149504392GA,1.000000
PDK4,79521709895217098GA,0.001000
PEX13,26125893761258937G-,0.984000
PGM3,68388168383881683AT,0.990000
PIK3CB,3138474789138474789CT,0.030000
PI4KA,222110728121107281CA,0.124000
PKHD1,65161969051619690CT,0.800000
PKNOX1,214444893644448936GC,0.998000
PLEC,8144990833144990833GA,1.000000
PLOD1,11202481012024810GA,1.000000
PLRG1,4155458482155458482CT,0.995000
POLR2E,1910909361090936CA,0.984000
POU5F1,63113300431133004GT,0.800000
PPIC,5122361517122361517CT,1.000000
PPL,1649350494935049GA,0.990000
PPP1R3A,7113518991113518991TC,1.000000
PPP1R3A,7113519787113519787GT,0.011000
PPP2R2B,5145969731145969731GA,0.036000
PRKAA2,15716172357161723CT,0.992000
PKIB,6123039093123039093CT,1.000000
PRKCG,195440797054407970CT,1.000000
MAPK1,222215339522153395CT,1.000000
KLK7,195148090851480908GA,0.968000
PTCH1,99822052598220525CT,0.981000
PTPN11,12112926884112926884TC,0.952000
PTPN11,12112926909112926909AT,1.000000
PTPN11,12112939981112939981AC,0.206000
PTPN11,12112888165112888165GA,0.996000
PTPN11,12112888199112888199CT,1.000000
PTPN11,12112888195112888195TC,1.000000
PTPN11,12112888163112888163GT,1.000000
PTPN11,12112926852112926852CT,0.220000
PTPN11,12112926910112926910GC,1.000000
PTPN14,1214542946214542946GA,0.998000
PTPRE,10129854424129854424TA,0.310000
PTPRG,36173459361734593CG,0.964000
PTPRN,2220166388220166388GA,1.000000
RAD21,8117869560117869560CA,0.992000
RAD21,8117864298117864298C-,0.932000
RAD21,8117868492117868493-G,0.992000
RAD21,8117875497117875498-C,0.988000
RAP1B,126904253969042539GA,1.000000
RAP1GDS1,49926437399264373GA,0.884000
RBBP4,13313807233138072GA,0.944000
UPF1,191896381518963815TA,1.000000
RFC1,43930823839308238TC,1.000000
RFC3,133440408334404083AC,0.912000
RFX3,932710103271010CT,0.960000
RFX4,12107075813107075813GA,1.000000
RIT1,1155874261155874261CT,0.998000
RP1,85553765555537655GA,0.001000
RPL4,156679424466794244CT,0.055000
RPL6,12112846412112846412CT,0.001000
RPL9,43945925939459259TC,0.000000
RPL32,31288099412880994CA,0.128000
RPS3A,4152024038152024038CT,0.944000
RYR1,193898717538987175GA,1.000000
RYR3,153404851534048515GA,0.010000
RYR3,153412324634123246TA,1.000000
SERPINB4,186130509861305098GA,1.000000
SCN1A,2166903315166903315TC,0.004000
SCN1A,2166901716166901716CT,0.800000
SCN3A,2166003485166003485CG,0.998000
SCTR,2120204459120204459CT,1.000000
CCL11,173261464132614641CT,1.000000
CCL16,173430840434308404GA,0.007000
CCL20,2228680272228680272TA,0.999000
CCL21,93471005934710059GA,0.149000
SELPLG,12109017680109017680TG,0.232000
SRSF2,177473293674732959GGCGGCTGTGGTGTGAGTCCGGGG-,0.932000
SRSF6,204208852142088521TA,1.000000
TRA2B,3185643365185643365GC,0.001000
SHC1,1154942910154942911-G,0.952000
SI,3164730805164730805GT,0.836000
SI,3164733754164733754AG,1.000000
SLC1A1,945760504576050GA,1.000000
SLC6A9,14446862344468623TA,0.385000
SLC12A1,154853917548539175GA,1.000000
SLC12A3,165692695156926951CT,1.000000
SLC13A1,7122755703122755703CA,1.000000
SLC15A1,139937839299378392CT,0.988000
SLC18A1,82003846820038468CT,0.002000
SLC18A2,10119003781119003781GA,0.038000
SLPI,204388178643881786CT,0.000000
SMARCA2,920819042081904CT,1.000000
SUMO2,177317087173170872-TA,0.920000
SIGLEC1,2036845413684541CT,0.023000
SON,213492460734924607AG,0.948000
SOS1,23924991439249914CT,0.998000
SOX5,122368940623689406GA,0.998000
SPAM1,7123599598123599598GA,0.901000
SREBF2,224227402642274026GA,0.024000
SSTR4,202301662823016628GA,0.943000
HSPA13,211574596915745969TC,1.000000
AURKC,195774403757744037CT,1.000000
STRN,23710514337105145AGA-,0.916000
STRN,23714324437143244AT,0.022000
SULT1C2,2108917366108917366CT,0.808000
SUPT5H,193994965339949653GC,0.932000
SYT1,127961135479611354GA,0.001000
TBX15,1119469161119469161TA,0.999000
TCF4,185289611952896120-G,0.964000
VPS72,1151157997151157997CG,0.928000
TCTE3,6170143231170143231CT,1.000000
TEK,92721357227213572GA,1.000000
TFAM,106015479160154791GA,0.911000
TGFBI,5135396553135396553CT,0.999000
THRB,32416912224169122GA,1.000000
TJP1,153000083330000833AG,1.000000
TLR4,9120475317120475320TTAA-,0.988000
NR2E1,6108501563108501563GT,0.975000
NR2E1,6108499328108499328GA,0.003000
TNNC2,204445316744453167GT,1.000000
TP53,1775740187574018GA,1.000000
TP53,1775782067578206TC,1.000000
TP53,1775771217577121GA,1.000000
TP53,1775795697579570-CCATCCAG,0.925000
TP53,1775783947578394TC,1.000000
TP53,1775785077578507GC,1.000000
TP53,1775782727578272GA,1.000000
TP53,1775782657578265AC,1.000000
TP53,1775768977576897GA,0.968000
TP53,1775771007577100TC,1.000000
TP53,1775770817577081TC,1.000000
TP53,1775781817578182-GCGGCTC,0.988000
TP53,1775784147578414A-,0.956000
TP53,1775775387577538CT,1.000000
TP53,1775784037578403CT,1.000000
TP53,1775740037574003G-,0.984000
TP73,136387393638739CT,0.832000
TPH1,111804446618044466CA,1.000000
TPO,214574691457469CA,0.072000
TRIO,51428702414287024GA,1.000000
TRO,235495661154956611GA,0.176000
TRPC1,3142503880142503880TC,0.265000
DNAJC7,174013388740133887CT,0.002000
TTN,2179516225179516225CT,1.000000
TTN,2179647547179647547TC,1.000000
TTN,2179472757179472758-GAC,0.924000
TTN,2179606055179606055CT,0.011000
TTN,2179476545179476545CT,1.000000
TTN,2179484779179484779AC,1.000000
TUBA3C,131975144419751444GT,1.000000
TUBA3C,131975158419751584GA,1.000000
TUFT1,1151546791151546791GA,0.820000
TYRO3,154185488941854889CT,0.007000
U2AF1,214452445644524456GA,1.000000
U2AF1,214452445644524456GT,1.000000
U2AF1,214451477744514777TG,1.000000
UBP1,33345027633450276GT,0.998000
KDM6A,234492300044923000CT,0.995000
KDM6A,234491851444918514CA,0.992000
VCAM1,1101196837101196837GA,0.998000
EZR,6159188046159188046TC,1.000000
VIPR1,34255525342555253GA,0.000000
VLDLR,926529452652945CG,1.000000
WIPF1,2175432735175432735GC,1.000000
WEE1,1196100369610036GA,0.896000
WRN,83100493331004933GA,0.068000
WT1,113241790932417910-GACCG,0.992000
WT1,113241794532417946-C,0.996000
WT1,113241355732413557GA,0.999000
WT1,113241794132417942-A,0.984000
WT1,113241356632413566GA,1.000000
WT1,113241790932417910-A,0.996000
WT1,113241790832417909-CCGA,0.980000
WT1,113241784632417847AT-,0.996000
WT1,113241791032417911-ACCGTACA,0.996000
WT1,113241792232417923-TCGGGGCTAC,1.000000
ZNF37A,103840644638406446AG,0.332000
ZNF43,192199171221991712CT,0.253000
ZNF75D,23134428053134428053TC,0.065000
ZNF99,192295209022952090CT,0.073000
ZNF133,201829712818297128TG,0.134000
ZNF213,1631884593188459GA,0.001000
ZNF229,194493353544933535GC,1.000000
ZNF236,187458074474580744CG,0.287000
ALMS1,27374692773746927CT,0.001000
TUBA1A,124957898049578980CT,1.000000
BRPF1,397867319786731TC,0.096000
ST8SIA4,5100222185100222185TC,0.001000
ARHGEF5,7144062359144062359GA,0.000000
TUSC3,81548063715480637CT,0.993000
RASSF7,11562159562159GT,0.759000
KMT2D,124942536749425367AT,1.000000
TCL1A,149618035496180354CT,0.026000
ELL,191856147618561476CT,0.001000
NCOA3,204626433846264338A-,0.920000
USP11,234710480347104803TA,0.040000
USP9X,234102739041027391-CG,1.000000
SMC1A,235342661753426617AT,0.002000
SMC1A,235342662653426626CT,1.000000
SMC1A,235340923253409232TC,1.000000
SMC1A,235343607853436078GC,1.000000
SMC1A,235342353753423537CA,0.988000
SMC1A,235344194153441941CT,1.000000
SMC1A,235343257953432579CT,1.000000
ARID1A,12710169127101691GA,0.996000
DYSF,27190966271909662GA,1.000000
FZD1,79089574590895745GA,1.000000
HIST1H3D,62619739626197396TA,1.000000
CUL3,2225449691225449691CA,0.901000
CUL1,7148454181148454181AG,1.000000
CUL1,7148457522148457522GT,0.810000
SLC43A1,115725265457252654TC,0.003000
ENC1,57393089873930898CG,0.158000
NIPSNAP1,222996642629966426TC,0.924000
ITGA10,1145541826145541826CT,0.916000
CYP4F2,191600032416000324CT,0.010000
BLZF1,1169345861169345861GA,0.164000
THOC5,222993947029939470AC,1.000000
AKR7A2,11963254019632540CG,0.800000
PLA2G4C,194860793048607930CG,0.999000
PPAP2A,55472175654721756AC,1.000000
STC2,5172744925172744926-C,0.884000
CADPS,36257831362578313CT,0.928000
CADPS,36251862762518627CT,0.980000
CDK13,74011765940117659A-,0.996000
ABCB11,2169780250169780250GA,1.000000
BECN1,174097038040970380TC,0.296000
DNAH11,72178467321784673GT,0.078000
ABCC3,174876097448760974CT,0.999000
MBTPS1,168410136084101360CT,0.901000
EED,118596859185968591TA,1.000000
EED,118596144785961447CA,0.996000
NAPA,194799533447995334CT,0.956000
SCEL,137821686378216863TC,1.000000
DYRK4,1247058614705861CT,1.000000
TRIM24,7138266451138266451CT,1.000000
IL1RL2,2102855691102855691CT,0.000000
HDAC3,5141009284141009284TC,1.000000
FCGBP,194037694640376946GA,0.115000
FCGBP,194038411940384119CG,0.936000
FCGBP,194038403640384036CT,0.132000
SYNJ1,213406750734067507TC,0.350000
NAE1,166685716966857169CT,0.948000
CPNE3,88755703487557034AG,0.001000
MTMR3,223039893430398934GC,0.872000
AP1G2,142403330924033309CT,0.999000
AP1M1,191633726116337261CG,1.000000
GYG2,2327938842793884GA,0.388000
CACNA1G,174866794948667949TC,1.000000
HERC2,152838925328389253GT,1.000000
HERC1,156396655863966558CT,0.379000
BSN,34968959849689598CT,0.001000
BSN,34970190749701907AG,0.923000
TOP3B,222232472422324724CT,1.000000
TOP3B,222232885222328852AG,0.884000
SELENBP1,1151337703151337703CT,0.003000
PKD2L1,10102054727102054727CT,0.183000
DOK2,82177001521770015GA,1.000000
SLC7A7,142324283823242838CT,0.000000
TBX18,68545400985454009GA,1.000000
USP6,1750648245064824GA,1.000000
USP10,168477924384779243C-,0.992000
SMC3,10112356174112356174GC,0.977000
SMC3,10112361832112361832AG,0.025000
SMC3,10112362987112362987CT,1.000000
SMC3,10112342356112342356AT,0.988000
SMC3,10112343991112343991GA,1.000000
SMC3,10112356176112356176GT,1.000000
PRPF3,1150310718150310718TC,0.924000
ARHGEF1,194241013342410133GA,0.536000
RASSF9,128619919686199196GT,0.002000
BUB3,10124921780124921780GT,1.000000
DCLK1,133642869536428695GA,0.928000
DCLK1,133644542636445426CT,0.880000
LRRFIP1,2238617188238617188CT,0.999000
AURKB,1781101668110166GA,0.901000
MTA2,116236412562364125TC,0.979000
MTA2,116236414362364143TC,0.990000
MAGI1,36541649365416493CT,0.924000
IL32,1631192973119298-G,0.236000
GCM2,61087738810877388GA,1.000000
MED14,234053114840531148TC,0.000000
COPS2,154944774849447748AC,0.253000
NRXN3,147917574079175740AG,0.002000
NRXN3,148027152280271522AG,0.924000
NRXN1,25075839550758395CT,0.374000
MED21,122717937827179378TC,0.944000
DDX23,124923940549239405CT,0.852000
ARHGEF6,23135772783135772783C-,0.988000
NAPSA,195086227650862276CT,0.995000
AKAP5,146493541664935416GA,0.107000
ADAMTS1,212821474728214747GA,1.000000
PMPCB,7102939894102939894GT,1.000000
STXBP5L,3121097619121097619CT,0.932000
SPTLC2,147801848778018487TC,0.344000
ZNF254,192428885624288856CG,1.000000
AKAP12,6151673742151673742GA,0.003000
CELSR1,224676566246765662GT,0.998000
SNCAIP,5121786808121786808GA,0.981000
MICAL2,111224781312247813CG,0.948000
PLCH2,124183502418350CT,0.031000
WSCD2,12108600074108600074AG,0.003000
N4BP1,164858009748580097GA,0.993000
NUP93,165683242156832421CA,0.336000
RAPGEF2,4160243597160243597GT,1.000000
CROCC,11727533717275337CT,0.923000
CROCC,11727538217275382GA,0.220000
CROCC,11725090017250900GA,0.372000
DHX34,194787616047876160GA,0.002000
ZNF646,163109026931090269CT,0.021000
SECISBP2L,154930151249301512CT,0.960000
VPRBP,35146681351466813TC,0.000000
DOCK4,7111381644111381644GT,0.000000
USP34,26144753861447538GA,0.996000
FAM115A,7143573124143573124AG,1.000000
BCLAF1,6136597378136597378GA,0.001000
TM9SF4,203074788530747885GA,1.000000
DAZAP2,125163617251636172AG,0.984000
ARHGEF11,1156954161156954161GA,1.000000
CEP170,1243362463243362464-ATA,0.892000
TBC1D4,137593030975930309CT,0.385000
ZBED4,225027776150277761GC,1.000000
LPPR4,19977236999772369GA,0.964000
HELZ,176507447665074476CA,1.000000
THRAP3,13676716036767160CT,0.972000
THRAP3,13676223636762236GA,0.334000
MED12,237034721770347217CT,1.000000
MED12,237035616870356168GA,0.992000
DOPEY2,213760013537600135CA,1.000000
KCNE3,117416852674168526TC,0.001000
ZBTB33,23119387298119387298AC,1.000000
ZBTB33,23119387500119387500TA,0.999000
SH2B3,12111885536111885536TA,1.000000
TROAP,124972296649722966GA,0.006000
PARP2,142081876920818769AT,0.973000
TSPAN2,1115596001115596001GA,0.179000
ATP6AP2,234045684540456845CT,0.932000
RCAN2,64619088146190881GC,1.000000
C15orf38-AP3S2,159041471790414717TC,1.000000
LILRB2,195478283754782837CT,0.045000
SPEG,2220343888220343888CT,0.972000
B3GALT5,214103319241033192GA,0.166000
IKZF1,75044445950444459AG,0.997000
ABCA10,176717091767170917TC,0.036000
CACNG2,223709845337098453CT,0.164000
SEMA3A,78363671283636712CG,1.000000
SEMA3A,78359254383592543CT,0.000000
SCML2,231834305018343050CA,1.000000
DLC1,81295266612952666GA,1.000000
DLC1,81335742113357421GA,0.822000
IPO7,1194551509455150GA,0.038000
SSSCA1,116533907365339075CCT-,0.868000
IFI44,17912502879125028AT,0.349000
TACC2,10123970284123970284CT,0.979000
PRPF8,1715619471561947CT,0.932000
PRPF8,1715803921580392CG,0.989000
POSTN,133815662838156628GA,0.999000
KHDRBS3,8136554945136554945CT,1.000000
CTCF,166766046967660469CT,0.992000
CORIN,44766706847667068CT,0.068000
STAG2,23123197716123197716CT,0.976000
STAG2,23123205041123205041CT,1.000000
STAG2,23123220476123220476CT,0.976000
KIF1C,1749057924905792CT,0.984000
SLC17A3,62585033025850330GA,0.886000
ZNF460,195780301357803013AT,0.325000
CLPX,156545644765456447TC,0.996000
FGL2,77682595576825955CA,0.952000
ACTL7A,9111625878111625878GC,1.000000
CKAP4,12106633326106633326GA,0.800000
GCN1L1,12120572142120572142GA,1.000000
ZPBP,75002298550022985CG,1.000000
HNRNPUL1,194178708341787083CT,1.000000
PTPRT,204071055340710553CT,1.000000
PTPRT,204074708440747084CT,0.936000
PTPRT,204073084040730840GA,1.000000
TBC1D8,2101643864101643864TG,0.051000
LZTS1,82011086820110868GC,0.920000
AKAP13,158626234586262351AAGATCA-,0.992000
HPS5,111831445818314458GA,0.936000
KLHL2,4166235192166235192AT,0.940000
POU6F2,73937931539379315CT,0.924000
U2AF2,195617390556173906-G,0.980000
NID2,145252043452520434GA,0.100000
SCAF8,6155154044155154044GT,0.800000
SCAF8,6155153900155153900CA,0.997000
VASH1,147724436077244360CT,1.000000
ANKRD26,102731785327317853CG,0.668000
ATG14,145585258655852586GA,0.666000
DIS3,137334599773345997CT,0.000000
DIS3,137334633873346338CT,1.000000
DIS3,137333771773337717TC,1.000000
KLRC4-KLRK1,121054139710541397GA,1.000000
SORCS3,10106802834106802834GC,1.000000
MYH15,3108216937108216937CT,1.000000
IGSF9B,11133814258133814258CT,1.000000
RIMS1,67296795972967959CT,0.999000
RIMS1,67280685472806854CT,1.000000
SPEN,11626023816260238GA,0.984000
SPEN,11620308916203089CG,0.900000
SPEN,11625468416254684AC,0.966000
SNRNP200,29696897496968974AG,1.000000
PDXDC1,161512279115122791GA,0.062000
PDS5B,133333867033338670AG,0.099000
SMG1,161885294018852940AG,0.983000
SMG1,161884995018849950CT,1.000000
SMG1,161885297918852979AT,0.983000
NMNAT2,1183221856183221856CT,0.999000
WAPAL,108827774688277746TG,1.000000
HECW1,74354767943547679GA,0.994000
HECW1,74360145843601458CT,1.000000
MYCBP2,137773027077730270GA,1.000000
CUL9,64316644943166449GA,0.020000
ATP10B,5160025800160025800AG,0.998000
ATP10B,5160113140160113140TC,0.010000
PLXND1,3129303234129303235-G,0.966000
GPATCH8,174247569042475690GA,0.024000
EPB41L3,1854159275415928-A,0.976000
SMC5,97292027272920272AT,0.008000
CIC,194279151842791518GA,1.000000
RGL1,1183895310183895310CT,0.999000
LARP4B,10871204871204GA,0.007000
PSME4,25411590954115909AC,0.968000
PSME4,25412866354128663CA,0.967000
ATP11B,3182583253182583253GA,1.000000
SULF1,87053621270536212CT,1.000000
ARC,8143694874143694874CG,1.000000
PHLPP1,186049742960497429GC,1.000000
ANKRD12,1892566669256666AG,0.994000
SOGA2,1888069468806946GA,0.040000
CAMTA1,177218157721815GA,0.178000
MGA,154204664142046642TG-,0.980000
KLHL18,34738520147385201TC,0.000000
MTUS2,132960051329600513GA,0.038000
MTUS2,132985591929855919GA,0.969000
CSTF2T,105345869653458696GT,0.896000
WSCD1,1760238116023811GA,1.000000
SYNE1,6152738068152738068CT,0.309000
MAU2,191946522219465222CT,0.179000
ADNP,204950910549509105TG,0.892000
CRB1,1197390405197390405GA,0.089000
ATP1B4,23119505057119505057TC,1.000000
SF3B1,2198266834198266834TC,1.000000
CBX5,125465131354651313CT,0.980000
CBX7,223953469039534691-GCTC,0.988000
CBX7,223953468939534690-GCTC,0.996000
DAAM2,63986923439869234CT,0.904000
GLTSCR1L,64279768742797687GA,0.996000
GLTSCR1L,64283249242832492AG,0.024000
SUZ12,173031002130310022CT-,0.968000
SUZ12,173029319830293198GA,0.952000
SUZ12,173026733830267338GA,1.000000
MORC3,213771116537711165TC,0.985000
R3HDM1,2136409334136409334GA,0.973000
KAT6B,107673589576735895CG,0.001000
SRRM2,1628126992812700-TC,0.996000
RBFOX2,223633490536334905CT,0.952000
HYAL4,7123509086123509086CG,0.080000
CLDN14,213783360937833609CT,1.000000
NTSR2,21180017811800178GA,0.058000
EDC4,166791244367912443CT,0.898000
POLA2,116502983265029836AATTG-,0.984000
SH3BP4,2235950773235950773GA,0.998000
PRKD3,23748034237480342TC,0.884000
OSBP2,223126655731266557GC,1.000000
FLRT2,148608941186089411AT,0.000000
FLRT1,116388418463884184CT,0.896000
FKBP8,191865259318652593GA,0.000000
KIAA1549L,113357272133572721CA,0.920000
LMOD1,1201915305201915305GA,1.000000
MGAT4C,128637373586373735GT,0.999000
BRMS1,116610879166108791GA,0.988000
MXRA5,2332418453241845AC,0.179000
POC1A,35217230452172304CT,1.000000
GPR124,83769776337697763CT,0.999000
SNED1,2242004814242004814TA,0.928000
SPATS2L,2201337597201337597GT,0.800000
ATRNL1,10117486792117486792GA,1.000000
SETBP1,184253190742531907GA,1.000000
SETBP1,184253191342531913GA,1.000000
LRRTM2,5138209820138209820GC,0.128000
GIGYF2,2233681679233681680-CGGTAGGACGGGTC,0.922000
GIGYF2,2233681680233681681-GGCT,0.968000
C20orf26,202007944620079446CT,0.966000
LRIT1,108599175085991750CT,1.000000
TRPC4AP,203368057133680571GA,1.000000
SACS,132392887123928871GA,0.992000
PLA2G2D,12044064220440642GA,0.800000
CHIC2,45488024354880243CT,0.295000
MYEOV,116906383669063836CA,0.000000
OR1J2,9125273138125273138CT,0.001000
STEAP1,78979015889790158GA,0.006000
DNAI1,93451441634514416TC,0.936000
ATP2C1,3130714936130714936GA,0.820000
AFF4,5132228777132228777TG,0.988000
HSPB7,11634213016342130CT,1.000000
KCNH5,146344784763447847CT,0.998000
FILIP1,67602288376022883GA,0.972000
STK36,2219563599219563599AG,0.990000
CNTN6,314152991415299CA,1.000000
SULT1B1,47059988670599886CT,0.088000
R3HCC1L,109996912099969120GA,0.035000
R3HCC1L,109996869599968695GA,0.006000
BMP10,26909280669092806AT,0.087000
RBMX,23135961574135961574CA,1.000000
PCDH11X,239113308991133089CT,0.011000
RPS6KA6,238332002383320023GA,0.013000
ZNF638,27165422371654223GA,0.904000
DESI1,224200007242000072GT,0.940000
PCLO,78253831782538317CT,1.000000
SLCO3A1,159267162092671620CG,1.000000
SLC27A6,5128351606128351606GA,0.811000
KLF15,3126071369126071369CT,0.021000
SETD2,34716515247165153-C,0.984000
DROSHA,53140939231409392TA,0.059000
UQCR10,223016340130163401CA,0.168000
ALG6,16387688763876887GA,0.997000
PCDHB1,5140433195140433195GA,0.000000
EHD2,194822944048229440CT,1.000000
NOX3,6155774556155774556CT,0.921000
COL5A3,191011227410112274CT,0.001000
GEMIN4,17649463649463AT,1.000000
DCAF8,1160209996160209996AG,0.881000
CDON,11125871701125871701CT,0.079000
IMPG2,3100962674100962674CT,0.010000
SHANK1,195116540451165404CT,1.000000
ZBTB7B,1154987446154987446GA,0.910000
SIDT2,11117063898117063898AG,0.968000
TRNT1,331897793189779AG,0.896000
MECR,12954313029543130TC,0.130000
PLCE1,109579119195791191GT,0.001000
PLCE1,109579151695791516TC,0.012000
PLCE1,109599394195993941CA,0.000000
PLCE1,109593119495931194CA,0.174000
CLDN18,3137742541137742541GT,0.994000
TCEB3B,184456107744561077CT,0.045000
C1RL,1272494657249465CT,0.043000
CD320,1983699628369962CG,1.000000
THEG,19373949373949CG,0.011000
WAC,102882467028824671-AGGGC,0.964000
ZMYND10,35038081450380814AC,1.000000
DDX41,5176939370176939370CT,1.000000
SCARA3,82751694027516940GA,0.055000
LIMA1,125061595250615953-T,1.000000
LARS,5145543937145543937GC,1.000000
ZC3HC1,7129666032129666032CT,0.999000
GPRC5B,161988334419883344GA,0.924000
RAB23,65705870257058702TC,0.189000
MSRB1,1619913141991314TC,0.015000
ARID4B,1235345466235345466TA,0.998000
C9orf78,9132590500132590500GC,0.022000
SYT17,161923608519236085GC,1.000000
KDM3B,5137727800137727800C-,0.992000
KDM3B,5137729043137729043GA,0.999000
LRP1B,2141526782141526782CT,0.956000
BCMO1,168129329281293292TG,1.000000
MYO3A,102630578526305785GA,0.980000
CNTN5,119994498799944987CT,0.951000
CNTN5,11100211915100211915AC,0.997000
RIN2,201995621519956215CT,0.675000
KRT20,173904119939041199CT,1.000000
SDK2,177139716271397162GT,0.992000
NECAB2,168402796984027969CT,0.004000
MAGEL2,152389024823890248CT,0.355000
UGT1A10,2234545658234545658CT,1.000000
PARP14,3122420027122420027CG,0.712000
SLC6A20,34582362945823629GA,1.000000
IL17RD,35713171957131719GC,0.984000
HYDIN,167087402770874027GA,0.940000
RNF111,155936827959368279CT,1.000000
TET2,4106157113106157113A-,0.948000
TET2,4106158309106158309T-,0.980000
TET2,4106164778106164778CT,0.972000
TET2,4106155474106155474C-,0.984000
TET2,4106193801106193802-AT,0.992000
TET2,4106156043106156043C-,0.972000
TET2,4106157845106157845CT,0.984000
TET2,4106190863106190864-G,1.000000
TET2,4106193892106193892CT,0.976000
TET2,4106180893106180893G-,0.965000
TET2,4106193802106193803-TA,0.995000
TET2,4106155921106155921C-,0.980000
TET2,4106157938106157938CT,0.984000
TET2,4106156540106156540CT,1.000000
TET2,4106156747106156747CT,0.976000
TET2,4106158442106158442C-,0.988000
TET2,4106157969106157970-A,0.980000
TET2,4106157737106157737C-,0.988000
TET2,4106190782106190783AG-,0.996000
TET2,4106180919106180919C-,0.984000
TET2,4106197269106197269CT,1.000000
TET2,4106193855106193855A-,0.972000
TET2,4106197255106197255CA,1.000000
TET2,4106197333106197333CT,1.000000
TET2,4106196213106196213CT,0.968000
TET2,4106190777106190777AT,1.000000
TRPM4,194970526049705260GA,0.985000
BNC2,91643673516436735CT,1.000000
DCHS2,4155156598155156598GA,0.036000
DCHS2,4155253840155253840TA,0.990000
CDHR2,5176016333176016333CT,0.001000
VPS13C,156218256062182560TC,0.101000
MFSD6,2191300983191300983TG,0.437000
TMEM104,177279174572791745CT,0.984000
CNTLN,91722628317226283CT,0.972000
BCOR,233993208439932085-G,0.996000
BCOR,233993385839933858C-,0.975000
TBC1D8B,23106069437106069437TA,0.037000
LPPR1,9104086335104086335CT,1.000000
CASZ1,11071579810715798CT,1.000000
FAM208B,1057725855772585GA,0.000000
UBE2R2,93391717633917178GAG-,0.912000
PHIP,67973585279735852CA,0.999000
PHIP,67966463679664637-T,0.966000
ATG16L1,2234201946234201946TA,1.000000
FEZF2,36235694862356948TA,1.000000
C10orf118,10115891901115891901AC,0.343000
FAM90A1,1283773688377368G-,0.937000
ARHGEF10L,11794835917948359GA,0.996000
SHQ1,37286645872866458GC,0.619000
RIF1,2152319466152319466TA,0.231000
VPS13D,11246029612460296GA,0.158000
BBS7,4122791466122791466CA,1.000000
FANCI,158984711989847119TA,0.114000
UQCC1,203396200033962000CA,0.866000
ASXL2,22596723325967234-CT,0.988000
RBM41,23106310914106310914AC,0.044000
ACOXL,2111542370111542370CT,0.022000
TBC1D2,9100971322100971322AC,0.406000
MCM10,101323445113234451GA,0.007000
SAGE1,23134989144134989144GA,0.006000
TMEM55A,89200797992007979CT,1.000000
ELMOD1,11107501281107501281GA,0.002000
DNAH3,162099405720994057GC,0.000000
SUPT20H,133759147137591471GC,0.038000
KIF27,98651816686518166CT,0.088000
DDX60,4169141819169141819TC,0.144000
PPP1R9A,79487948994879489AG,0.994000
MTMR8,236357471263574712CT,0.264000
MTMR8,236348860263488602CT,0.000000
DOCK10,2225717836225717836CT,0.998000
MFN1,3179080206179080206GA,0.990000
SMEK1,149193720491937204GC,1.000000
SLC30A6,23244546332445463AG,0.940000
LIMS2,2128412067128412067GC,0.999000
YEATS2,3183521065183521065CT,1.000000
POLR3B,12106770184106770184CT,1.000000
TENM3,4183664410183664410GA,1.000000
ASUN,122706647527066475CA,1.000000
ATF7IP,121461946814619471ACAA-,1.000000
DHX32,10127569152127569152AG,1.000000
FGD6,129560388095603880CT,0.034000
LRIF1,1111492550111492550CG,0.021000
CACNA2D3,35493083954930839CA,0.984000
CACNA2D3,35493386354933863TC,0.972000
ADCY10,1167873180167873180TA,0.380000
DCAF6,1167960544167960544TC,1.000000
CAND1,126770025467700254TG,0.981000
CENPN,168105622381056223CT,0.040000
RCC2,11774003317740033CT,0.994000
NKRF,23118723959118723959GA,0.960000
FAM212B,1112270297112270297CT,0.130000
C20orf24,203524043935240439CT,0.007000
BAIAP2L1,79793704797937047CT,0.999000
PCDHGC4,5140866094140866094CG,0.032000
PCDHGA10,5140793765140793767AGA-,0.587000
PCDHGA5,5140745018140745018GT,0.176000
PCDHGA3,5140724205140724205GA,0.995000
PCDHB11,5140580470140580470TC,1.000000
PCDHB6,5140530312140530312TA,1.000000
PCDHB3,5140480895140480895CT,0.369000
PCDHA8,5140222758140222758CA,0.000000
PCDHA4,5140188067140188067CT,0.278000
PCDHA1,5140167574140167574GA,0.015000
KIAA1217,102476259224762592GA,0.998000
PARD3,103440021434400214GT,0.264000
METTL3,142197928321979283TC,0.342000
KCNK13,149065128490651285-G,0.904000
KCNK13,149065124990651249CA,0.011000
NMUR2,5151784257151784257CT,0.322000
NMUR2,5151784554151784554GA,0.989000
OLFML3,1114522185114522185CT,0.000000
MEPE,48876738788767387GA,0.105000
PARP6,157254976672549766GT,0.971000
PRDM9,52352678623526786GA,0.462000
SLC17A7,194993384649933846GA,0.014000
CASC5,154091659240916592GC,0.867000
ANO2,1256725665672566CA,0.601000
RAB25,1156035781156035781CA,1.000000
CAMK1G,1209785354209785354GA,0.002000
VARS2,63088790730887907GA,1.000000
RALGAPA2,202061021120610211CA,0.208000
SENP7,3101136588101136588GA,0.996000
SLC24A3,201966253919662539AG,0.004000
TENM2,5167689115167689115GT,0.998000
GATAD2B,1153791329153791329GA,0.984000
STRIP2,7129093996129093996TC,0.780000
STRIP2,7129091522129091522CT,0.786000
CNOT6,5179994980179994980GT,0.928000
PLEKHH1,146804053668040536CT,1.000000
PLEKHH1,146803671868036718GA,0.000000
KIAA1239,43744670237446702AG,0.884000
KIDINS220,288903608890360GA,0.035000
CGN,1151506464151506464GA,0.899000
ALPK3,158540132285401322CT,0.002000
WDR35,22015361920153619CT,0.080000
CC2D2A,41556935215569352CT,1.000000
KCNT1,9138642020138642020TA,0.099000
ZNF687,1151259855151259855CG,0.006000
ZNF687,1151260427151260427CT,0.860000
FNIP2,4159754760159754760GA,0.124000
TSHZ3,193176997831769978CT,0.993000
EPB41L5,2120849220120849220GA,1.000000
RNF213,177832060378320603GA,0.020000
RNF213,177832143378321433GC,0.912000
FANCM,144563358345633583GA,1.000000
PRX,194090299840902998TC,0.819000
PCDHB16,5140563348140563348CT,1.000000
SLAMF7,1160718302160718302AG,0.992000
CADM3,1159163315159163315GA,0.007000
NLRC4,23246329032463290AG,0.901000
JAM2,212706614927066149GA,0.999000
ZNF462,9109691231109691231CT,0.999000
KMT2C,7151874161151874161CA,1.000000
PRODH2,193630365136303651CT,0.984000
DMRT3,9990602990602CG,0.956000
CARD18,11105009793105009793CT,0.434000
KLHL12,1202863740202863740TG,0.120000
TSKS,195024343150243431GA,1.000000
PAPPA2,1176759024176759024CT,0.034000
BCORL1,23129148536129148537-A,0.972000
BCAN,1156617332156617332CT,1.000000
PRDM16,133285233328523GA,0.182000
ANO3,112666348426663484GC,0.091000
RBKS,22806991628069916AC,0.866000
SMOC2,6169008890169008890GA,0.086000
ABCG4,11119031351119031351AG,1.000000
SEMA4A,1156146280156146280AG,0.002000
ABCG8,24407955544079555GA,0.000000
ARHGEF28,57313656373136563CA,0.342000
RAB17,2238485934238485934GA,0.351000
RNF25,2219533395219533395GT,0.962000
IKZF4,125641748656417486CT,0.000000
MMP25,1631004213100421CT,1.000000
GREM2,1240656704240656704GT,0.000000
CDH24,142351842623518426GT,0.964000
WBSCR17,77113052971130529GA,0.980000
SUDS3,12118841283118841283CA,0.988000
CSMD1,830000533000053C-,0.996000
CSMD1,829661622966162GT,0.997000
CSMD1,830813373081337GT,0.999000
SMURF2,176258957862589578TC,0.000000
C6orf106,63462253034622530TC,1.000000
EFCAB6,224398596443985964GT,0.559000
PLEKHG2,193991376339913763CT,1.000000
AGXT2,53503711735037117GT,0.003000
GPBP1,55654293456542935-A,0.968000
NBEAL1,2204045161204045161TC,0.990000
RSRC2,12123001816123001816CG,0.172000
PRAMEF2,11291982912919829CT,0.000000
PRAMEF2,11291999712919997CT,0.006000
WNK1,12970241970241AC,1.000000
PCDH15,105558726855587268CT,0.975000
WNK4,174094039040940390CT,1.000000
WNK3,235433436854334368CT,0.990000
STK33,1184744538474453CA,0.304000
CAPRIN2,123090662730906627CT,0.960000
TMEM108,3133114756133114756AT,0.020000
CYP4F12,191579446915794469CT,1.000000
DUSP26,83345114333451143CA,1.000000
CAMKV,34989676749896767CT,0.001000
PDCL3,2101183018101183019-C,0.968000
TRPM8,2234846004234846004GA,0.105000
TRIM48,115503314955033149CA,0.283000
BRCC3,23154305490154305490CT,0.984000
LRFN3,193643568336435683CT,0.928000
LRRC2,34657439946574399CT,0.952000
FAM65A,166757398967573989CT,0.997000
FAM65A,166757887967578879CT,1.000000
TMEM231,167557654775576547TC,0.003000
C10orf76,10103735023103735023AT,0.995000
SAP130,2128770686128770686GA,0.948000
ACSS3,128153690281536902CT,0.001000
SH3TC2,5148406153148406153CT,0.016000
EFTUD1,158253068782530687TC,1.000000
FAT4,4126336627126336627GA,1.000000
USB1,165805127358051273CG,0.086000
DYNC2H1,11102980403102980403TG,0.000000
E2F8,111925236119252361AG,0.000000
E2F8,111925110519251105CA,0.972000
ZFHX4,87776410877764108GC,0.445000
C7orf10,74023464840234648GT,1.000000
MYH14,195078338450783384CG,0.750000
SLTM,155917960259179602AG,0.896000
TLE6,1929896332989633CG,0.214000
KDM8,162722181827221818TG,0.976000
AGBL2,114771205547712055CA,0.976000
ALG13,23111003073111003073CT,1.000000
CYBRD1,2172411097172411097GT,1.000000
WLS,16865972168659721GC,0.148000
TTC26,7138853105138853105GT,0.988000
DOCK5,82513611025136110GA,0.932000
SEMA6D,154805605948056059CT,1.000000
TRPM3,97321834773218347CT,0.990000
TRPM3,97321831173218311CT,1.000000
NAA15,4140270697140270697GA,0.988000
KIAA0226L,134694614846946148CT,0.057000
CEP290,128848288588482885GA,0.051000
FBXO11,24803675448036755-GA,1.000000
SPG11,154495582344955823GC,0.000000
RAB11FIP1,83773241237732412CT,0.146000
RUFY1,5179025796179025796CG,0.162000
TRIM45,1117663343117663343CT,1.000000
SPHKAP,2228996763228996763GA,0.004000
TET1,107040560470405604CT,0.000000
TET1,107045064970450649CT,0.003000
PUS1,12132425864132425864AT,1.000000
ABTB1,3127396114127396115-C,0.992000
SEL1L2,201385817013858170CT,1.000000
KIAA1683,191837611118376112-C,0.964000
KIAA1683,191837691818376918TC,0.174000
ARHGAP39,8145772894145772894GC,0.000000
ASXL3,183131430031314300CT,1.000000
EGFL8,63213515132135151GA,0.000000
OR4C15,115532266855322668CT,1.000000
DCSTAMP,8105367321105367321CT,1.000000
GDPD5,117514656575146565CT,0.001000
CSRNP2,125145770151457701TC,0.083000
DOCK8,9434936434937-T,0.996000
ADAMTS12,53363778033637780CT,0.007000
SLCO5A1,87074477270744772CT,0.952000
SPACA1,68876368188763681GA,0.038000
SBF2,111001407110014071CT,1.000000
LAS1L,236474961564749615CT,0.322000
KATNAL2,184462570444625704CA,0.007000
EPPK1,8144940290144940290CG,0.999000
EPPK1,8144940331144940331CT,0.000000
GPR101,23136113704136113704CT,0.007000
TMEM47,233465740834657408CT,0.045000
CRISPLD1,87592966975929669GA,1.000000
CRISPLD1,87592885475928854GA,0.145000
FAM57B,163003713630037136GA,0.984000
FAM57B,163003656830036568CT,1.000000
GRWD1,194895439648954396GA,0.332000
HMCN1,1185958621185958621AG,0.979000
TBC1D10A,223069173130691732-C,0.992000
TTLL2,6167754667167754667GA,0.000000
IMMP2L,7110526705110526705TC,0.000000
TMPRSS13,11117785122117785122CT,1.000000
OBSCN,1228473959228473959TG,0.911000
GPR98,58992531889925318GA,0.999000
QRICH2,177427423874274238TA,0.992000
FBXO30,6146125956146125956CT,1.000000
ZNF394,79909124999091249CT,1.000000
KIAA1109,4123202879123202879CG,1.000000
USP48,12203307622033076CA,0.996000
MEX3B,158233600782336007AG,0.708000
PHF6,23133547992133547992GA,1.000000
PHF6,23133527979133527979GT,0.992000
PHF6,23133551224133551224GT,1.000000
PHF6,23133511712133511713-A,0.984000
PHF6,23133547903133547904-GGATA,0.992000
PDCD2L,193490037034900370AG,1.000000
PDCD2L,193490474634904746TC,0.980000
HOOK3,84282328742823287CG,0.971000
ZMAT1,23101138748101138751CTTT-,0.976000
MEGF10,5126674892126674892GT,0.999000
MCHR2,6100390958100390958GA,0.010000
PGBD1,62826967628269676AG,0.010000
FNDC1,6159653543159653543CT,0.924000
TTBK1,64322337043223370GT,0.999000
TTBK1,64323071843230718AG,1.000000
KIF2B,175190132351901323CT,1.000000
KIF2B,175190053451900534CT,0.946000
KDM2B,12121880386121880386TC,0.876000
LNX1,45437424954374249CT,0.812000
LRCH3,3197556523197556523GA,0.961000
PTPN5,111876227118762271TC,0.904000
GPR128,3100373941100373941GA,0.901000
ORAI1,12122078953122078953AG,0.979000
TMTC4,13101277848101277848GA,0.071000
ATG4C,16330049463300494GT,1.000000
MAEL,1166962013166962013TC,1.000000
MPND,1943541134354113CT,1.000000
C11orf70,11101953911101953911GA,1.000000
KRTAP4-2,173933431439334314AT,0.373000
COL27A1,9117044566117044566GA,1.000000
MYLK2,203041887730418877GT,1.000000
TUBGCP6,225067177950671779AG,0.938000
CNTNAP4,167652367276523672GA,0.001000
CNTNAP4,167646138076461380TA,1.000000
TSPYL5,89828890398288903CA,0.076000
ZNF518B,41044553410445534AT,0.212000
ANKRD13A,12110471685110471685GA,0.004000
SERPINB12,186123422861234228GA,0.250000
NAV1,1201777192201777192CG,1.000000
PLCZ1,121886583518865835GA,0.294000
EFCAB12,3129140523129140523CT,0.872000
ZNF616,195261822352618223GT,1.000000
C15orf57,154085508540855085CT,0.005000
MLIP,65398959853989598GA,0.948000
ZNF486,192030807420308074AG,0.182000
PYGO2,1154931409154931409CG,1.000000
ANKRD30A,103745558237455582CT,0.046000
ZNF502,34476360844763608AT,0.996000
PLXNA4,7131866295131866295CT,0.059000
TMEM132C,12129178490129178490GA,0.988000
C1orf105,1172425583172425583T-,0.896000
ACPL2,3141011154141011154TG,1.000000
ADAMTSL1,91863938118639381GT,1.000000
PKHD1L1,8110412530110412530GA,0.700000
PKHD1L1,8110523048110523048GA,0.000000
TPTE2,132001225220012252CT,0.689000
SDR42E1,168203307882033078CT,0.992000
CACNA2D4,1219631331963133CA,0.155000
TJAP1,64346681943466819GT,0.019000
ARHGAP18,6129950550129950553TCTT-,0.992000
MUC16,1990847159084715CT,1.000000
MUC16,1990608499060849GA,1.000000
MUC16,1990880959088095GT,0.370000
SYTL4,239993623299936232CT,0.002000
SYTL5,233793591137935911GA,0.000000
VPS26B,11134095072134095072CG,0.000000
LRRC37B,173037710930377110-T,0.828000
XKR4,85643602856436028CA,0.999000
CSMD3,8113678593113678593CT,1.000000
CSMD3,8113651047113651047CT,0.999000
SLITRK1,138445409484454094GT,0.940000
TMEM200A,6130762082130762082CT,0.901000
SCAND3,62854369428543694GA,0.093000
GBP4,18965270189652701CT,0.116000
GBP4,18966098089660980CA,0.820000
GBP4,18965214789652147CT,0.943000
ZNF689,163061651930616519GC,0.886000
LRRC58,3120050085120050085CT,0.002000
FOXP4,64155557441555575-A,0.980000
KLHDC3,64298497442984974TC,0.999000
ARAP2,43615261936152619AG,1.000000
BTBD16,10124034613124034613CT,0.007000
CPXM2,10125526584125526584A-,0.976000
OR51L1,1150209275020927GA,0.868000
OR51A7,1149294414929441TG,1.000000
OR51S1,1148702454870245CT,0.005000
OR4B1,114823846848238468CT,1.000000
OR5P2,1178183837818384-ATATGGTTACCAGGTAGATGC,0.260000
LRIG3,125927966159279661CT,0.977000
SLC24A4,149290851792908517GC,1.000000
LEO1,155223038352230383GC,0.996000
FSD2,158345574083455740CT,0.093000
ACSM2A,162048253820482538GA,0.147000
ZC3H18,168868869088688690CT,0.992000
ZC3H18,168866634688666346AG,0.986000
OR7D4,1993249949324994TA,1.000000
NLRP8,195646694656466946GC,0.000000
TCHHL1,1152057522152057522TC,0.311000
TDRD10,1154516513154516513GA,0.001000
OR2M3,1248367136248367136TA,0.924000
OR2T10,1248756299248756299GT,0.972000
ATP6V1G3,1198509740198509740GA,0.999000
GJB4,13522714835227148GA,0.832000
KLHDC7A,11880948118809481CT,0.993000
ARHGEF19,11652564516525645CT,0.999000
TRABD2A,28509765485097654GT,0.437000
XIRP2,2168107404168107404GA,0.005000
CNTNAP5,2125175092125175092GT,0.336000
TMEM18,2677320677320GC,0.218000
TMEM198,2220413919220413919GA,0.445000
MDH1B,2207619823207619823GA,1.000000
KCNH8,31949826219498262AC,0.971000
LRRC15,3194080335194080335CT,0.003000
FAM194A,3150384671150384671CT,0.001000
ZFP42,4188924151188924151GA,0.210000
TRAM1L1,4118006248118006248AT,1.000000
MROH2B,54105829741058297GT,0.112000
EGFLAM,53845154438451544GA,1.000000
OR2Y1,5180167000180167000CT,0.939000
CLVS2,6123384853123384853CT,0.904000
NCOA7,6126210950126210950AG,0.008000
CD109,67451656774516567GT,1.000000
SRCRB4D,77602279176022791CT,0.140000
PXDNL,85232163352321633CT,0.800000
GPR112,23135427148135427148TA,1.000000
GPR112,23135431546135431546CT,0.340000
MUC17,7100691294100691294TC,0.011000
ASB11,231530608415306084GA,0.001000
ASB15,7123269106123269106CT,0.931000
PIWIL4,119430073694300736GC,0.002000
OR2AG1,1168066606806660CA,0.001000
LYRM5,122535722425357224CT,0.023000
SERPINA12,149496445794964457CT,0.061000
SLC38A6,146151724161517241TA,0.472000
TMCO5A,153824336538243365CT,0.000000
OTOA,162174218721742187CT,0.134000
MGAT5B,177493414274934142CT,0.999000
RTN4RL1,1718406861840686CT,0.000000
UNC45B,173348171433481714CT,0.924000
CCBE1,185710328957103289CT,0.326000
SLC25A52,182933984329339843CT,0.993000
ZNF548,195791121057911210AG,0.001000
ZNF420,193761861137618611CT,0.963000
ZNF681,192392774323927744CA-,0.475000
C1orf51,1150255858150255858CA,0.998000
CCDC24,14446131944461319CA,0.014000
IGSF5,214114307041143070GA,0.280000
C22orf42,223255509432555094CA,0.291000
TEKT4,29554246195542461AG,0.276000
ALS2CR11,2202400926202400926CT,0.128000
SLC16A14,2230910902230910902GA,0.980000
FAM19A4,36880203768802037CT,0.800000
ZNF827,4146807298146807298G-,0.988000
MBOAT1,62010262120102621T-,0.980000
AMOT,23112058654112058654AT,0.001000
ESCO2,82763459827634598GA,0.002000
VPS13B,8100205130100205130CA,0.023000
SLC7A13,88724205587242055CT,0.960000
KCNU1,83677638936776389GA,0.007000
KCNU1,83664194736641947CT,1.000000
SBSPON,87399340173993401CT,0.034000
PRUNE2,97932073879320738CT,0.000000
FAM47A,233415007334150073GA,1.000000
TCEAL6,23101396171101396171CT,0.017000
TCEAL6,23101396081101396081CA,0.928000
CCDC67,119309012793090127GA,0.106000
TMTC2,128352607083526070GA,0.999000
CCDC60,12119968731119968731GA,0.998000
STRC,154391017943910179GA,0.004000
TBC1D21,157417740674177406GC,0.999000
EXD1,154148230241482302GA,0.918000
SYNE4,193649745836497458GA,0.001000
SPRR4,1152944388152944388CT,0.816000
XIRP1,33922891939228919CT,0.001000
BBS12,4123664618123664618AG,0.119000
GPR125,42238982722389827GA,0.296000
MIER3,55622465656224656GC,1.000000
C6orf118,6165715653165715653CT,0.023000
DDX53,232301829623018296CT,0.001000
BMPER,73394527433945274CA,0.022000
BMPER,73418294634182946AC,0.002000
COL22A1,8139697551139697551GA,0.069000
GLIS3,938283793828379GA,0.762000
TCEANC,231368076313680763AG,1.000000
OIT3,107467322474673224GA,0.005000
ADAMTS16,552398245239824GA,1.000000
ADAMTS17,15100589063100589063GA,0.800000
ANKRD24,1941864414186441CT,1.000000
ASXL1,203102475831024758CT,0.941000
ASXL1,203102272731022727G-,0.957000
ASXL1,203102271231022712CT,0.988000
ASXL1,203102327131023272-ACCA,0.968000
DNAH10,12124298029124298029CT,0.952000
ZFC3H1,127203035672030356TC,0.012000
ARID2,124625471946254719CT,0.992000
U2AF1L4,193623476536234765GT,0.909000
C1orf168,15725470357254703CT,0.999000
SLFNL1,14148367241483672CT,0.998000
VWA3B,29881095198810952-A,0.992000
C3orf67,35879212258792122GA,1.000000
SLC51A,3195955063195955063CT,0.096000
STT3B,33161795331617953AG,1.000000
CMYA5,57903441179034411CT,0.008000
CMYA5,57902765279027652GA,0.930000
STK32A,5146752756146752756CT,0.984000
CCDC171,91574461715744617GA,0.000000
NRK,23105178382105178382TC,0.233000
NLRP11,195632137456321374TG,0.782000
AMER2,132574384325743843TG,0.901000
OR5AS1,115579809455798094CA,1.000000
OR5AR1,115643169956431699GA,1.000000
UNC5B,107305565573055655CT,0.962000
UNC5B,107305121873051218CT,0.875000
SLC37A2,11124955556124955556GA,0.003000
OR8B12,11124412778124412778TC,1.000000
VWCE,116104588261045882G-,0.988000
GDPD4,117698221276982212CT,0.964000
ZNF485,104411253544112535CG,1.000000
JMJD1C,106496716864967168AG,0.932000
FAM171A1,101529066415290664GA,1.000000
AK9,6109814625109814625GA,0.180000
TBC1D32,6121434261121434261TC,0.991000
GPR115,64768180147681801CT,0.944000
PHACTR1,61320632913206329TG,0.996000
PHACTR1,61320613413206135-G,0.960000
SDK1,740140564014056GA,0.091000
LRWD1,7102106693102106693CA,0.017000
ATXN7L1,7105278946105278946CG,0.956000
GPRC6A,6117127655117127655CA,1.000000
SPDYA,22903889629038896AC,0.000000
CNOT6L,47864752178647521CT,1.000000
SPESP1,156923866169238661GA,0.475000
CADM2,38611483386114833CT,0.998000
CADM2,38611480986114809TG,0.944000
WDR27,6170033132170033132CT,0.901000
UBN2,7138969157138969157AG,0.000000
LRRC43,12122677521122677521GA,0.012000
BRWD3,237998896479988964TC,0.061000
CXorf58,232395346023953460CT,0.968000
EPGN,47517483475174834CA,0.663000
NPNT,4106863541106863541AT,0.024000
TCERG1L,10132891487132891487AG,0.920000
C9orf43,9116185663116185663AG,0.003000
BOD1L1,41361584313615843TC,0.031000
MAGI3,1114123202114123202GA,1.000000
STEAP2,78985631589856315CT,0.992000
NPAS4,116619241566192415AG,0.035000
DAOA,13106142385106142385C-,0.718000
ZNF311,62896374628963746GA,0.000000
B4GALNT3,12662474662474CT,0.003000
SLC39A5,125663101556631016-G,0.880000
KSR2,12117922266117922266GA,1.000000
C15orf60,157373553073735530GA,0.800000
FAM154B,158257449582574495CT,0.097000
FAM154B,158257452582574525CT,0.827000
PLA2G4D,154237328242373282GA,0.104000
NOMO2,161853214818532148CT,0.404000
CCDC57,178005971080059710GA,0.006000
KANSL1,174424861444248615-G,0.984000
LAMA1,1870360467036046GT,0.956000
HKR1,193785450137854501GA,0.000000
CYP4A22,14761442347614423GA,0.000000
EPHA10,13818650238186502TC,1.000000
C3orf56,3126915795126915795GA,0.005000
TPRG1,3189038554189038554TC,0.988000
CRIPAK,413883451388346CA-,0.834000
FRYL,44857721048577210TC,0.601000
CAGE1,673790087379008GT,0.095000
POM121L12,75310384053103840GA,0.298000
SCARA5,82773719927737199CT,0.990000
ILDR1,3121712623121712623CT,0.999000
ILDR1,3121725901121725901CT,0.998000
KRT79,125321578053215780CT,0.849000
ZNF260,193700505737005057AG,1.000000
BRINP3,1190067294190067294GA,0.916000
BRINP3,1190067861190067861GA,1.000000
BRINP3,1190067990190067990CT,0.900000
BRINP3,1190068242190068242GA,0.940000
BRINP3,1190250762190250762TA,0.008000
BRINP3,1190250791190250791CT,0.020000
ZFP69,14096152040961520AG,1.000000
NAT8L,420655072065507GA,0.998000
FREM2,133942265739422657CG,0.928000
KRT27,173893853738938537GA,0.002000
NCCRP1,193969137339691373GA,1.000000
ZNF677,195374037153740371GT,1.000000
KCNT2,1196197412196197412CT,0.204000
NCKAP5,2133721301133721301CT,0.933000
ATP13A5,3193028481193028481GC,0.993000
ACTBL2,55677773956777739AG,1.000000
OR13H1,23130678939130678939CT,1.000000
OR13H1,23130678091130678091TC,1.000000
TMEM255B,13114507886114507886GA,0.296000
HCN1,54526218445262184GT,0.983000
LCE1B,1152785067152785067GT,0.904000
GSTK1,7142960614142960614CA,1.000000
GSTK1,7142960620142960620CT,0.039000
GALNT18,111139888611398886GA,0.991000
GALNT18,111131470711314707CT,0.269000
SPATA21,11673634516736345GA,0.010000
PEAR1,1156875138156875138CT,1.000000
PTAR1,97234721572347215GA,0.008000
RAB15,146541713065417130GA,0.006000
CATSPER4,12652448626524486CA,1.000000
KRTAP10-8,214603243846032438GA,0.002000
SOGA3,6127796938127796938GT,1.000000
ZNF324B,195896760258967602GA,1.000000
NOTCH2NL,1145273366145273366CT,0.940000
KRTAP26-1,213169211331692113CT,0.017000
OR6B2,2240968952240968952CA,1.000000
NUGGC,82792221127922211CT,0.954000
C9orf171,9135447815135447815GA,0.417000
OR52D1,1155108405510840GT,0.952000
OR52E8,1158787555878755TC,0.017000
OR5W2,115568162855681628AT,1.000000
OR5M1,115638088156380881GA,0.001000
OR8A1,11124440298124440298GA,0.004000
SKOR1,156811853668118536GT,1.000000
OR2M2,1248344003248344003CT,0.958000
HEATR4,147398945473989454CT,0.093000
C10orf120,10124457269124457269CG,0.017000
C17orf97,17263592263592GA,0.000000
C17orf97,17263017263017GC,0.016000
FAM166A,9140140111140140111GA,0.996000
SOHLH1,9138586271138586271GA,0.036000
OR5K3,39811032198110321CG,0.804000
DUOXA2,154540836445408364CA,0.901000
ASTL,29680114996801149GA,0.966000
DBX2,124541029045410290GA,0.800000
OR11H12,141937851219378512CA,1.000000
OR11H12,141937788519377885GA,0.007000
ZYG11A,15332969253329692CT,0.956000
OR4Q3,142021569220215692AG,0.000000
GALNTL6,4172735732172735732AG,0.901000
KPRP,1152733801152733801TG,1.000000
WEE2,7141429357141429357AT,0.007000
KRTAP24-1,213165497031654970GA,0.965000
PRR21,2240982243240982243GA,0.000000
PRAMEF16,11349787513497875CT,0.000000
MUC5B,1112697691269769CA,0.032000
MUC5B,1112717861271786TC,0.000000
CDK11B,115717911571791GA,0.848000
POM121C,77505147375051473CG,1.000000
CCDC180,9100085148100085148GA,0.712000
DCDC5,113093851430938514AT,1.000000
EIF2D,1206772865206772865TC,0.999000
