hsa03010,RPL9,1.000000
hsa03010,RPL4,1.000000
hsa03010,RPL6,1.000000
hsa03010,RPS3A,1.000000
hsa03010,RPL32,1.000000
hsa00830,UGT1A10,1.000000
hsa00830,CYP26A1,1.000000
hsa04915,JUN,1.000000
hsa04915,KRAS,1.000000
hsa04915,HSP90AA1,1.000000
hsa04915,OPRM1,1.000000
hsa04915,SHC1,1.000000
hsa04915,AKT1,1.000000
hsa04915,NRAS,1.000000
hsa04915,MAPK3,1.000000
hsa04915,MAPK1,1.000000
hsa04915,PIK3CB,1.000000
hsa04915,SOS1,1.000000
hsa04915,GNAI2,1.000000
hsa04915,ADCY5,1.000000
hsa04915,KCNJ6,1.000000
hsa04915,ITPR1,1.000000
hsa04915,EGFR,1.000000
hsa04915,ADCY3,1.000000
hsa04915,ITPR3,1.000000
hsa04915,HRAS,1.000000
hsa04915,GABBR1,1.000000
hsa04917,JAK2,1.000000
hsa04917,NRAS,1.000000
hsa04917,SHC1,1.000000
hsa04917,MAPK3,1.000000
hsa04917,MAPK1,1.000000
hsa04917,PIK3CB,1.000000
hsa04917,SOS1,1.000000
hsa04917,MAPK8,1.000000
hsa04917,KRAS,1.000000
hsa04917,AKT1,1.000000
hsa04917,STAT5A,1.000000
hsa04917,STAT5B,1.000000
hsa04917,STAT3,1.000000
hsa04917,HRAS,1.000000
hsa03060,IMMP2L,1.000000
hsa03060,OXA1L,1.000000
hsa04672,IL6,1.000000
hsa04672,IL15,1.000000
hsa04672,CD80,1.000000
hsa04672,CD86,1.000000
hsa04672,HLA-DRB1,1.000000
hsa04672,IL2,1.000000
hsa04672,CXCL12,1.000000
hsa04672,CXCR4,1.000000
hsa04670,EZR,1.000000
hsa04670,ARHGAP35,1.000000
hsa04670,CLDN18,1.000000
hsa04670,PTPN11,1.000000
hsa04670,CLDN11,1.000000
hsa04670,ARHGAP5,1.000000
hsa04670,CYBB,1.000000
hsa04670,PRKCG,1.000000
hsa04670,RAP1B,1.000000
hsa04670,MLLT4,1.000000
hsa04670,PIK3CB,1.000000
hsa04670,GNAI2,1.000000
hsa04670,ITGAM,1.000000
hsa04670,CXCR4,1.000000
hsa04670,CTNNA2,1.000000
hsa04670,JAM2,1.000000
hsa04670,CLDN14,1.000000
hsa04670,CXCL12,1.000000
hsa04670,NOX3,1.000000
hsa04670,VCAM1,1.000000
hsa04670,CDC42,1.000000
hsa00360,ALDH1A3,1.000000
hsa04933,KRAS,1.000000
hsa04933,JUN,1.000000
hsa04933,TNF,1.000000
hsa04933,FN1,1.000000
hsa04933,PLCE1,1.000000
hsa04933,CDC42,1.000000
hsa04933,AKT1,1.000000
hsa04933,CYBB,1.000000
hsa04933,STAT5A,1.000000
hsa04933,STAT5B,1.000000
hsa04933,STAT3,1.000000
hsa04933,IL6,1.000000
hsa04933,BCL2,1.000000
hsa04933,NRAS,1.000000
hsa04933,MAPK3,1.000000
hsa04933,MAPK1,1.000000
hsa04933,PIK3CB,1.000000
hsa04933,VCAM1,1.000000
hsa04933,NOX3,1.000000
hsa04933,JAK2,1.000000
hsa04933,MAPK8,1.000000
hsa04933,CASP3,1.000000
hsa04933,F3,1.000000
hsa04933,HRAS,1.000000
hsa04924,ITPR1,1.000000
hsa04924,ORAI1,1.000000
hsa04924,CACNA1S,1.000000
hsa04924,ITPR3,1.000000
hsa04924,GNAI2,1.000000
hsa04924,ADCY5,1.000000
hsa04922,G6PC,1.000000
hsa04922,EP300,1.000000
hsa04922,CREBBP,1.000000
hsa04922,AKT1,1.000000
hsa04922,PRKAA2,1.000000
hsa04922,ITPR1,1.000000
hsa04922,ITPR3,1.000000
hsa03450,DNTT,1.000000
hsa03450,MRE11A,1.000000
hsa04920,G6PC,1.000000
hsa04920,JAK2,1.000000
hsa04920,PTPN11,1.000000
hsa04920,MAPK8,1.000000
hsa04920,AKT1,1.000000
hsa04920,STAT3,1.000000
hsa04920,TNF,1.000000
hsa04920,PRKAA2,1.000000
hsa04920,MTOR,1.000000
hsa00562,MTMR8,1.000000
hsa00562,PLCZ1,1.000000
hsa00562,PIK3CB,1.000000
hsa00562,MTMR3,1.000000
hsa00562,PI4KA,1.000000
hsa00562,PLCE1,1.000000
hsa00562,PLCH2,1.000000
hsa00562,SYNJ1,1.000000
hsa00561,MBOAT1,1.000000
hsa04919,ATP2A2,1.000000
hsa04919,NOTCH1,1.000000
hsa04919,NOTCH2,1.000000
hsa04919,NCOA3,1.000000
hsa04919,KRAS,1.000000
hsa04919,TBC1D4,1.000000
hsa04919,PLCE1,1.000000
hsa04919,EP300,1.000000
hsa04919,MYH6,1.000000
hsa04919,MED12,1.000000
hsa04919,CREBBP,1.000000
hsa04919,RCAN2,1.000000
hsa04919,DIO2,1.000000
hsa04919,ATP1B4,1.000000
hsa04919,AKT1,1.000000
hsa04919,HDAC3,1.000000
hsa04919,PRKCG,1.000000
hsa04919,NRAS,1.000000
hsa04919,MAPK3,1.000000
hsa04919,MAPK1,1.000000
hsa04919,PIK3CB,1.000000
hsa04919,THRB,1.000000
hsa04919,ITGAV,1.000000
hsa04919,MTOR,1.000000
hsa04919,NCOR1,1.000000
hsa04919,NCOA2,1.000000
hsa04919,MED14,1.000000
hsa04919,HDAC2,1.000000
hsa04919,PLCZ1,1.000000
hsa04919,TP53,1.000000
hsa04919,HRAS,1.000000
hsa04919,MDM2,1.000000
hsa04919,MYC,1.000000
hsa00565,PLA2G2D,1.000000
hsa00565,PLA2G4D,1.000000
hsa00565,PLA2G4C,1.000000
hsa00564,PLA2G2D,1.000000
hsa00564,PLA2G4C,1.000000
hsa00564,PLA2G4D,1.000000
hsa00564,MBOAT1,1.000000
hsa04211,EIF4E,1.000000
hsa04211,KRAS,1.000000
hsa04211,AKT1,1.000000
hsa04211,NRAS,1.000000
hsa04211,PIK3CB,1.000000
hsa04211,ADCY5,1.000000
hsa04211,MTOR,1.000000
hsa04211,ADCY3,1.000000
hsa04211,PRKAA2,1.000000
hsa04211,TP53,1.000000
hsa04211,HRAS,1.000000
hsa04972,PLA2G2D,1.000000
hsa04972,ATP2A2,1.000000
hsa04972,SCTR,1.000000
hsa04972,ATP2B3,1.000000
hsa04972,ATP2B2,1.000000
hsa04972,ADCY3,1.000000
hsa04972,CD38,1.000000
hsa04972,TRPC1,1.000000
hsa04972,ATP1B4,1.000000
hsa04972,PRKCG,1.000000
hsa04972,ADCY5,1.000000
hsa04972,ITPR1,1.000000
hsa04972,RAP1B,1.000000
hsa04972,ITPR3,1.000000
hsa00630,DLD,1.000000
hsa04914,KRAS,1.000000
hsa04914,HSP90AA1,1.000000
hsa04914,RPS6KA6,1.000000
hsa04914,BUB1,1.000000
hsa04914,AKT1,1.000000
hsa04914,SPDYA,1.000000
hsa04914,CCNA1,1.000000
hsa04914,MAPK3,1.000000
hsa04914,MAPK1,1.000000
hsa04914,PIK3CB,1.000000
hsa04914,MAPK8,1.000000
hsa04914,GNAI2,1.000000
hsa04914,ADCY5,1.000000
hsa04914,ADCY3,1.000000
hsa00480,GSTM3,1.000000
hsa00480,IDH1,1.000000
hsa00480,IDH2,1.000000
hsa00480,GSTK1,1.000000
hsa00480,GPX2,1.000000
hsa00480,ANPEP,1.000000
hsa00480,GCLM,1.000000
hsa05169,JUN,1.000000
hsa05169,POLR2E,1.000000
hsa05169,SPI1,1.000000
hsa05169,HLA-DRB1,1.000000
hsa05169,CDKN1A,1.000000
hsa05169,ENTPD1,1.000000
hsa05169,CD38,1.000000
hsa05169,EP300,1.000000
hsa05169,CREBBP,1.000000
hsa05169,HLA-B,1.000000
hsa05169,HLA-A,1.000000
hsa05169,AKT1,1.000000
hsa05169,CD19,1.000000
hsa05169,BCL2,1.000000
hsa05169,IFNG,1.000000
hsa05169,STAT3,1.000000
hsa05169,CCNA1,1.000000
hsa05169,NCOR2,1.000000
hsa05169,PIK3CB,1.000000
hsa05169,MAPK8,1.000000
hsa05169,NUP214,1.000000
hsa05169,POLR3B,1.000000
hsa05169,HDAC2,1.000000
hsa05169,JAK3,1.000000
hsa05169,TP53,1.000000
hsa05169,MDM2,1.000000
hsa05169,MYC,1.000000
hsa04964,ATP1B4,1.000000
hsa05164,JUN,1.000000
hsa05164,TNF,1.000000
hsa05164,HLA-DRB1,1.000000
hsa05164,EP300,1.000000
hsa05164,CREBBP,1.000000
hsa05164,CYCS,1.000000
hsa05164,PML,1.000000
hsa05164,AKT1,1.000000
hsa05164,NUP98,1.000000
hsa05164,IL6,1.000000
hsa05164,TMPRSS13,1.000000
hsa05164,IFNG,1.000000
hsa05164,MAPK3,1.000000
hsa05164,MAPK1,1.000000
hsa05164,PIK3CB,1.000000
hsa05164,TLR4,1.000000
hsa05164,HNRNPUL1,1.000000
hsa05164,JAK2,1.000000
hsa05164,MAPK8,1.000000
hsa05146,LAMA5,1.000000
hsa05146,TNF,1.000000
hsa05146,FN1,1.000000
hsa05146,CTSG,1.000000
hsa05146,IL1R1,1.000000
hsa05146,CSF2,1.000000
hsa05146,IL6,1.000000
hsa05146,PRKCG,1.000000
hsa05146,CASP3,1.000000
hsa05146,IFNG,1.000000
hsa05146,LAMA2,1.000000
hsa05146,PIK3CB,1.000000
hsa05146,ITGAM,1.000000
hsa05146,SERPINB4,1.000000
hsa05146,TLR4,1.000000
hsa05146,GNA15,1.000000
hsa05146,LAMA3,1.000000
hsa05146,LAMA1,1.000000
hsa04520,MLLT4,1.000000
hsa04520,EGFR,1.000000
hsa04520,MAPK3,1.000000
hsa04520,MAPK1,1.000000
hsa04520,CDC42,1.000000
hsa04520,TJP1,1.000000
hsa04520,EP300,1.000000
hsa04520,CREBBP,1.000000
hsa04520,FER,1.000000
hsa04520,PARD3,1.000000
hsa04520,CTNNA2,1.000000
hsa04151,G6PC,1.000000
hsa04151,KRAS,1.000000
hsa04151,IL6,1.000000
hsa04151,LAMA5,1.000000
hsa04151,JAK3,1.000000
hsa04151,EIF4E,1.000000
hsa04151,FN1,1.000000
hsa04151,KDR,1.000000
hsa04151,KIT,1.000000
hsa04151,IL3,1.000000
hsa04151,PDGFRA,1.000000
hsa04151,PDGFRB,1.000000
hsa04151,IL2,1.000000
hsa04151,HSP90AA1,1.000000
hsa04151,FLT1,1.000000
hsa04151,PHLPP1,1.000000
hsa04151,BCL2,1.000000
hsa04151,CSF3R,1.000000
hsa04151,CD19,1.000000
hsa04151,MCL1,1.000000
hsa04151,JAK2,1.000000
hsa04151,AKT1,1.000000
hsa04151,CSF1,1.000000
hsa04151,CSF1R,1.000000
hsa04151,KITLG,1.000000
hsa04151,TCL1A,1.000000
hsa04151,BCL2L1,1.000000
hsa04151,NRAS,1.000000
hsa04151,LAMA3,1.000000
hsa04151,MAPK3,1.000000
hsa04151,MAPK1,1.000000
hsa04151,ITGAV,1.000000
hsa04151,PIK3CB,1.000000
hsa04151,SOS1,1.000000
hsa04151,COL2A1,1.000000
hsa04151,MTOR,1.000000
hsa04151,ITGA10,1.000000
hsa04151,CSF3,1.000000
hsa04151,TLR4,1.000000
hsa04151,COL9A1,1.000000
hsa04151,EGFR,1.000000
hsa04151,TEK,1.000000
hsa04151,CDKN1A,1.000000
hsa04151,PRKAA2,1.000000
hsa04151,GNB1,1.000000
hsa04151,LAMA1,1.000000
hsa04151,IL3RA,1.000000
hsa04151,LAMA2,1.000000
hsa04151,PPP2R2B,1.000000
hsa04151,TP53,1.000000
hsa04151,TNC,1.000000
hsa04151,MYB,1.000000
hsa04151,HRAS,1.000000
hsa04151,MDM2,1.000000
hsa04151,MYC,1.000000
hsa04151,EPHA2,1.000000
hsa05160,CLDN18,1.000000
hsa05160,TNF,1.000000
hsa05160,MAPK8,1.000000
hsa05160,CLDN11,1.000000
hsa05160,KRAS,1.000000
hsa05160,CDKN1A,1.000000
hsa05160,SCARB1,1.000000
hsa05160,AKT1,1.000000
hsa05160,STAT3,1.000000
hsa05160,NRAS,1.000000
hsa05160,MAPK3,1.000000
hsa05160,MAPK1,1.000000
hsa05160,PIK3CB,1.000000
hsa05160,SOS1,1.000000
hsa05160,CLDN14,1.000000
hsa05160,EGFR,1.000000
hsa05160,PPP2R2B,1.000000
hsa05160,TP53,1.000000
hsa05160,HRAS,1.000000
hsa05161,JUN,1.000000
hsa05161,TNF,1.000000
hsa05161,KRAS,1.000000
hsa05161,CDKN1A,1.000000
hsa05161,EP300,1.000000
hsa05161,CREBBP,1.000000
hsa05161,HSPG2,1.000000
hsa05161,CYCS,1.000000
hsa05161,AKT1,1.000000
hsa05161,STAT5A,1.000000
hsa05161,STAT5B,1.000000
hsa05161,IL6,1.000000
hsa05161,PRKCG,1.000000
hsa05161,BCL2,1.000000
hsa05161,CASP10,1.000000
hsa05161,NRAS,1.000000
hsa05161,CCNA1,1.000000
hsa05161,MAPK3,1.000000
hsa05161,MAPK1,1.000000
hsa05161,PIK3CB,1.000000
hsa05161,STAT3,1.000000
hsa05161,MAPK8,1.000000
hsa05161,CASP3,1.000000
hsa05161,TP53,1.000000
hsa05161,HRAS,1.000000
hsa05161,TLR4,1.000000
hsa05161,MYC,1.000000
hsa00240,AK9,1.000000
hsa00240,POLR2E,1.000000
hsa00240,DCTD,1.000000
hsa00240,ENTPD1,1.000000
hsa00240,CDA,1.000000
hsa00240,DCK,1.000000
hsa00240,POLA2,1.000000
hsa00240,POLR3B,1.000000
hsa04270,PLA2G2D,1.000000
hsa04270,MYLK2,1.000000
hsa04270,ARHGEF1,1.000000
hsa04270,MYH11,1.000000
hsa04270,MYLK,1.000000
hsa04270,KCNU1,1.000000
hsa04270,CACNA1S,1.000000
hsa04270,PRKCG,1.000000
hsa04270,CYP4A22,1.000000
hsa04270,PLA2G4C,1.000000
hsa04270,MAPK1,1.000000
hsa04270,ARHGEF12,1.000000
hsa04270,ADCY5,1.000000
hsa04270,PLA2G4D,1.000000
hsa04270,ITPR1,1.000000
hsa04270,MAPK3,1.000000
hsa04270,ADCY3,1.000000
hsa04270,ITPR3,1.000000
hsa04270,ARHGEF11,1.000000
hsa03050,PSMA7,1.000000
hsa03050,IFNG,1.000000
hsa03050,PSME4,1.000000
hsa04973,G6PC,1.000000
hsa04973,PIK3CB,1.000000
hsa04973,AKT1,1.000000
hsa04973,ATP1B4,1.000000
hsa04973,SI,1.000000
hsa04973,HK1,1.000000
hsa04912,JUN,1.000000
hsa04912,KRAS,1.000000
hsa04912,CACNA1S,1.000000
hsa04912,GNRHR,1.000000
hsa04912,NRAS,1.000000
hsa04912,PLA2G4C,1.000000
hsa04912,MAPK3,1.000000
hsa04912,MAPK1,1.000000
hsa04912,CDC42,1.000000
hsa04912,MAPK8,1.000000
hsa04912,SOS1,1.000000
hsa04912,ADCY5,1.000000
hsa04912,PLA2G4D,1.000000
hsa04912,ITPR1,1.000000
hsa04912,EGFR,1.000000
hsa04912,ADCY3,1.000000
hsa04912,ITPR3,1.000000
hsa04912,HRAS,1.000000
hsa03440,TOP3B,1.000000
hsa03440,MRE11A,1.000000
hsa04015,KRAS,1.000000
hsa04015,RAPGEF2,1.000000
hsa04015,HRAS,1.000000
hsa04015,KDR,1.000000
hsa04015,MAGI1,1.000000
hsa04015,PDGFRA,1.000000
hsa04015,PDGFRB,1.000000
hsa04015,GNAI2,1.000000
hsa04015,FLT1,1.000000
hsa04015,ITGAM,1.000000
hsa04015,ADCY5,1.000000
hsa04015,AKT1,1.000000
hsa04015,CSF1,1.000000
hsa04015,CSF1R,1.000000
hsa04015,KITLG,1.000000
hsa04015,PRKCG,1.000000
hsa04015,KIT,1.000000
hsa04015,RAP1B,1.000000
hsa04015,NRAS,1.000000
hsa04015,MLLT4,1.000000
hsa04015,MAPK3,1.000000
hsa04015,MAPK1,1.000000
hsa04015,PIK3CB,1.000000
hsa04015,CDC42,1.000000
hsa04015,MAGI3,1.000000
hsa04015,PLCE1,1.000000
hsa04015,DRD2,1.000000
hsa04015,EGFR,1.000000
hsa04015,TEK,1.000000
hsa04015,ADCY3,1.000000
hsa04015,DOCK4,1.000000
hsa04015,PARD3,1.000000
hsa04015,PRKD3,1.000000
hsa04015,EPHA2,1.000000
hsa00920,CYCS,1.000000
hsa04390,BMP5,1.000000
hsa04390,BMP6,1.000000
hsa04390,TP73,1.000000
hsa04390,CRB1,1.000000
hsa04390,CTNNA2,1.000000
hsa04390,AMOT,1.000000
hsa04390,FZD1,1.000000
hsa04390,PPP2R2B,1.000000
hsa04390,PARD3,1.000000
hsa04390,MYC,1.000000
hsa04012,JUN,1.000000
hsa04012,KRAS,1.000000
hsa04012,CDKN1A,1.000000
hsa04012,ABL1,1.000000
hsa04012,CBL,1.000000
hsa04012,SHC1,1.000000
hsa04012,AKT1,1.000000
hsa04012,STAT5A,1.000000
hsa04012,STAT5B,1.000000
hsa04012,PRKCG,1.000000
hsa04012,NRAS,1.000000
hsa04012,MAPK3,1.000000
hsa04012,MAPK1,1.000000
hsa04012,PIK3CB,1.000000
hsa04012,MAPK8,1.000000
hsa04012,SOS1,1.000000
hsa04012,MTOR,1.000000
hsa04012,EGFR,1.000000
hsa04012,HRAS,1.000000
hsa04012,MYC,1.000000
hsa04640,CD4,1.000000
hsa04640,CD5,1.000000
hsa04640,CD7,1.000000
hsa04640,CD8A,1.000000
hsa04640,CD9,1.000000
hsa04640,TNF,1.000000
hsa04640,HLA-DRB1,1.000000
hsa04640,CD38,1.000000
hsa04640,FLT3,1.000000
hsa04640,ITGAM,1.000000
hsa04640,CSF3R,1.000000
hsa04640,CD33,1.000000
hsa04640,CD34,1.000000
hsa04640,CSF1,1.000000
hsa04640,CSF1R,1.000000
hsa04640,CSF2,1.000000
hsa04640,MME,1.000000
hsa04640,KITLG,1.000000
hsa04640,IL6,1.000000
hsa04640,CR1,1.000000
hsa04640,KIT,1.000000
hsa04640,IL3,1.000000
hsa04640,IL3RA,1.000000
hsa04640,THPO,1.000000
hsa04640,DNTT,1.000000
hsa04640,CD2,1.000000
hsa04640,ANPEP,1.000000
hsa04640,CSF3,1.000000
hsa04640,GYPA,1.000000
hsa04640,IL1R1,1.000000
hsa04640,CD19,1.000000
hsa04640,CD22,1.000000
hsa04010,JUN,1.000000
hsa04010,MAPK8,1.000000
hsa04010,PDGFRA,1.000000
hsa04010,PDGFRB,1.000000
hsa04010,KRAS,1.000000
hsa04010,MECOM,1.000000
hsa04010,RPS6KA6,1.000000
hsa04010,CACNA1E,1.000000
hsa04010,CACNA1B,1.000000
hsa04010,CACNA1S,1.000000
hsa04010,CACNG2,1.000000
hsa04010,AKT1,1.000000
hsa04010,DUSP1,1.000000
hsa04010,MAX,1.000000
hsa04010,PRKCG,1.000000
hsa04010,TNF,1.000000
hsa04010,RAP1B,1.000000
hsa04010,NRAS,1.000000
hsa04010,PLA2G4C,1.000000
hsa04010,MAPK3,1.000000
hsa04010,MAPK1,1.000000
hsa04010,CACNA2D3,1.000000
hsa04010,CDC42,1.000000
hsa04010,SOS1,1.000000
hsa04010,RAPGEF2,1.000000
hsa04010,DAXX,1.000000
hsa04010,PLA2G4D,1.000000
hsa04010,CACNA2D4,1.000000
hsa04010,EGFR,1.000000
hsa04010,IL1R1,1.000000
hsa04010,PTPN5,1.000000
hsa04010,CASP3,1.000000
hsa04010,CACNA1G,1.000000
hsa04010,NF1,1.000000
hsa04010,TP53,1.000000
hsa04010,HRAS,1.000000
hsa04010,MYC,1.000000
hsa04710,CUL1,1.000000
hsa04710,PRKAA2,1.000000
hsa04918,ITPR1,1.000000
hsa04918,PRKCG,1.000000
hsa04918,TPO,1.000000
hsa04918,ADCY3,1.000000
hsa04918,ATP1B4,1.000000
hsa04918,ITPR3,1.000000
hsa04918,DUOXA2,1.000000
hsa04918,ADCY5,1.000000
hsa04918,GPX2,1.000000
hsa04713,ADCY10,1.000000
hsa04713,RYR3,1.000000
hsa04713,CACNA1G,1.000000
hsa04713,PRKCG,1.000000
hsa04713,MAPK3,1.000000
hsa04713,MAPK1,1.000000
hsa04713,GNAI2,1.000000
hsa04713,ADCY5,1.000000
hsa04713,KCNJ6,1.000000
hsa04713,ITPR1,1.000000
hsa04713,RYR1,1.000000
hsa04713,ADCY3,1.000000
hsa04713,GNB1,1.000000
hsa04713,ITPR3,1.000000
hsa04713,NOS1,1.000000
hsa04152,G6PC,1.000000
hsa04152,PPP2R2B,1.000000
hsa04152,AKT1,1.000000
hsa04152,PRKAA2,1.000000
hsa04152,CCNA1,1.000000
hsa04152,PIK3CB,1.000000
hsa04152,MTOR,1.000000
hsa04150,RPS6KA6,1.000000
hsa04150,PIK3CB,1.000000
hsa04150,TNF,1.000000
hsa04150,EIF4E,1.000000
hsa04150,PRKCG,1.000000
hsa04150,MAPK3,1.000000
hsa04150,MAPK1,1.000000
hsa04150,AKT1,1.000000
hsa04150,PRKAA2,1.000000
hsa04150,MTOR,1.000000
hsa00410,ALDH1A3,1.000000
hsa00310,PLOD1,1.000000
hsa00310,SETD2,1.000000
hsa00310,WHSC1L1,1.000000
hsa00310,KMT2D,1.000000
hsa00310,NSD1,1.000000
hsa00310,KMT2A,1.000000
hsa00310,HADH,1.000000
hsa00310,KMT2C,1.000000
hsa04721,NAPA,1.000000
hsa04721,SYT1,1.000000
hsa04721,DNM2,1.000000
hsa04721,CACNA1B,1.000000
hsa04721,ATP6V1C1,1.000000
hsa04721,SLC17A7,1.000000
hsa04721,SLC18A1,1.000000
hsa04721,ATP6V1G3,1.000000
hsa04721,RIMS1,1.000000
hsa04721,SLC18A2,1.000000
hsa04911,PRKCG,1.000000
hsa04911,PCLO,1.000000
hsa04911,KCNN3,1.000000
hsa04911,ITPR3,1.000000
hsa04911,ADCY3,1.000000
hsa04911,CACNA1S,1.000000
hsa04911,KCNU1,1.000000
hsa04911,ATP1B4,1.000000
hsa04911,TRPM4,1.000000
hsa04911,ADCY5,1.000000
hsa04950,MNX1,1.000000
hsa04720,ITPR1,1.000000
hsa04720,PRKCG,1.000000
hsa04720,RPS6KA6,1.000000
hsa04720,RAP1B,1.000000
hsa04720,NRAS,1.000000
hsa04720,MAPK3,1.000000
hsa04720,MAPK1,1.000000
hsa04720,KRAS,1.000000
hsa04720,ITPR3,1.000000
hsa04720,EP300,1.000000
hsa04720,CREBBP,1.000000
hsa04720,HRAS,1.000000
hsa00603,B3GALT5,1.000000
hsa00600,SPTLC2,1.000000
hsa00601,FUT4,1.000000
hsa00601,B3GALT5,1.000000
hsa00250,NAT8L,1.000000
hsa00250,AGXT2,1.000000
hsa04722,JUN,1.000000
hsa04722,PTPN11,1.000000
hsa04722,KRAS,1.000000
hsa04722,KIDINS220,1.000000
hsa04722,NTRK3,1.000000
hsa04722,RPS6KA6,1.000000
hsa04722,ABL1,1.000000
hsa04722,SHC1,1.000000
hsa04722,AKT1,1.000000
hsa04722,BCL2,1.000000
hsa04722,TP73,1.000000
hsa04722,RAP1B,1.000000
hsa04722,NRAS,1.000000
hsa04722,MAPK3,1.000000
hsa04722,MAPK1,1.000000
hsa04722,PIK3CB,1.000000
hsa04722,MAPK8,1.000000
hsa04722,SOS1,1.000000
hsa04722,CDC42,1.000000
hsa04722,SH2B3,1.000000
hsa04722,TP53,1.000000
hsa04722,HRAS,1.000000
hsa04668,IL15,1.000000
hsa04668,JUN,1.000000
hsa04668,TNF,1.000000
hsa04668,AKT1,1.000000
hsa04668,CSF1,1.000000
hsa04668,CSF2,1.000000
hsa04668,IL6,1.000000
hsa04668,CASP10,1.000000
hsa04668,CCL20,1.000000
hsa04668,MAPK3,1.000000
hsa04668,MAPK1,1.000000
hsa04668,PIK3CB,1.000000
hsa04668,MAPK8,1.000000
hsa04668,VCAM1,1.000000
hsa04668,CASP3,1.000000
hsa04360,KRAS,1.000000
hsa04360,SEMA6D,1.000000
hsa04360,ABL1,1.000000
hsa04360,EPHA3,1.000000
hsa04360,EPHA8,1.000000
hsa04360,EPHB1,1.000000
hsa04360,SEMA3A,1.000000
hsa04360,UNC5B,1.000000
hsa04360,NRAS,1.000000
hsa04360,CXCR4,1.000000
hsa04360,MAPK3,1.000000
hsa04360,MAPK1,1.000000
hsa04360,CDC42,1.000000
hsa04360,ARHGEF12,1.000000
hsa04360,GNAI2,1.000000
hsa04360,SEMA4A,1.000000
hsa04360,CXCL12,1.000000
hsa04360,HRAS,1.000000
hsa04360,EPHA2,1.000000
hsa04723,CACNA1B,1.000000
hsa04723,CACNA1S,1.000000
hsa04723,PRKCG,1.000000
hsa04723,MAPK3,1.000000
hsa04723,GABRB1,1.000000
hsa04723,GABRR1,1.000000
hsa04723,GNAI2,1.000000
hsa04723,ADCY5,1.000000
hsa04723,KCNJ6,1.000000
hsa04723,ITPR1,1.000000
hsa04723,GABRG2,1.000000
hsa04723,MAPK1,1.000000
hsa04723,ADCY3,1.000000
hsa04723,GNB1,1.000000
hsa04723,ITPR3,1.000000
hsa04723,MAPK8,1.000000
hsa04723,SLC17A7,1.000000
hsa04723,RIMS1,1.000000
hsa04723,GABRA4,1.000000
hsa00010,G6PC,1.000000
hsa00010,ALDH1A3,1.000000
hsa00010,HK1,1.000000
hsa00010,DLD,1.000000
hsa04080,P2RY2,1.000000
hsa04080,VIPR1,1.000000
hsa04080,GRIK4,1.000000
hsa04080,NTSR2,1.000000
hsa04080,NMUR2,1.000000
hsa04080,CTSG,1.000000
hsa04080,SSTR4,1.000000
hsa04080,OPRM1,1.000000
hsa04080,SCTR,1.000000
hsa04080,GRIK3,1.000000
hsa04080,GRIK2,1.000000
hsa04080,GRID1,1.000000
hsa04080,MCHR2,1.000000
hsa04080,BRS3,1.000000
hsa04080,GLRA1,1.000000
hsa04080,GABRG2,1.000000
hsa04080,GABRB1,1.000000
hsa04080,GABRR1,1.000000
hsa04080,THRB,1.000000
hsa04080,HTR5A,1.000000
hsa04080,GNRHR,1.000000
hsa04080,DRD2,1.000000
hsa04080,PARD3,1.000000
hsa04080,GRM8,1.000000
hsa04080,GRM3,1.000000
hsa04080,GABBR1,1.000000
hsa04080,GABRA4,1.000000
hsa01100,POLR2E,1.000000
hsa01100,LAMA5,1.000000
hsa01100,FUT4,1.000000
hsa01100,ALG6,1.000000
hsa01100,SYNJ1,1.000000
hsa01100,CYP26A1,1.000000
hsa01100,PLCZ1,1.000000
hsa01100,RBKS,1.000000
hsa01100,DLD,1.000000
hsa01100,MAT1A,1.000000
hsa01100,DNMT3A,1.000000
hsa01100,DNMT3B,1.000000
hsa01100,DNMT1,1.000000
hsa01100,ALDH1A3,1.000000
hsa01100,ANPEP,1.000000
hsa01100,PLA2G4D,1.000000
hsa01100,CDA,1.000000
hsa01100,PLCH2,1.000000
hsa01100,CHIT1,1.000000
hsa01100,ALG13,1.000000
hsa01100,SI,1.000000
hsa01100,HK1,1.000000
hsa01100,MGAT4C,1.000000
hsa01100,LAMA3,1.000000
hsa01100,PLA2G2D,1.000000
hsa01100,STT3B,1.000000
hsa01100,IDH2,1.000000
hsa01100,GCLM,1.000000
hsa01100,BAAT,1.000000
hsa01100,GALNTL6,1.000000
hsa01100,IDH1,1.000000
hsa01100,SPAM1,1.000000
hsa01100,MTMR8,1.000000
hsa01100,TUSC3,1.000000
hsa01100,HSD17B1,1.000000
hsa01100,MGAT5B,1.000000
hsa01100,GMPS,1.000000
hsa01100,CYP4F2,1.000000
hsa01100,WBSCR17,1.000000
hsa01100,NOS1,1.000000
hsa01100,ATP6V1C1,1.000000
hsa01100,AGXT2,1.000000
hsa01100,G6PC,1.000000
hsa01100,UGT1A10,1.000000
hsa01100,GALNT18,1.000000
hsa01100,DCT,1.000000
hsa01100,DCTD,1.000000
hsa01100,DCK,1.000000
hsa01100,MECR,1.000000
hsa01100,NMNAT2,1.000000
hsa01100,HADH,1.000000
hsa01100,GANC,1.000000
hsa01100,ACSS3,1.000000
hsa01100,BTD,1.000000
hsa01100,TPH1,1.000000
hsa01100,UQCR10,1.000000
hsa01100,MTMR3,1.000000
hsa01100,SPTLC2,1.000000
hsa01100,HSD3B1,1.000000
hsa01100,POLA2,1.000000
hsa01100,LTA4H,1.000000
hsa01100,GALNT2,1.000000
hsa01100,MBOAT1,1.000000
hsa01100,AK9,1.000000
hsa01100,PGM3,1.000000
hsa01100,PLCE1,1.000000
hsa01100,CD38,1.000000
hsa01100,ACSM2A,1.000000
hsa01100,MPI,1.000000
hsa01100,ATP6V1G3,1.000000
hsa01100,CYCS,1.000000
hsa01100,PRODH2,1.000000
hsa01100,NAT8L,1.000000
hsa01100,PI4KA,1.000000
hsa01100,PLA2G4C,1.000000
hsa01100,HYAL4,1.000000
hsa01100,TPO,1.000000
hsa01100,POLR3B,1.000000
hsa01100,B3GALT5,1.000000
hsa04724,GRIK4,1.000000
hsa04724,SHANK1,1.000000
hsa04724,GRIK3,1.000000
hsa04724,SLC1A1,1.000000
hsa04724,TRPC1,1.000000
hsa04724,GRIK2,1.000000
hsa04724,PRKCG,1.000000
hsa04724,MAPK3,1.000000
hsa04724,MAPK1,1.000000
hsa04724,PLA2G4C,1.000000
hsa04724,GNAI2,1.000000
hsa04724,ADCY5,1.000000
hsa04724,PLA2G4D,1.000000
hsa04724,ITPR1,1.000000
hsa04724,ADCY3,1.000000
hsa04724,GNB1,1.000000
hsa04724,ITPR3,1.000000
hsa04724,GRM8,1.000000
hsa04724,GRM3,1.000000
hsa04724,SLC17A7,1.000000
hsa05332,IL6,1.000000
hsa05332,CD80,1.000000
hsa05332,CD86,1.000000
hsa05332,TNF,1.000000
hsa05332,GZMB,1.000000
hsa05332,HLA-B,1.000000
hsa05332,HLA-A,1.000000
hsa05332,IL2,1.000000
hsa05332,IFNG,1.000000
hsa05332,HLA-DRB1,1.000000
hsa04550,MYF5,1.000000
hsa04550,KRAS,1.000000
hsa04550,ZFHX3,1.000000
hsa04550,AKT1,1.000000
hsa04550,STAT3,1.000000
hsa04550,SMAD9,1.000000
hsa04550,NRAS,1.000000
hsa04550,KAT6A,1.000000
hsa04550,MAPK3,1.000000
hsa04550,MAPK1,1.000000
hsa04550,PIK3CB,1.000000
hsa04550,ACVR2B,1.000000
hsa04550,POU5F1,1.000000
hsa04550,MEIS1,1.000000
hsa04550,JAK3,1.000000
hsa04550,RIF1,1.000000
hsa04550,JAK2,1.000000
hsa04550,FZD1,1.000000
hsa04550,HRAS,1.000000
hsa04550,MYC,1.000000
hsa03040,SNRNP200,1.000000
hsa03040,DDX23,1.000000
hsa03040,SF3B1,1.000000
hsa03040,HNRNPK,1.000000
hsa03040,PRPF8,1.000000
hsa03040,RBMX,1.000000
hsa03040,PLRG1,1.000000
hsa03040,TRA2B,1.000000
hsa03040,SRSF2,1.000000
hsa03040,U2AF1,1.000000
hsa03040,SRSF6,1.000000
hsa03040,U2AF2,1.000000
hsa03040,U2AF1L4,1.000000
hsa03040,PRPF3,1.000000
hsa04022,ATP2A2,1.000000
hsa04022,KCNU1,1.000000
hsa04022,MYLK2,1.000000
hsa04022,ATP2B3,1.000000
hsa04022,ATP2B2,1.000000
hsa04022,MYLK,1.000000
hsa04022,CACNA1S,1.000000
hsa04022,AKT1,1.000000
hsa04022,ATP1B4,1.000000
hsa04022,MAPK3,1.000000
hsa04022,MAPK1,1.000000
hsa04022,PIK3CB,1.000000
hsa04022,GNAI2,1.000000
hsa04022,ADCY5,1.000000
hsa04022,ITPR1,1.000000
hsa04022,ADCY3,1.000000
hsa04022,ITPR3,1.000000
hsa04650,TNF,1.000000
hsa04650,GZMB,1.000000
hsa04650,PTPN11,1.000000
hsa04650,KRAS,1.000000
hsa04650,HLA-B,1.000000
hsa04650,SHC1,1.000000
hsa04650,HLA-A,1.000000
hsa04650,NRAS,1.000000
hsa04650,PRKCG,1.000000
hsa04650,IFNG,1.000000
hsa04650,MAPK3,1.000000
hsa04650,MAPK1,1.000000
hsa04650,PIK3CB,1.000000
hsa04650,CSF2,1.000000
hsa04650,SOS1,1.000000
hsa04650,CASP3,1.000000
hsa04650,HRAS,1.000000
hsa04650,KLRC4-KLRK1,1.000000
hsa04020,ATP2A2,1.000000
hsa04020,MYLK2,1.000000
hsa04020,PDGFRA,1.000000
hsa04020,PDGFRB,1.000000
hsa04020,ATP2B3,1.000000
hsa04020,ATP2B2,1.000000
hsa04020,PLCE1,1.000000
hsa04020,CD38,1.000000
hsa04020,ORAI1,1.000000
hsa04020,MYLK,1.000000
hsa04020,HTR5A,1.000000
hsa04020,CACNA1E,1.000000
hsa04020,CACNA1B,1.000000
hsa04020,CACNA1S,1.000000
hsa04020,RYR1,1.000000
hsa04020,RYR3,1.000000
hsa04020,PLCZ1,1.000000
hsa04020,CACNA1G,1.000000
hsa04020,PRKCG,1.000000
hsa04020,TNNC2,1.000000
hsa04020,ITPR1,1.000000
hsa04020,GNA15,1.000000
hsa04020,EGFR,1.000000
hsa04020,ADCY3,1.000000
hsa04020,ITPR3,1.000000
hsa04020,NOS1,1.000000
hsa04726,HRAS,1.000000
hsa04726,KRAS,1.000000
hsa04726,TRPC1,1.000000
hsa04726,CACNA1B,1.000000
hsa04726,CACNA1S,1.000000
hsa04726,DUSP1,1.000000
hsa04726,SLC18A1,1.000000
hsa04726,SLC18A2,1.000000
hsa04726,PRKCG,1.000000
hsa04726,PLA2G4C,1.000000
hsa04726,NRAS,1.000000
hsa04726,TPH1,1.000000
hsa04726,MAPK3,1.000000
hsa04726,GABRB1,1.000000
hsa04726,GNAI2,1.000000
hsa04726,ADCY5,1.000000
hsa04726,PLA2G4D,1.000000
hsa04726,HTR5A,1.000000
hsa04726,KCNJ6,1.000000
hsa04726,ITPR1,1.000000
hsa04726,MAPK1,1.000000
hsa04726,GNB1,1.000000
hsa04726,ITPR3,1.000000
hsa04726,CASP3,1.000000
hsa03320,SLC27A6,1.000000
hsa05014,BCL2,1.000000
hsa05014,TNF,1.000000
hsa05014,DAXX,1.000000
hsa05014,CYCS,1.000000
hsa05014,BCL2L1,1.000000
hsa05014,CASP3,1.000000
hsa05014,TP53,1.000000
hsa05014,NOS1,1.000000
hsa04024,ATP2A2,1.000000
hsa04024,ADCY10,1.000000
hsa04024,JUN,1.000000
hsa04024,ATP2B3,1.000000
hsa04024,ATP2B2,1.000000
hsa04024,ADCY3,1.000000
hsa04024,GLI1,1.000000
hsa04024,CREBBP,1.000000
hsa04024,ORAI1,1.000000
hsa04024,CACNA1S,1.000000
hsa04024,AKT1,1.000000
hsa04024,ATP1B4,1.000000
hsa04024,RAP1B,1.000000
hsa04024,MLLT4,1.000000
hsa04024,MAPK3,1.000000
hsa04024,MAPK1,1.000000
hsa04024,PIK3CB,1.000000
hsa04024,EP300,1.000000
hsa04024,GNAI2,1.000000
hsa04024,ADCY5,1.000000
hsa04024,DRD2,1.000000
hsa04024,CNGA3,1.000000
hsa04024,PTCH1,1.000000
hsa04024,MAPK8,1.000000
hsa04024,GABBR1,1.000000
hsa04024,PLCE1,1.000000
hsa04141,STT3B,1.000000
hsa04141,MBTPS1,1.000000
hsa04141,HSP90AA1,1.000000
hsa04141,CALR,1.000000
hsa04141,BCL2,1.000000
hsa04141,TUSC3,1.000000
hsa04141,CKAP4,1.000000
hsa04141,MAPK8,1.000000
hsa04141,CUL1,1.000000
hsa04141,SEL1L2,1.000000
hsa04140,ATG14,1.000000
hsa04140,IFNG,1.000000
hsa04140,ATG4C,1.000000
hsa04140,ATG16L1,1.000000
hsa04140,BECN1,1.000000
hsa04140,PRKAA2,1.000000
hsa04142,ABCB9,1.000000
hsa04142,CTSG,1.000000
hsa04142,NAPSA,1.000000
hsa04142,NPC1,1.000000
hsa04142,AP1M1,1.000000
hsa04142,AP1G2,1.000000
hsa03430,RFC1,1.000000
hsa03430,RFC3,1.000000
hsa04144,KDR,1.000000
hsa04144,KIT,1.000000
hsa04144,HLA-B,1.000000
hsa04144,FLT1,1.000000
hsa04144,SH3GL1,1.000000
hsa04144,EHD2,1.000000
hsa04144,WIPF1,1.000000
hsa04144,CBL,1.000000
hsa04144,HLA-A,1.000000
hsa04144,PML,1.000000
hsa04144,CSF1R,1.000000
hsa04144,DNM2,1.000000
hsa04144,CXCR4,1.000000
hsa04144,CDC42,1.000000
hsa04144,ARAP2,1.000000
hsa04144,PDGFRA,1.000000
hsa04144,VPS26B,1.000000
hsa04144,RAB11FIP1,1.000000
hsa04144,EGFR,1.000000
hsa04144,PARD3,1.000000
hsa04144,SMURF2,1.000000
hsa04144,RUFY1,1.000000
hsa04144,DAB2,1.000000
hsa04144,HRAS,1.000000
hsa04144,MDM2,1.000000
hsa04146,BAAT,1.000000
hsa04146,PEX13,1.000000
hsa04146,IDH2,1.000000
hsa04146,IDH1,1.000000
hsa04146,GSTK1,1.000000
hsa05410,MYH6,1.000000
hsa05410,IL6,1.000000
hsa05410,CACNA2D4,1.000000
hsa05410,TTN,1.000000
hsa05410,ATP2A2,1.000000
hsa05410,TNF,1.000000
hsa05410,CACNA2D3,1.000000
hsa05410,CACNA1S,1.000000
hsa05410,CACNG2,1.000000
hsa05410,LAMA2,1.000000
hsa05410,DMD,1.000000
hsa05410,ITGAV,1.000000
hsa05410,DAG1,1.000000
hsa05410,PRKAA2,1.000000
hsa05410,ITGA10,1.000000
hsa05412,CACNA2D4,1.000000
hsa05412,ATP2A2,1.000000
hsa05412,CACNA2D3,1.000000
hsa05412,CACNA1S,1.000000
hsa05412,CACNG2,1.000000
hsa05412,LAMA2,1.000000
hsa05412,DMD,1.000000
hsa05412,ITGAV,1.000000
hsa05412,DAG1,1.000000
hsa05412,CTNNA2,1.000000
hsa05412,ITGA10,1.000000
hsa05414,ATP2A2,1.000000
hsa05414,TNF,1.000000
hsa05414,DMD,1.000000
hsa05414,MYH6,1.000000
hsa05414,ITGA10,1.000000
hsa05414,CACNA1S,1.000000
hsa05414,CACNG2,1.000000
hsa05414,CACNA2D3,1.000000
hsa05414,ITGAV,1.000000
hsa05414,TTN,1.000000
hsa05414,ADCY5,1.000000
hsa05414,CACNA2D4,1.000000
hsa05414,ADCY3,1.000000
hsa05414,LAMA2,1.000000
hsa05414,DAG1,1.000000
hsa04610,ITGAX,1.000000
hsa04610,CR1,1.000000
hsa04610,C4BPB,1.000000
hsa04610,C5,1.000000
hsa04610,C2,1.000000
hsa04610,ITGAM,1.000000
hsa04610,C3,1.000000
hsa04610,C7,1.000000
hsa04610,F3,1.000000
hsa05416,CD80,1.000000
hsa05416,CD86,1.000000
hsa05416,ABL1,1.000000
hsa05416,MYH6,1.000000
hsa05416,HLA-B,1.000000
hsa05416,CYCS,1.000000
hsa05416,HLA-A,1.000000
hsa05416,LAMA2,1.000000
hsa05416,DMD,1.000000
hsa05416,CASP3,1.000000
hsa05416,HLA-DRB1,1.000000
hsa05416,DAG1,1.000000
hsa04923,PIK3CB,1.000000
hsa04923,ADCY3,1.000000
hsa04923,AKT1,1.000000
hsa04923,GNAI2,1.000000
hsa04923,ADCY5,1.000000
hsa05230,KIT,1.000000
hsa05230,MAPK3,1.000000
hsa05230,FLT3,1.000000
hsa05230,AKT1,1.000000
hsa05230,NRAS,1.000000
hsa05230,EGFR,1.000000
hsa05230,IDH1,1.000000
hsa05230,PDGFRA,1.000000
hsa05230,NTRK3,1.000000
hsa05230,MAPK1,1.000000
hsa05230,PIK3CB,1.000000
hsa05230,PDGFRB,1.000000
hsa05230,MTOR,1.000000
hsa05230,HK1,1.000000
hsa05230,KRAS,1.000000
hsa05230,MYC,1.000000
hsa05230,TP53,1.000000
hsa05230,HRAS,1.000000
hsa00140,HSD17B1,1.000000
hsa00140,UGT1A10,1.000000
hsa00140,HSD3B1,1.000000
hsa05142,JUN,1.000000
hsa05142,TNF,1.000000
hsa05142,C3,1.000000
hsa05142,CALR,1.000000
hsa05142,AKT1,1.000000
hsa05142,IL6,1.000000
hsa05142,IFNG,1.000000
hsa05142,MAPK3,1.000000
hsa05142,MAPK1,1.000000
hsa05142,PIK3CB,1.000000
hsa05142,GNAI2,1.000000
hsa05142,TLR4,1.000000
hsa05142,GNA15,1.000000
hsa05142,IL2,1.000000
hsa05142,MAPK8,1.000000
hsa05142,PPP2R2B,1.000000
hsa05143,IL6,1.000000
hsa05143,PRKCG,1.000000
hsa05143,IFNG,1.000000
hsa05143,TNF,1.000000
hsa05143,VCAM1,1.000000
hsa05140,CR1,1.000000
hsa05140,JUN,1.000000
hsa05140,MAPK1,1.000000
hsa05140,IFNG,1.000000
hsa05140,MAPK3,1.000000
hsa05140,TNF,1.000000
hsa05140,TLR4,1.000000
hsa05140,HLA-DRB1,1.000000
hsa05140,JAK2,1.000000
hsa05140,C3,1.000000
hsa05140,ITGAM,1.000000
hsa00220,NOS1,1.000000
hsa04921,MYLK2,1.000000
hsa04921,JUN,1.000000
hsa04921,KRAS,1.000000
hsa04921,CD38,1.000000
hsa04921,CDKN1A,1.000000
hsa04921,MYLK,1.000000
hsa04921,CAMK1G,1.000000
hsa04921,CACNA1S,1.000000
hsa04921,CACNG2,1.000000
hsa04921,PRKAA2,1.000000
hsa04921,PRKCG,1.000000
hsa04921,RYR3,1.000000
hsa04921,NRAS,1.000000
hsa04921,PLA2G4C,1.000000
hsa04921,MAPK1,1.000000
hsa04921,CACNA2D3,1.000000
hsa04921,PIK3CB,1.000000
hsa04921,GNAI2,1.000000
hsa04921,ADCY5,1.000000
hsa04921,PLA2G4D,1.000000
hsa04921,KCNJ6,1.000000
hsa04921,ITPR1,1.000000
hsa04921,CACNA2D4,1.000000
hsa04921,MAPK3,1.000000
hsa04921,RYR1,1.000000
hsa04921,EGFR,1.000000
hsa04921,ADCY3,1.000000
hsa04921,ITPR3,1.000000
hsa04921,HRAS,1.000000
hsa05144,IL6,1.000000
hsa05144,VCAM1,1.000000
hsa05144,IFNG,1.000000
hsa05144,TNF,1.000000
hsa05144,TLR4,1.000000
hsa05144,GYPA,1.000000
hsa05144,CR1,1.000000
hsa05144,KLRC4-KLRK1,1.000000
hsa05144,CSF3,1.000000
hsa05145,LAMA5,1.000000
hsa05145,TNF,1.000000
hsa05145,HLA-DRB1,1.000000
hsa05145,CYCS,1.000000
hsa05145,AKT1,1.000000
hsa05145,STAT3,1.000000
hsa05145,BCL2L1,1.000000
hsa05145,BCL2,1.000000
hsa05145,IFNG,1.000000
hsa05145,MAPK3,1.000000
hsa05145,MAPK1,1.000000
hsa05145,PIK3CB,1.000000
hsa05145,GNAI2,1.000000
hsa05145,XIAP,1.000000
hsa05145,TLR4,1.000000
hsa05145,JAK2,1.000000
hsa05145,MAPK8,1.000000
hsa05145,LAMA2,1.000000
hsa05145,LAMA3,1.000000
hsa05145,CASP3,1.000000
hsa05145,LAMA1,1.000000
hsa00380,TPH1,1.000000
hsa00380,HADH,1.000000
hsa04310,JUN,1.000000
hsa04310,DAAM2,1.000000
hsa04310,EP300,1.000000
hsa04310,CREBBP,1.000000
hsa04310,PRKCG,1.000000
hsa04310,MAPK8,1.000000
hsa04310,CUL1,1.000000
hsa04310,LRP5,1.000000
hsa04310,MYC,1.000000
hsa04310,FZD1,1.000000
hsa04310,TP53,1.000000
hsa00020,IDH1,1.000000
hsa00020,IDH2,1.000000
hsa00020,DLD,1.000000
hsa04320,MAPK3,1.000000
hsa04320,ETV6,1.000000
hsa04320,EGFR,1.000000
hsa04320,NOTCH1,1.000000
hsa04320,NOTCH2,1.000000
hsa04320,MAPK1,1.000000
hsa04320,SOS1,1.000000
hsa04320,KRAS,1.000000
hsa04320,PIWIL4,1.000000
hsa05120,JAM2,1.000000
hsa05120,JUN,1.000000
hsa05120,CASP3,1.000000
hsa05120,PTPN11,1.000000
hsa05120,EGFR,1.000000
hsa05120,CDC42,1.000000
hsa05120,MAPK8,1.000000
hsa05120,ATP6V1C1,1.000000
hsa05120,TJP1,1.000000
hsa05120,ATP6V1G3,1.000000
hsa05120,IGSF5,1.000000
hsa00860,UGT1A10,1.000000
hsa05206,EZR,1.000000
hsa05206,PRKCG,1.000000
hsa05206,EZH2,1.000000
hsa05206,NOTCH1,1.000000
hsa05206,NOTCH2,1.000000
hsa05206,PDGFRA,1.000000
hsa05206,KRAS,1.000000
hsa05206,CDKN1A,1.000000
hsa05206,EP300,1.000000
hsa05206,CREBBP,1.000000
hsa05206,TNC,1.000000
hsa05206,CDKN2A,1.000000
hsa05206,PDGFRB,1.000000
hsa05206,ABL1,1.000000
hsa05206,SHC1,1.000000
hsa05206,HNRNPK,1.000000
hsa05206,ABCB1,1.000000
hsa05206,BCL2,1.000000
hsa05206,DNMT3A,1.000000
hsa05206,DNMT3B,1.000000
hsa05206,NRAS,1.000000
hsa05206,DNMT1,1.000000
hsa05206,MAPK1,1.000000
hsa05206,SOS1,1.000000
hsa05206,MCL1,1.000000
hsa05206,MTOR,1.000000
hsa05206,EGFR,1.000000
hsa05206,HRAS,1.000000
hsa05206,MDM2,1.000000
hsa05206,CASP3,1.000000
hsa05206,STAT3,1.000000
hsa05206,TP53,1.000000
hsa05206,MYC,1.000000
hsa04540,KRAS,1.000000
hsa04540,PDGFRA,1.000000
hsa04540,PDGFRB,1.000000
hsa04540,TUBA3C,1.000000
hsa04540,PRKCG,1.000000
hsa04540,NRAS,1.000000
hsa04540,MAPK3,1.000000
hsa04540,MAPK1,1.000000
hsa04540,SOS1,1.000000
hsa04540,GNAI2,1.000000
hsa04540,ADCY5,1.000000
hsa04540,TUBA1A,1.000000
hsa04540,ITPR1,1.000000
hsa04540,DRD2,1.000000
hsa04540,EGFR,1.000000
hsa04540,ADCY3,1.000000
hsa04540,ITPR3,1.000000
hsa04540,TJP1,1.000000
hsa04540,HRAS,1.000000
hsa04962,DYNC1H1,1.000000
hsa04962,ADCY3,1.000000
hsa04962,DYNC2H1,1.000000
hsa05322,C5,1.000000
hsa05322,TNF,1.000000
hsa05322,HLA-DRB1,1.000000
hsa05322,ELANE,1.000000
hsa05322,C3,1.000000
hsa05322,C2,1.000000
hsa05322,CTSG,1.000000
hsa05322,CD80,1.000000
hsa05322,CD86,1.000000
hsa05322,H3F3B,1.000000
hsa05322,H3F3A,1.000000
hsa05322,HIST1H3D,1.000000
hsa05322,IFNG,1.000000
hsa05322,C7,1.000000
hsa05320,CD80,1.000000
hsa05320,CD86,1.000000
hsa05320,GZMB,1.000000
hsa05320,HLA-B,1.000000
hsa05320,HLA-DRB1,1.000000
hsa05320,IL2,1.000000
hsa05320,HLA-A,1.000000
hsa05320,TPO,1.000000
hsa05321,IL6,1.000000
hsa05321,JUN,1.000000
hsa05321,IFNG,1.000000
hsa05321,TNF,1.000000
hsa05321,TLR4,1.000000
hsa05321,HLA-DRB1,1.000000
hsa05321,IL2,1.000000
hsa05321,STAT3,1.000000
hsa04620,JUN,1.000000
hsa04620,TNF,1.000000
hsa04620,CD80,1.000000
hsa04620,CD86,1.000000
hsa04620,AKT1,1.000000
hsa04620,IL6,1.000000
hsa04620,MAPK3,1.000000
hsa04620,MAPK1,1.000000
hsa04620,PIK3CB,1.000000
hsa04620,MAPK8,1.000000
hsa04620,TLR4,1.000000
hsa04621,IL6,1.000000
hsa04621,NLRC4,1.000000
hsa04621,MAPK1,1.000000
hsa04621,MAPK3,1.000000
hsa04621,TNF,1.000000
hsa04621,MAPK8,1.000000
hsa04621,CARD18,1.000000
hsa04621,HSP90AA1,1.000000
hsa04621,MEFV,1.000000
hsa04622,CASP10,1.000000
hsa04622,MAPK8,1.000000
hsa04622,TNF,1.000000
hsa04623,IL6,1.000000
hsa04623,POLR3B,1.000000
hsa04623,POLR2E,1.000000
hsa03030,POLA2,1.000000
hsa03030,RFC1,1.000000
hsa03030,RFC3,1.000000
hsa04960,PRKCG,1.000000
hsa04960,MAPK3,1.000000
hsa04960,MAPK1,1.000000
hsa04960,PIK3CB,1.000000
hsa04960,KRAS,1.000000
hsa04960,ATP1B4,1.000000
hsa00430,BAAT,1.000000
hsa03420,RFC1,1.000000
hsa03420,RFC3,1.000000
hsa05202,CEBPA,1.000000
hsa05202,GZMB,1.000000
hsa05202,SPI1,1.000000
hsa05202,ELANE,1.000000
hsa05202,HDAC2,1.000000
hsa05202,CDKN1A,1.000000
hsa05202,FLT1,1.000000
hsa05202,FLT3,1.000000
hsa05202,RUNX1T1,1.000000
hsa05202,RUNX1,1.000000
hsa05202,RUNX2,1.000000
hsa05202,H3F3B,1.000000
hsa05202,H3F3A,1.000000
hsa05202,ETV6,1.000000
hsa05202,PBX3,1.000000
hsa05202,PAX3,1.000000
hsa05202,PML,1.000000
hsa05202,IL6,1.000000
hsa05202,BCL2L1,1.000000
hsa05202,IL3,1.000000
hsa05202,HIST1H3D,1.000000
hsa05202,MLLT3,1.000000
hsa05202,MAX,1.000000
hsa05202,JMJD1C,1.000000
hsa05202,CCNA1,1.000000
hsa05202,NCOR1,1.000000
hsa05202,HOXA9,1.000000
hsa05202,HOXA10,1.000000
hsa05202,CSF1R,1.000000
hsa05202,RARA,1.000000
hsa05202,CSF2,1.000000
hsa05202,ITGAM,1.000000
hsa05202,ZBTB16,1.000000
hsa05202,CEBPE,1.000000
hsa05202,WT1,1.000000
hsa05202,AFF1,1.000000
hsa05202,MLLT1,1.000000
hsa05202,KMT2A,1.000000
hsa05202,KDM6A,1.000000
hsa05202,MLF1,1.000000
hsa05202,CD86,1.000000
hsa05202,TP53,1.000000
hsa05202,MEIS1,1.000000
hsa05202,MDM2,1.000000
hsa05202,MYC,1.000000
hsa05202,MPO,1.000000
hsa00531,HYAL4,1.000000
hsa00531,SPAM1,1.000000
hsa00533,CHST6,1.000000
hsa04970,ATP2B2,1.000000
hsa04970,ADCY3,1.000000
hsa04970,CD38,1.000000
hsa04970,AQP5,1.000000
hsa04970,ATP1B4,1.000000
hsa04970,RYR3,1.000000
hsa04970,PRKCG,1.000000
hsa04970,LYZ,1.000000
hsa04970,ADCY5,1.000000
hsa04970,ITPR1,1.000000
hsa04970,MUC5B,1.000000
hsa04970,ITPR3,1.000000
hsa04970,ATP2B3,1.000000
hsa04970,NOS1,1.000000
hsa00980,ALDH1A3,1.000000
hsa00980,GSTM3,1.000000
hsa00980,AKR7A2,1.000000
hsa00980,GSTK1,1.000000
hsa00980,UGT1A10,1.000000
hsa00983,GMPS,1.000000
hsa00983,UGT1A10,1.000000
hsa00983,CDA,1.000000
hsa00982,GSTM3,1.000000
hsa00982,GSTK1,1.000000
hsa00982,ALDH1A3,1.000000
hsa00982,UGT1A10,1.000000
hsa04974,COL11A2,1.000000
hsa04974,COL12A1,1.000000
hsa04974,SLC1A1,1.000000
hsa04974,ATP1B4,1.000000
hsa04974,MME,1.000000
hsa04974,SLC15A1,1.000000
hsa04974,SLC7A7,1.000000
hsa04974,KCNE3,1.000000
hsa04974,COL7A1,1.000000
hsa04974,COL9A1,1.000000
hsa04974,COL27A1,1.000000
hsa04974,COL22A1,1.000000
hsa04974,COL5A3,1.000000
hsa04974,COL2A1,1.000000
hsa04975,PLA2G2D,1.000000
hsa04975,APOB,1.000000
hsa04975,SCARB1,1.000000
hsa04975,ABCG8,1.000000
hsa00330,PRODH2,1.000000
hsa00330,NOS1,1.000000
hsa04977,APOB,1.000000
hsa04977,BTD,1.000000
hsa04977,SCARB1,1.000000
hsa04978,STEAP2,1.000000
hsa04978,CYBRD1,1.000000
hsa04978,ATP1B4,1.000000
hsa04978,STEAP1,1.000000
hsa00030,RBKS,1.000000
hsa04014,KRAS,1.000000
hsa04014,PLA2G2D,1.000000
hsa04014,PTPN11,1.000000
hsa04014,KDR,1.000000
hsa04014,MAPK8,1.000000
hsa04014,PDGFRA,1.000000
hsa04014,PLCE1,1.000000
hsa04014,PDGFRB,1.000000
hsa04014,FLT1,1.000000
hsa04014,ABL1,1.000000
hsa04014,PLA2G4D,1.000000
hsa04014,SHC1,1.000000
hsa04014,AKT1,1.000000
hsa04014,CSF1,1.000000
hsa04014,CSF1R,1.000000
hsa04014,KITLG,1.000000
hsa04014,PRKCG,1.000000
hsa04014,BCL2L1,1.000000
hsa04014,KIT,1.000000
hsa04014,RAP1B,1.000000
hsa04014,NRAS,1.000000
hsa04014,MLLT4,1.000000
hsa04014,PLA2G4C,1.000000
hsa04014,MAPK3,1.000000
hsa04014,MAPK1,1.000000
hsa04014,PIK3CB,1.000000
hsa04014,SOS1,1.000000
hsa04014,KSR2,1.000000
hsa04014,EGFR,1.000000
hsa04014,TEK,1.000000
hsa04014,RGL1,1.000000
hsa04014,CDC42,1.000000
hsa04014,GNB1,1.000000
hsa04014,NF1,1.000000
hsa04014,HRAS,1.000000
hsa04014,EPHA2,1.000000
hsa05323,IL15,1.000000
hsa05323,JUN,1.000000
hsa05323,TNF,1.000000
hsa05323,HLA-DRB1,1.000000
hsa05323,FLT1,1.000000
hsa05323,CD86,1.000000
hsa05323,TEK,1.000000
hsa05323,CSF1,1.000000
hsa05323,CSF2,1.000000
hsa05323,IL6,1.000000
hsa05323,IFNG,1.000000
hsa05323,CCL20,1.000000
hsa05323,ATP6V1G3,1.000000
hsa05323,CXCL12,1.000000
hsa05323,TLR4,1.000000
hsa05323,ATP6V1C1,1.000000
hsa05323,CD80,1.000000
hsa00230,GUCY2C,1.000000
hsa00230,POLR2E,1.000000
hsa00230,ADCY10,1.000000
hsa00230,ENTPD1,1.000000
hsa00230,GUCY2D,1.000000
hsa00230,AK9,1.000000
hsa00230,DCK,1.000000
hsa00230,POLA2,1.000000
hsa00230,ADCY5,1.000000
hsa00230,POLR3B,1.000000
hsa00230,GMPS,1.000000
hsa00230,ADCY3,1.000000
hsa05016,POLR2E,1.000000
hsa05016,EP300,1.000000
hsa05016,CREBBP,1.000000
hsa05016,DNAH11,1.000000
hsa05016,CYCS,1.000000
hsa05016,DNAH10,1.000000
hsa05016,DNAI1,1.000000
hsa05016,NRF1,1.000000
hsa05016,UQCR10,1.000000
hsa05016,ITPR1,1.000000
hsa05016,DNAH5,1.000000
hsa05016,TFAM,1.000000
hsa05016,HDAC2,1.000000
hsa05016,DNAH3,1.000000
hsa05016,CASP3,1.000000
hsa05016,DNAH9,1.000000
hsa05016,TP53,1.000000
hsa05010,ATP2A2,1.000000
hsa05010,TNF,1.000000
hsa05010,CYCS,1.000000
hsa05010,CACNA1S,1.000000
hsa05010,MME,1.000000
hsa05010,MAPK1,1.000000
hsa05010,UQCR10,1.000000
hsa05010,ITPR1,1.000000
hsa05010,MAPK3,1.000000
hsa05010,SNCA,1.000000
hsa05010,RYR3,1.000000
hsa05010,ITPR3,1.000000
hsa05010,CASP3,1.000000
hsa05010,NOS1,1.000000
hsa05010,NAE1,1.000000
hsa05012,SNCAIP,1.000000
hsa05012,ADCY5,1.000000
hsa05012,CYCS,1.000000
hsa05012,SLC18A1,1.000000
hsa05012,SLC18A2,1.000000
hsa05012,GNAI2,1.000000
hsa05012,UQCR10,1.000000
hsa05012,DRD2,1.000000
hsa05012,SNCA,1.000000
hsa05012,CASP3,1.000000
hsa05133,IL6,1.000000
hsa05133,JUN,1.000000
hsa05133,CASP3,1.000000
hsa05133,MAPK1,1.000000
hsa05133,C4BPB,1.000000
hsa05133,C5,1.000000
hsa05133,MAPK3,1.000000
hsa05133,TNF,1.000000
hsa05133,MAPK8,1.000000
hsa05133,IRF8,1.000000
hsa05133,C3,1.000000
hsa05133,C2,1.000000
hsa05133,GNAI2,1.000000
hsa05133,ITGAM,1.000000
hsa05133,TLR4,1.000000
hsa05132,JUN,1.000000
hsa05132,DYNC2H1,1.000000
hsa05132,NLRC4,1.000000
hsa05132,CSF2,1.000000
hsa05132,MYH14,1.000000
hsa05132,IFNG,1.000000
hsa05132,MAPK3,1.000000
hsa05132,MAPK1,1.000000
hsa05132,CDC42,1.000000
hsa05132,MAPK8,1.000000
hsa05132,IL6,1.000000
hsa05132,TJP1,1.000000
hsa05132,DYNC1H1,1.000000
hsa05132,TLR4,1.000000
hsa05131,MAPK1,1.000000
hsa05131,U2AF1,1.000000
hsa05131,ABL1,1.000000
hsa05131,MAPK8,1.000000
hsa05131,MAPK3,1.000000
hsa05131,CDC42,1.000000
hsa05131,U2AF1L4,1.000000
hsa05131,DOCK1,1.000000
hsa05131,HCLS1,1.000000
hsa05130,EZR,1.000000
hsa05130,TLR4,1.000000
hsa05130,ABL1,1.000000
hsa05130,CDC42,1.000000
hsa05130,TUBA3C,1.000000
hsa05130,HCLS1,1.000000
hsa05130,TUBA1A,1.000000
hsa04614,ATP6AP2,1.000000
hsa04614,CTSG,1.000000
hsa04614,MME,1.000000
hsa04614,ANPEP,1.000000
hsa05219,CDKN2A,1.000000
hsa05219,EGFR,1.000000
hsa05219,MAPK3,1.000000
hsa05219,MAPK1,1.000000
hsa05219,KRAS,1.000000
hsa05219,CDKN1A,1.000000
hsa05219,TP53,1.000000
hsa05219,HRAS,1.000000
hsa05219,MDM2,1.000000
hsa05219,MYC,1.000000
hsa05219,NRAS,1.000000
hsa03410,PARP2,1.000000
hsa03410,PARP4,1.000000
hsa00970,LARS,1.000000
hsa00970,VARS2,1.000000
hsa00970,RARS,1.000000
hsa05330,CD80,1.000000
hsa05330,CD86,1.000000
hsa05330,TNF,1.000000
hsa05330,GZMB,1.000000
hsa05330,HLA-B,1.000000
hsa05330,HLA-DRB1,1.000000
hsa05330,IL2,1.000000
hsa05330,IFNG,1.000000
hsa05330,HLA-A,1.000000
hsa04630,IL15,1.000000
hsa04630,PTPN11,1.000000
hsa04630,BCL2,1.000000
hsa04630,IL3,1.000000
hsa04630,CDKN1A,1.000000
hsa04630,EP300,1.000000
hsa04630,CREBBP,1.000000
hsa04630,THPO,1.000000
hsa04630,CSF3R,1.000000
hsa04630,AKT1,1.000000
hsa04630,STAT5A,1.000000
hsa04630,STAT5B,1.000000
hsa04630,STAT3,1.000000
hsa04630,CSF2,1.000000
hsa04630,IL6,1.000000
hsa04630,BCL2L1,1.000000
hsa04630,IL3RA,1.000000
hsa04630,IFNG,1.000000
hsa04630,SOS1,1.000000
hsa04630,MCL1,1.000000
hsa04630,MTOR,1.000000
hsa04630,CSF3,1.000000
hsa04630,PIK3CB,1.000000
hsa04630,JAK3,1.000000
hsa04630,IL2,1.000000
hsa04630,JAK2,1.000000
hsa04630,HRAS,1.000000
hsa04630,MYC,1.000000
hsa04630,MPL,1.000000
hsa04530,CLDN18,1.000000
hsa04530,MYH15,1.000000
hsa04530,MAGI1,1.000000
hsa04530,CLDN11,1.000000
hsa04530,KRAS,1.000000
hsa04530,MYH6,1.000000
hsa04530,MYH11,1.000000
hsa04530,MAGI3,1.000000
hsa04530,EPB41L3,1.000000
hsa04530,AKT1,1.000000
hsa04530,TJAP1,1.000000
hsa04530,MYH14,1.000000
hsa04530,HCLS1,1.000000
hsa04530,IGSF5,1.000000
hsa04530,PRKCG,1.000000
hsa04530,SHROOM2,1.000000
hsa04530,NRAS,1.000000
hsa04530,MLLT4,1.000000
hsa04530,CDC42,1.000000
hsa04530,GNAI2,1.000000
hsa04530,CTNNA2,1.000000
hsa04530,JAM2,1.000000
hsa04530,CGN,1.000000
hsa04530,CLDN14,1.000000
hsa04530,HRAS,1.000000
hsa04530,TJP1,1.000000
hsa04530,PPP2R2B,1.000000
hsa04530,PARD3,1.000000
hsa00280,DLD,1.000000
hsa00280,HADH,1.000000
hsa00280,AGXT2,1.000000
hsa03020,POLR3B,1.000000
hsa03020,POLR2E,1.000000
hsa04725,HRAS,1.000000
hsa04725,KRAS,1.000000
hsa04725,ADCY5,1.000000
hsa04725,CACNA1B,1.000000
hsa04725,JAK2,1.000000
hsa04725,CACNA1S,1.000000
hsa04725,AKT1,1.000000
hsa04725,PRKCG,1.000000
hsa04725,BCL2,1.000000
hsa04725,NRAS,1.000000
hsa04725,MAPK3,1.000000
hsa04725,MAPK1,1.000000
hsa04725,PIK3CB,1.000000
hsa04725,GNAI2,1.000000
hsa04725,KCNJ6,1.000000
hsa04725,ITPR1,1.000000
hsa04725,ADCY3,1.000000
hsa04725,GNB1,1.000000
hsa04725,ITPR3,1.000000
hsa04725,KCNQ3,1.000000
hsa04727,PRKCG,1.000000
hsa04727,GNAI2,1.000000
hsa04727,CACNA1B,1.000000
hsa04727,CACNA1S,1.000000
hsa04727,GABRG2,1.000000
hsa04727,GABRB1,1.000000
hsa04727,GABRR1,1.000000
hsa04727,ADCY5,1.000000
hsa04727,KCNJ6,1.000000
hsa04727,ADCY3,1.000000
hsa04727,GNB1,1.000000
hsa04727,GABBR1,1.000000
hsa04727,GABRA4,1.000000
hsa04120,CBL,1.000000
hsa04120,PML,1.000000
hsa04120,UBE2R2,1.000000
hsa04120,CUL1,1.000000
hsa04120,CUL3,1.000000
hsa04120,XIAP,1.000000
hsa04120,HERC1,1.000000
hsa04120,HERC2,1.000000
hsa04120,SMURF2,1.000000
hsa04120,MDM2,1.000000
hsa05223,MAPK3,1.000000
hsa05223,CDKN2A,1.000000
hsa05223,PRKCG,1.000000
hsa05223,NRAS,1.000000
hsa05223,EGFR,1.000000
hsa05223,MAPK1,1.000000
hsa05223,PIK3CB,1.000000
hsa05223,SOS1,1.000000
hsa05223,KRAS,1.000000
hsa05223,AKT1,1.000000
hsa05223,TP53,1.000000
hsa05223,HRAS,1.000000
hsa04728,SCN1A,1.000000
hsa04728,CACNA1B,1.000000
hsa04728,AKT1,1.000000
hsa04728,SLC18A1,1.000000
hsa04728,SLC18A2,1.000000
hsa04728,PRKCG,1.000000
hsa04728,MAPK8,1.000000
hsa04728,GNAI2,1.000000
hsa04728,ADCY5,1.000000
hsa04728,KCNJ6,1.000000
hsa04728,ITPR1,1.000000
hsa04728,DRD2,1.000000
hsa04728,GNB1,1.000000
hsa04728,ITPR3,1.000000
hsa04728,PPP2R2B,1.000000
hsa00524,HK1,1.000000
hsa00520,CHIT1,1.000000
hsa00520,PGM3,1.000000
hsa00520,HK1,1.000000
hsa00520,MPI,1.000000
hsa02010,ABCG4,1.000000
hsa02010,ABCB11,1.000000
hsa02010,ABCA10,1.000000
hsa02010,ABCG8,1.000000
hsa02010,ABCB9,1.000000
hsa02010,ABCB1,1.000000
hsa02010,ABCG2,1.000000
hsa02010,ABCA4,1.000000
hsa02010,ABCC3,1.000000
hsa04961,PRKCG,1.000000
hsa04961,DNM2,1.000000
hsa04961,ATP1B4,1.000000
hsa03460,TOP3B,1.000000
hsa03460,FANCI,1.000000
hsa03460,FANCM,1.000000
hsa03460,FANCC,1.000000
hsa04966,ATP6V1C1,1.000000
hsa04966,ATP6V1G3,1.000000
hsa04330,NCOR2,1.000000
hsa04330,HDAC2,1.000000
hsa04330,NOTCH1,1.000000
hsa04330,NOTCH2,1.000000
hsa04330,EP300,1.000000
hsa04330,CREBBP,1.000000
hsa00040,UGT1A10,1.000000
hsa04730,ITPR1,1.000000
hsa04730,PRKCG,1.000000
hsa04730,NRAS,1.000000
hsa04730,PLA2G4C,1.000000
hsa04730,MAPK3,1.000000
hsa04730,MAPK1,1.000000
hsa04730,ITPR3,1.000000
hsa04730,KRAS,1.000000
hsa04730,GNAI2,1.000000
hsa04730,RYR1,1.000000
hsa04730,PLA2G4D,1.000000
hsa04730,HRAS,1.000000
hsa04730,NOS1,1.000000
hsa01230,MAT1A,1.000000
hsa01230,IDH1,1.000000
hsa01230,IDH2,1.000000
hsa05168,IL6,1.000000
hsa05168,JUN,1.000000
hsa05168,C5,1.000000
hsa05168,PTPN11,1.000000
hsa05168,TNF,1.000000
hsa05168,UBE2R2,1.000000
hsa05168,HLA-DRB1,1.000000
hsa05168,C3,1.000000
hsa05168,HLA-A,1.000000
hsa05168,EP300,1.000000
hsa05168,CREBBP,1.000000
hsa05168,HNRNPK,1.000000
hsa05168,HLA-B,1.000000
hsa05168,CYCS,1.000000
hsa05168,PML,1.000000
hsa05168,CD74,1.000000
hsa05168,HCFC1,1.000000
hsa05168,IL15,1.000000
hsa05168,IFNG,1.000000
hsa05168,CUL1,1.000000
hsa05168,MAPK8,1.000000
hsa05168,SRSF2,1.000000
hsa05168,DAXX,1.000000
hsa05168,JAK2,1.000000
hsa05168,CASP3,1.000000
hsa05168,SRSF6,1.000000
hsa05168,TP53,1.000000
hsa00120,BAAT,1.000000
hsa04350,CUL1,1.000000
hsa04350,MAPK1,1.000000
hsa04350,ACVR2B,1.000000
hsa04350,CDKN2B,1.000000
hsa04350,TNF,1.000000
hsa04350,BMP5,1.000000
hsa04350,MAPK3,1.000000
hsa04350,BMP6,1.000000
hsa04350,SMURF2,1.000000
hsa04350,IFNG,1.000000
hsa04350,EP300,1.000000
hsa04350,SMAD9,1.000000
hsa04350,CREBBP,1.000000
hsa04350,MYC,1.000000
hsa05211,JUN,1.000000
hsa05211,MAPK3,1.000000
hsa05211,MAPK1,1.000000
hsa05211,CREBBP,1.000000
hsa05211,PTPN11,1.000000
hsa05211,NRAS,1.000000
hsa05211,PIK3CB,1.000000
hsa05211,CDC42,1.000000
hsa05211,SOS1,1.000000
hsa05211,KRAS,1.000000
hsa05211,AKT1,1.000000
hsa05211,EP300,1.000000
hsa05211,RAP1B,1.000000
hsa05211,HRAS,1.000000
hsa05100,DNM2,1.000000
hsa05100,CBL,1.000000
hsa05100,FN1,1.000000
hsa05100,SHC1,1.000000
hsa05100,PIK3CB,1.000000
hsa05100,CDC42,1.000000
hsa05100,DOCK1,1.000000
hsa05100,HCLS1,1.000000
hsa05100,CTNNA2,1.000000
hsa05100,SEPT6,1.000000
hsa04971,ITPR1,1.000000
hsa04971,PRKCG,1.000000
hsa04971,EZR,1.000000
hsa04971,MYLK2,1.000000
hsa04971,ADCY3,1.000000
hsa04971,ITPR3,1.000000
hsa04971,MYLK,1.000000
hsa04971,ATP1B4,1.000000
hsa04971,GNAI2,1.000000
hsa04971,ADCY5,1.000000
hsa05216,NRAS,1.000000
hsa05216,MAPK3,1.000000
hsa05216,MAPK1,1.000000
hsa05216,KRAS,1.000000
hsa05216,TP53,1.000000
hsa05216,HRAS,1.000000
hsa05216,MYC,1.000000
hsa04110,STAG2,1.000000
hsa04110,CDKN1A,1.000000
hsa04110,EP300,1.000000
hsa04110,CREBBP,1.000000
hsa04110,CDKN2A,1.000000
hsa04110,ABL1,1.000000
hsa04110,RAD21,1.000000
hsa04110,CDKN2B,1.000000
hsa04110,CUL1,1.000000
hsa04110,CCNA1,1.000000
hsa04110,WEE1,1.000000
hsa04110,BUB3,1.000000
hsa04110,BUB1,1.000000
hsa04110,WEE2,1.000000
hsa04110,HDAC2,1.000000
hsa04110,CHEK2,1.000000
hsa04110,SMC1A,1.000000
hsa04110,TP53,1.000000
hsa04110,SMC3,1.000000
hsa04110,MDM2,1.000000
hsa04110,MYC,1.000000
hsa04660,JUN,1.000000
hsa04660,CD4,1.000000
hsa04660,CD8A,1.000000
hsa04660,TNF,1.000000
hsa04660,PTPRC,1.000000
hsa04660,KRAS,1.000000
hsa04660,CBL,1.000000
hsa04660,AKT1,1.000000
hsa04660,CSF2,1.000000
hsa04660,IFNG,1.000000
hsa04660,NRAS,1.000000
hsa04660,MAPK3,1.000000
hsa04660,MAPK1,1.000000
hsa04660,PIK3CB,1.000000
hsa04660,SOS1,1.000000
hsa04660,CDC42,1.000000
hsa04660,IL2,1.000000
hsa04660,HRAS,1.000000
hsa04114,RPS6KA6,1.000000
hsa04114,PLCZ1,1.000000
hsa04114,SPDYA,1.000000
hsa04114,SMC1A,1.000000
hsa04114,BUB1,1.000000
hsa04114,CUL1,1.000000
hsa04114,MAPK1,1.000000
hsa04114,ADCY5,1.000000
hsa04114,ITPR1,1.000000
hsa04114,MAPK3,1.000000
hsa04114,ADCY3,1.000000
hsa04114,ITPR3,1.000000
hsa04114,SMC3,1.000000
hsa04115,TP53,1.000000
hsa04115,CCNG2,1.000000
hsa04115,TP73,1.000000
hsa04115,CYCS,1.000000
hsa04115,MDM2,1.000000
hsa04115,CHEK2,1.000000
hsa04115,CDKN1A,1.000000
hsa04115,CASP3,1.000000
hsa04115,CDKN2A,1.000000
hsa00512,GALNT18,1.000000
hsa00512,WBSCR17,1.000000
hsa00512,GALNTL6,1.000000
hsa00512,GALNT2,1.000000
hsa00510,MGAT5B,1.000000
hsa00510,TUSC3,1.000000
hsa00510,ALG13,1.000000
hsa00510,STT3B,1.000000
hsa00510,MGAT4C,1.000000
hsa00510,ALG6,1.000000
hsa04750,P2RY2,1.000000
hsa04750,IL1R1,1.000000
hsa04750,PRKCG,1.000000
hsa04750,PLA2G4C,1.000000
hsa04750,PIK3CB,1.000000
hsa04750,TRPM8,1.000000
hsa04750,ADCY5,1.000000
hsa04750,PLA2G4D,1.000000
hsa04750,ITPR1,1.000000
hsa04750,ADCY3,1.000000
hsa04750,ITPR3,1.000000
hsa04750,MAPK8,1.000000
hsa00514,MGAT5B,1.000000
hsa00514,FUT4,1.000000
hsa05220,BCL2L1,1.000000
hsa05220,CDKN2A,1.000000
hsa05220,ABL1,1.000000
hsa05220,RUNX1,1.000000
hsa05220,CBL,1.000000
hsa05220,MECOM,1.000000
hsa05220,HDAC2,1.000000
hsa05220,SHC1,1.000000
hsa05220,MAPK3,1.000000
hsa05220,CDKN1A,1.000000
hsa05220,PIK3CB,1.000000
hsa05220,SOS1,1.000000
hsa05220,KRAS,1.000000
hsa05220,AKT1,1.000000
hsa05220,BCR,1.000000
hsa05220,STAT5A,1.000000
hsa05220,STAT5B,1.000000
hsa05220,MDM2,1.000000
hsa05220,MAPK1,1.000000
hsa05220,PTPN11,1.000000
hsa05220,TP53,1.000000
hsa05220,HRAS,1.000000
hsa05220,MYC,1.000000
hsa05220,NRAS,1.000000
hsa05340,ORAI1,1.000000
hsa05340,CD4,1.000000
hsa05340,JAK3,1.000000
hsa05340,CD8A,1.000000
hsa05340,PTPRC,1.000000
hsa05340,CD19,1.000000
hsa00640,ACSS3,1.000000
hsa00640,DLD,1.000000
hsa04925,ITPR1,1.000000
hsa04925,CAMK1G,1.000000
hsa04925,ORAI1,1.000000
hsa04925,PRKD3,1.000000
hsa04925,SCARB1,1.000000
hsa04925,PRKCG,1.000000
hsa04925,ADCY3,1.000000
hsa04925,ITPR3,1.000000
hsa04925,CACNA1S,1.000000
hsa04925,ADCY5,1.000000
hsa04925,CACNA1G,1.000000
hsa04925,HSD3B1,1.000000
hsa00350,DCT,1.000000
hsa00350,ALDH1A3,1.000000
hsa00350,TPO,1.000000
hsa05166,IL6,1.000000
hsa05166,JUN,1.000000
hsa05166,CDKN2B,1.000000
hsa05166,PDGFRA,1.000000
hsa05166,PDGFRB,1.000000
hsa05166,KRAS,1.000000
hsa05166,CDKN1A,1.000000
hsa05166,EP300,1.000000
hsa05166,CDKN2A,1.000000
hsa05166,CALR,1.000000
hsa05166,HLA-B,1.000000
hsa05166,HLA-A,1.000000
hsa05166,MYB,1.000000
hsa05166,CHEK2,1.000000
hsa05166,AKT1,1.000000
hsa05166,STAT5A,1.000000
hsa05166,STAT5B,1.000000
hsa05166,CSF2,1.000000
hsa05166,IL15,1.000000
hsa05166,BCL2L1,1.000000
hsa05166,NRAS,1.000000
hsa05166,SPI1,1.000000
hsa05166,PIK3CB,1.000000
hsa05166,MAPK8,1.000000
hsa05166,BUB3,1.000000
hsa05166,HLA-DRB1,1.000000
hsa05166,ADCY5,1.000000
hsa05166,CREBBP,1.000000
hsa05166,XIAP,1.000000
hsa05166,TNF,1.000000
hsa05166,VCAM1,1.000000
hsa05166,ADCY3,1.000000
hsa05166,TERT,1.000000
hsa05166,JAK3,1.000000
hsa05166,IL1R1,1.000000
hsa05166,IL2,1.000000
hsa05166,FZD1,1.000000
hsa05166,TP53,1.000000
hsa05166,HRAS,1.000000
hsa05166,MYC,1.000000
hsa03018,EDC4,1.000000
hsa03018,CNOT6,1.000000
hsa03018,DIS3,1.000000
hsa03018,CNOT6L,1.000000
hsa03018,PABPC3,1.000000
hsa04810,EZR,1.000000
hsa04810,ARHGAP35,1.000000
hsa04810,MYLK2,1.000000
hsa04810,FN1,1.000000
hsa04810,ARHGEF1,1.000000
hsa04810,PDGFRB,1.000000
hsa04810,KRAS,1.000000
hsa04810,ITGA10,1.000000
hsa04810,ITGAV,1.000000
hsa04810,PIK3CB,1.000000
hsa04810,ITGAM,1.000000
hsa04810,MYLK,1.000000
hsa04810,MAPK3,1.000000
hsa04810,DIAPH2,1.000000
hsa04810,MYH14,1.000000
hsa04810,NRAS,1.000000
hsa04810,ARHGEF6,1.000000
hsa04810,CDC42,1.000000
hsa04810,ARHGEF12,1.000000
hsa04810,SOS1,1.000000
hsa04810,DOCK1,1.000000
hsa04810,ITGAX,1.000000
hsa04810,PDGFRA,1.000000
hsa04810,MAPK1,1.000000
hsa04810,EGFR,1.000000
hsa04810,HRAS,1.000000
hsa05134,IL6,1.000000
hsa05134,TLR4,1.000000
hsa05134,CR1,1.000000
hsa05134,NLRC4,1.000000
hsa05134,CYCS,1.000000
hsa05134,C3,1.000000
hsa05134,CASP3,1.000000
hsa05134,ITGAM,1.000000
hsa05134,TNF,1.000000
hsa00760,NMNAT2,1.000000
hsa00760,CD38,1.000000
hsa04976,BAAT,1.000000
hsa04976,ABCG2,1.000000
hsa04976,ABCC3,1.000000
hsa04976,SCARB1,1.000000
hsa04976,SCTR,1.000000
hsa04976,ADCY3,1.000000
hsa04976,ABCB11,1.000000
hsa04976,ABCG8,1.000000
hsa04976,ATP1B4,1.000000
hsa04976,SLC51A,1.000000
hsa04976,ABCB1,1.000000
hsa04976,ADCY5,1.000000
hsa00190,ATP6V1G3,1.000000
hsa00190,UQCR10,1.000000
hsa00190,ATP6V1C1,1.000000
hsa00592,PLA2G2D,1.000000
hsa00592,PLA2G4C,1.000000
hsa00592,PLA2G4D,1.000000
hsa00590,PLA2G2D,1.000000
hsa00590,LTA4H,1.000000
hsa00590,PLA2G4C,1.000000
hsa00590,PLA2G4D,1.000000
hsa00590,GPX2,1.000000
hsa00590,CYP4F2,1.000000
hsa00591,PLA2G2D,1.000000
hsa00591,PLA2G4C,1.000000
hsa00591,PLA2G4D,1.000000
hsa05310,IL3,1.000000
hsa05310,TNF,1.000000
hsa05310,CCL11,1.000000
hsa05310,HLA-DRB1,1.000000
hsa05032,OPRM1,1.000000
hsa05032,GNB1,1.000000
hsa05032,CACNA1B,1.000000
hsa05032,PRKCG,1.000000
hsa05032,GABRG2,1.000000
hsa05032,GABRB1,1.000000
hsa05032,GABRR1,1.000000
hsa05032,GNAI2,1.000000
hsa05032,ADCY5,1.000000
hsa05032,KCNJ6,1.000000
hsa05032,ADCY3,1.000000
hsa05032,GABBR1,1.000000
hsa05032,GABRA4,1.000000
hsa05033,GABRB1,1.000000
hsa05033,GABRG2,1.000000
hsa05033,CACNA1B,1.000000
hsa05033,GABRR1,1.000000
hsa05033,SLC17A7,1.000000
hsa05033,GABRA4,1.000000
hsa05030,JUN,1.000000
hsa05030,DRD2,1.000000
hsa05030,GNAI2,1.000000
hsa05030,GRM3,1.000000
hsa05030,ADCY5,1.000000
hsa05030,SLC18A1,1.000000
hsa05030,SLC18A2,1.000000
hsa05031,JUN,1.000000
hsa05031,ARC,1.000000
hsa05031,PRKCG,1.000000
hsa05031,ADCY5,1.000000
hsa05031,SLC18A1,1.000000
hsa05031,SLC18A2,1.000000
hsa00053,UGT1A10,1.000000
hsa00052,G6PC,1.000000
hsa00052,HK1,1.000000
hsa00052,SI,1.000000
hsa00052,GANC,1.000000
hsa00051,HK1,1.000000
hsa00051,MPI,1.000000
hsa04145,HLA-DRB1,1.000000
hsa04145,DYNC2H1,1.000000
hsa04145,C3,1.000000
hsa04145,CALR,1.000000
hsa04145,SCARB1,1.000000
hsa04145,HLA-B,1.000000
hsa04145,HLA-A,1.000000
hsa04145,TUBA1A,1.000000
hsa04145,CYBB,1.000000
hsa04145,TUBA3C,1.000000
hsa04145,ITGAV,1.000000
hsa04145,ITGAM,1.000000
hsa04145,ATP6V1G3,1.000000
hsa04145,NOX3,1.000000
hsa04145,TLR4,1.000000
hsa04145,ATP6V1C1,1.000000
hsa04145,DYNC1H1,1.000000
hsa04145,NOS1,1.000000
hsa04145,MPO,1.000000
hsa04742,SCN3A,1.000000
hsa04742,PKD2L1,1.000000
hsa04742,ITPR3,1.000000
hsa04742,GABRA4,1.000000
hsa04742,GABBR1,1.000000
hsa03008,EFTUD1,1.000000
hsa03008,TCOF1,1.000000
hsa03008,DROSHA,1.000000
hsa03008,GNL3,1.000000
hsa05218,MAPK3,1.000000
hsa05218,PIK3CB,1.000000
hsa05218,TP53,1.000000
hsa05218,NRAS,1.000000
hsa05218,EGFR,1.000000
hsa05218,PDGFRA,1.000000
hsa05218,PDGFRB,1.000000
hsa05218,KRAS,1.000000
hsa05218,CDKN2A,1.000000
hsa05218,AKT1,1.000000
hsa05218,CDKN1A,1.000000
hsa05218,MAPK1,1.000000
hsa05218,HRAS,1.000000
hsa05218,MDM2,1.000000
hsa04340,GLI1,1.000000
hsa04340,PTCH1,1.000000
hsa04340,RAB23,1.000000
hsa04340,STK36,1.000000
hsa04611,ORAI1,1.000000
hsa04611,MYLK2,1.000000
hsa04611,ARHGEF1,1.000000
hsa04611,ARHGAP35,1.000000
hsa04611,MYLK,1.000000
hsa04611,AKT1,1.000000
hsa04611,RAP1B,1.000000
hsa04611,PLA2G4C,1.000000
hsa04611,MAPK3,1.000000
hsa04611,MAPK1,1.000000
hsa04611,PIK3CB,1.000000
hsa04611,ARHGEF12,1.000000
hsa04611,GNAI2,1.000000
hsa04611,ADCY5,1.000000
hsa04611,PLA2G4D,1.000000
hsa04611,ITPR1,1.000000
hsa04611,ADCY3,1.000000
hsa04611,ITPR3,1.000000
hsa04510,LAMA5,1.000000
hsa04510,ARHGAP35,1.000000
hsa04510,MYLK2,1.000000
hsa04510,KDR,1.000000
hsa04510,BCL2,1.000000
hsa04510,PDGFRA,1.000000
hsa04510,PDGFRB,1.000000
hsa04510,FLT1,1.000000
hsa04510,ARHGAP5,1.000000
hsa04510,ITGAV,1.000000
hsa04510,JUN,1.000000
hsa04510,MYLK,1.000000
hsa04510,SHC1,1.000000
hsa04510,ITGA10,1.000000
hsa04510,MAPK3,1.000000
hsa04510,AKT1,1.000000
hsa04510,PRKCG,1.000000
hsa04510,EGFR,1.000000
hsa04510,FN1,1.000000
hsa04510,RAP1B,1.000000
hsa04510,LAMA3,1.000000
hsa04510,MAPK1,1.000000
hsa04510,PIK3CB,1.000000
hsa04510,SOS1,1.000000
hsa04510,DOCK1,1.000000
hsa04510,XIAP,1.000000
hsa04510,TNC,1.000000
hsa04510,CDC42,1.000000
hsa04510,COL9A1,1.000000
hsa04510,MAPK8,1.000000
hsa04510,LAMA2,1.000000
hsa04510,COL2A1,1.000000
hsa04510,HRAS,1.000000
hsa04510,LAMA1,1.000000
hsa05222,LAMA5,1.000000
hsa05222,CDKN2B,1.000000
hsa05222,FN1,1.000000
hsa05222,CYCS,1.000000
hsa05222,AKT1,1.000000
hsa05222,BCL2L1,1.000000
hsa05222,BCL2,1.000000
hsa05222,MAX,1.000000
hsa05222,PIK3CB,1.000000
hsa05222,ITGAV,1.000000
hsa05222,XIAP,1.000000
hsa05222,MYC,1.000000
hsa05222,LAMA2,1.000000
hsa05222,LAMA3,1.000000
hsa05222,TP53,1.000000
hsa05222,LAMA1,1.000000
hsa04612,CD4,1.000000
hsa04612,CD8A,1.000000
hsa04612,HLA-DRB1,1.000000
hsa04612,IFNG,1.000000
hsa04612,HLA-B,1.000000
hsa04612,HLA-A,1.000000
hsa04612,HSPA4,1.000000
hsa04612,HSP90AA1,1.000000
hsa04612,CD74,1.000000
hsa04612,CALR,1.000000
hsa04612,TNF,1.000000
hsa05212,ARHGEF6,1.000000
hsa05212,TP53,1.000000
hsa05212,BCL2L1,1.000000
hsa05212,MAPK8,1.000000
hsa05212,EGFR,1.000000
hsa05212,MAPK3,1.000000
hsa05212,PIK3CB,1.000000
hsa05212,KRAS,1.000000
hsa05212,CDC42,1.000000
hsa05212,AKT1,1.000000
hsa05212,STAT3,1.000000
hsa05212,MAPK1,1.000000
hsa05212,CDKN2A,1.000000
hsa05213,NRAS,1.000000
hsa05213,AKT1,1.000000
hsa05213,EGFR,1.000000
hsa05213,MAPK3,1.000000
hsa05213,MAPK1,1.000000
hsa05213,PIK3CB,1.000000
hsa05213,SOS1,1.000000
hsa05213,KRAS,1.000000
hsa05213,TP53,1.000000
hsa05213,HRAS,1.000000
hsa05213,CTNNA2,1.000000
hsa05213,MYC,1.000000
hsa05210,BCL2,1.000000
hsa05210,JUN,1.000000
hsa05210,AKT1,1.000000
hsa05210,MAPK3,1.000000
hsa05210,MAPK1,1.000000
hsa05210,PIK3CB,1.000000
hsa05210,CYCS,1.000000
hsa05210,MAPK8,1.000000
hsa05210,KRAS,1.000000
hsa05210,CASP3,1.000000
hsa05210,TP53,1.000000
hsa05210,MYC,1.000000
hsa04380,JUN,1.000000
hsa04380,TNF,1.000000
hsa04380,SPI1,1.000000
hsa04380,LILRB2,1.000000
hsa04380,AKT1,1.000000
hsa04380,CYBB,1.000000
hsa04380,CSF1R,1.000000
hsa04380,IFNG,1.000000
hsa04380,MAPK3,1.000000
hsa04380,MAPK1,1.000000
hsa04380,PIK3CB,1.000000
hsa04380,CSF1,1.000000
hsa04380,NOX3,1.000000
hsa04380,IL1R1,1.000000
hsa04380,MAPK8,1.000000
hsa05217,GLI1,1.000000
hsa05217,PTCH1,1.000000
hsa05217,STK36,1.000000
hsa05217,FZD1,1.000000
hsa05217,TP53,1.000000
hsa05214,PRKCG,1.000000
hsa05214,PIK3CB,1.000000
hsa05214,MAPK1,1.000000
hsa05214,CDKN2A,1.000000
hsa05214,NRAS,1.000000
hsa05214,EGFR,1.000000
hsa05214,PDGFRA,1.000000
hsa05214,MAPK3,1.000000
hsa05214,PDGFRB,1.000000
hsa05214,SOS1,1.000000
hsa05214,KRAS,1.000000
hsa05214,AKT1,1.000000
hsa05214,SHC1,1.000000
hsa05214,TP53,1.000000
hsa05214,CDKN1A,1.000000
hsa05214,HRAS,1.000000
hsa05214,MDM2,1.000000
hsa05214,MTOR,1.000000
hsa05215,PDGFRA,1.000000
hsa05215,PDGFRB,1.000000
hsa05215,KRAS,1.000000
hsa05215,CDKN1A,1.000000
hsa05215,HSP90AA1,1.000000
hsa05215,EP300,1.000000
hsa05215,CREBBP,1.000000
hsa05215,AKT1,1.000000
hsa05215,BCL2,1.000000
hsa05215,NRAS,1.000000
hsa05215,MAPK3,1.000000
hsa05215,MAPK1,1.000000
hsa05215,PIK3CB,1.000000
hsa05215,SOS1,1.000000
hsa05215,MTOR,1.000000
hsa05215,EGFR,1.000000
hsa05215,TP53,1.000000
hsa05215,HRAS,1.000000
hsa05215,MDM2,1.000000
hsa04514,CD4,1.000000
hsa04514,CD8A,1.000000
hsa04514,VCAN,1.000000
hsa04514,CLDN18,1.000000
hsa04514,PTPRC,1.000000
hsa04514,SELPLG,1.000000
hsa04514,HLA-DRB1,1.000000
hsa04514,CADM3,1.000000
hsa04514,NRXN3,1.000000
hsa04514,CLDN11,1.000000
hsa04514,SIGLEC1,1.000000
hsa04514,HLA-A,1.000000
hsa04514,NRXN1,1.000000
hsa04514,CD34,1.000000
hsa04514,CD80,1.000000
hsa04514,CD86,1.000000
hsa04514,HLA-B,1.000000
hsa04514,CDH4,1.000000
hsa04514,JAM2,1.000000
hsa04514,NRCAM,1.000000
hsa04514,ITGAV,1.000000
hsa04514,ITGAM,1.000000
hsa04514,CD2,1.000000
hsa04514,NCAM1,1.000000
hsa04514,CLDN14,1.000000
hsa04514,VCAM1,1.000000
hsa04514,CD22,1.000000
hsa04744,GUCY2D,1.000000
hsa04744,GNB1,1.000000
hsa04512,LAMA5,1.000000
hsa04512,COL9A1,1.000000
hsa04512,TNC,1.000000
hsa04512,FN1,1.000000
hsa04512,ITGA10,1.000000
hsa04512,HMMR,1.000000
hsa04512,LAMA2,1.000000
hsa04512,LAMA3,1.000000
hsa04512,COL2A1,1.000000
hsa04512,ITGAV,1.000000
hsa04512,DAG1,1.000000
hsa04512,LAMA1,1.000000
hsa04512,HSPG2,1.000000
hsa00500,G6PC,1.000000
hsa00500,GANC,1.000000
hsa00500,HK1,1.000000
hsa00500,UGT1A10,1.000000
hsa00500,SI,1.000000
hsa04068,G6PC,1.000000
hsa04068,CDKN2B,1.000000
hsa04068,EGFR,1.000000
hsa04068,KRAS,1.000000
hsa04068,CDKN1A,1.000000
hsa04068,EP300,1.000000
hsa04068,CREBBP,1.000000
hsa04068,AKT1,1.000000
hsa04068,STAT3,1.000000
hsa04068,PRKAA2,1.000000
hsa04068,IL6,1.000000
hsa04068,NRAS,1.000000
hsa04068,MAPK3,1.000000
hsa04068,MAPK1,1.000000
hsa04068,PIK3CB,1.000000
hsa04068,MAPK8,1.000000
hsa04068,SOS1,1.000000
hsa04068,CCNG2,1.000000
hsa04068,HRAS,1.000000
hsa04068,MDM2,1.000000
hsa04740,OR7D4,1.000000
hsa04740,OR52E8,1.000000
hsa04740,OR4Q3,1.000000
hsa04740,OR51S1,1.000000
hsa04740,OR4B1,1.000000
hsa04740,GUCY2D,1.000000
hsa04740,OR8B12,1.000000
hsa04740,OR13H1,1.000000
hsa04740,OR5M1,1.000000
hsa04740,CNGA3,1.000000
hsa04740,OR51L1,1.000000
hsa04740,OR51A7,1.000000
hsa04740,ANO2,1.000000
hsa04740,OR5P2,1.000000
hsa04740,OR4C15,1.000000
hsa04740,SLC24A4,1.000000
hsa04740,OR8A1,1.000000
hsa04740,OR5AS1,1.000000
hsa04740,OR2M2,1.000000
hsa04740,OR5K3,1.000000
hsa04740,OR1J2,1.000000
hsa04740,OR3A2,1.000000
hsa04740,ADCY3,1.000000
hsa04740,GNB1,1.000000
hsa04740,OR2AG1,1.000000
hsa04740,OR11H12,1.000000
hsa04740,OR5W2,1.000000
hsa04740,OR2Y1,1.000000
hsa04740,OR52D1,1.000000
hsa04740,OR6B2,1.000000
hsa04740,OR5AR1,1.000000
hsa04740,OR2T10,1.000000
hsa04740,OR2M3,1.000000
hsa04066,EIF4E,1.000000
hsa04066,BCL2,1.000000
hsa04066,CDKN1A,1.000000
hsa04066,EP300,1.000000
hsa04066,FLT1,1.000000
hsa04066,CREBBP,1.000000
hsa04066,AKT1,1.000000
hsa04066,CYBB,1.000000
hsa04066,STAT3,1.000000
hsa04066,IL6,1.000000
hsa04066,PRKCG,1.000000
hsa04066,IFNG,1.000000
hsa04066,MAPK3,1.000000
hsa04066,PIK3CB,1.000000
hsa04066,MTOR,1.000000
hsa04066,MAPK1,1.000000
hsa04066,NOX3,1.000000
hsa04066,TLR4,1.000000
hsa04066,EGFR,1.000000
hsa04066,TEK,1.000000
hsa04066,HK1,1.000000
hsa04940,CD80,1.000000
hsa04940,TNF,1.000000
hsa04940,GZMB,1.000000
hsa04940,HLA-B,1.000000
hsa04940,HLA-DRB1,1.000000
hsa04940,IL2,1.000000
hsa04940,PTPRN,1.000000
hsa04940,IFNG,1.000000
hsa04940,HLA-A,1.000000
hsa04940,CD86,1.000000
hsa04064,TNF,1.000000
hsa04064,BCL2L1,1.000000
hsa04064,BCL2,1.000000
hsa04064,CCL21,1.000000
hsa04064,XIAP,1.000000
hsa04064,VCAM1,1.000000
hsa04064,CXCL12,1.000000
hsa04064,TLR4,1.000000
hsa04064,IL1R1,1.000000
hsa04062,NRAS,1.000000
hsa04062,HRAS,1.000000
hsa04062,KRAS,1.000000
hsa04062,CCL11,1.000000
hsa04062,CDC42,1.000000
hsa04062,GNB1,1.000000
hsa04062,SHC1,1.000000
hsa04062,AKT1,1.000000
hsa04062,STAT5B,1.000000
hsa04062,STAT3,1.000000
hsa04062,RAP1B,1.000000
hsa04062,CCL20,1.000000
hsa04062,CCL21,1.000000
hsa04062,CCL16,1.000000
hsa04062,CXCR4,1.000000
hsa04062,MAPK1,1.000000
hsa04062,PIK3CB,1.000000
hsa04062,SOS1,1.000000
hsa04062,GNAI2,1.000000
hsa04062,DOCK2,1.000000
hsa04062,ADCY5,1.000000
hsa04062,MAPK3,1.000000
hsa04062,CXCL12,1.000000
hsa04062,ADCY3,1.000000
hsa04062,JAK3,1.000000
hsa04062,JAK2,1.000000
hsa04062,PARD3,1.000000
hsa00650,ACSM2A,1.000000
hsa00650,HADH,1.000000
hsa04060,IL6,1.000000
hsa04060,TNF,1.000000
hsa04060,CSF3,1.000000
hsa04060,KDR,1.000000
hsa04060,KIT,1.000000
hsa04060,PDGFRB,1.000000
hsa04060,FLT1,1.000000
hsa04060,FLT3,1.000000
hsa04060,CCL11,1.000000
hsa04060,THPO,1.000000
hsa04060,CSF3R,1.000000
hsa04060,CCL20,1.000000
hsa04060,CD70,1.000000
hsa04060,CSF1R,1.000000
hsa04060,CSF2,1.000000
hsa04060,IL15,1.000000
hsa04060,CCL21,1.000000
hsa04060,IL3,1.000000
hsa04060,IL3RA,1.000000
hsa04060,CSF1,1.000000
hsa04060,IFNG,1.000000
hsa04060,CXCR4,1.000000
hsa04060,ACVR2B,1.000000
hsa04060,PDGFRA,1.000000
hsa04060,CCL16,1.000000
hsa04060,CXCL12,1.000000
hsa04060,EGFR,1.000000
hsa04060,IL1R1,1.000000
hsa04060,IL2,1.000000
hsa04060,KITLG,1.000000
hsa04060,MPL,1.000000
hsa00340,ALDH1A3,1.000000
hsa05221,MAPK1,1.000000
hsa05221,RUNX1T1,1.000000
hsa05221,NRAS,1.000000
hsa05221,CEBPA,1.000000
hsa05221,SPI1,1.000000
hsa05221,KIT,1.000000
hsa05221,CCNA1,1.000000
hsa05221,MAPK3,1.000000
hsa05221,PIK3CB,1.000000
hsa05221,PML,1.000000
hsa05221,SOS1,1.000000
hsa05221,KRAS,1.000000
hsa05221,AKT1,1.000000
hsa05221,STAT5A,1.000000
hsa05221,STAT5B,1.000000
hsa05221,STAT3,1.000000
hsa05221,RARA,1.000000
hsa05221,FLT3,1.000000
hsa05221,ZBTB16,1.000000
hsa05221,HRAS,1.000000
hsa05221,MTOR,1.000000
hsa05221,MYC,1.000000
hsa05221,RUNX1,1.000000
hsa00062,MECR,1.000000
hsa00062,HADH,1.000000
hsa05034,KRAS,1.000000
hsa05034,H3F3B,1.000000
hsa05034,H3F3A,1.000000
hsa05034,SHC1,1.000000
hsa05034,HDAC3,1.000000
hsa05034,SLC18A1,1.000000
hsa05034,SLC18A2,1.000000
hsa05034,HIST1H3D,1.000000
hsa05034,NRAS,1.000000
hsa05034,MAPK3,1.000000
hsa05034,MAPK1,1.000000
hsa05034,SOS1,1.000000
hsa05034,GNAI2,1.000000
hsa05034,ADCY5,1.000000
hsa05034,DRD2,1.000000
hsa05034,HDAC2,1.000000
hsa05034,GNB1,1.000000
hsa05034,HRAS,1.000000
hsa05020,IL6,1.000000
hsa05020,NCAM1,1.000000
hsa05020,C5,1.000000
hsa05020,NOTCH1,1.000000
hsa05020,MAPK3,1.000000
hsa05020,MAPK1,1.000000
hsa05020,C7,1.000000
hsa00260,DLD,1.000000
hsa00260,AGXT2,1.000000
hsa04210,BCL2L1,1.000000
hsa04210,BCL2,1.000000
hsa04210,IL3,1.000000
hsa04210,CASP10,1.000000
hsa04210,XIAP,1.000000
hsa04210,TNF,1.000000
hsa04210,PIK3CB,1.000000
hsa04210,IL1R1,1.000000
hsa04210,CYCS,1.000000
hsa04210,IL3RA,1.000000
hsa04210,AKT1,1.000000
hsa04210,CASP3,1.000000
hsa04210,TP53,1.000000
hsa04213,NRAS,1.000000
hsa04213,HDAC2,1.000000
hsa04213,ADCY3,1.000000
hsa04213,PRKAA2,1.000000
hsa04213,PIK3CB,1.000000
hsa04213,KRAS,1.000000
hsa04213,AKT1,1.000000
hsa04213,ADCY5,1.000000
hsa04213,HRAS,1.000000
hsa04213,MTOR,1.000000
hsa01212,MECR,1.000000
hsa01212,HADH,1.000000
hsa01210,IDH1,1.000000
hsa01210,IDH2,1.000000
hsa05150,C5,1.000000
hsa05150,SELPLG,1.000000
hsa05150,HLA-DRB1,1.000000
hsa05150,C3,1.000000
hsa05150,C2,1.000000
hsa05150,ITGAM,1.000000
hsa04370,MAPK3,1.000000
hsa04370,MAPK1,1.000000
hsa04370,NRAS,1.000000
hsa04370,KDR,1.000000
hsa04370,PLA2G4C,1.000000
hsa04370,PIK3CB,1.000000
hsa04370,CDC42,1.000000
hsa04370,PRKCG,1.000000
hsa04370,KRAS,1.000000
hsa04370,AKT1,1.000000
hsa04370,PLA2G4D,1.000000
hsa04370,HRAS,1.000000
hsa05205,HSPG2,1.000000
hsa05205,EZR,1.000000
hsa05205,PTPN11,1.000000
hsa05205,FN1,1.000000
hsa05205,KDR,1.000000
hsa05205,ARHGEF1,1.000000
hsa05205,CDKN1A,1.000000
hsa05205,KRAS,1.000000
hsa05205,PLCE1,1.000000
hsa05205,CBL,1.000000
hsa05205,AKT1,1.000000
hsa05205,STAT3,1.000000
hsa05205,HCLS1,1.000000
hsa05205,PRKCG,1.000000
hsa05205,TNF,1.000000
hsa05205,NRAS,1.000000
hsa05205,ANK2,1.000000
hsa05205,MAPK3,1.000000
hsa05205,MAPK1,1.000000
hsa05205,ITGAV,1.000000
hsa05205,PIK3CB,1.000000
hsa05205,ARHGEF12,1.000000
hsa05205,SOS1,1.000000
hsa05205,MTOR,1.000000
hsa05205,ITPR1,1.000000
hsa05205,TLR4,1.000000
hsa05205,EGFR,1.000000
hsa05205,PTCH1,1.000000
hsa05205,CDC42,1.000000
hsa05205,ITPR3,1.000000
hsa05205,DROSHA,1.000000
hsa05205,FZD1,1.000000
hsa05205,CASP3,1.000000
hsa05205,TP53,1.000000
hsa05205,HRAS,1.000000
hsa05205,MDM2,1.000000
hsa05205,MYC,1.000000
hsa05204,GSTK1,1.000000
hsa05204,ALDH1A3,1.000000
hsa05204,UGT1A10,1.000000
hsa05204,GSTM3,1.000000
hsa05152,TNF,1.000000
hsa05152,HLA-DRB1,1.000000
hsa05152,EP300,1.000000
hsa05152,CREBBP,1.000000
hsa05152,CASP10,1.000000
hsa05152,ITGAX,1.000000
hsa05152,CYCS,1.000000
hsa05152,AKT1,1.000000
hsa05152,CD74,1.000000
hsa05152,IL6,1.000000
hsa05152,CR1,1.000000
hsa05152,BCL2,1.000000
hsa05152,IFNG,1.000000
hsa05152,MAPK3,1.000000
hsa05152,MAPK1,1.000000
hsa05152,MAPK8,1.000000
hsa05152,ITGAM,1.000000
hsa05152,TLR4,1.000000
hsa05152,JAK2,1.000000
hsa05152,ARHGEF12,1.000000
hsa05152,CASP3,1.000000
hsa05152,C3,1.000000
hsa05200,JUN,1.000000
hsa05200,FN1,1.000000
hsa05200,ARHGEF1,1.000000
hsa05200,CDKN1A,1.000000
hsa05200,CREBBP,1.000000
hsa05200,RUNX1T1,1.000000
hsa05200,RUNX1,1.000000
hsa05200,CBL,1.000000
hsa05200,CYCS,1.000000
hsa05200,STK36,1.000000
hsa05200,IL6,1.000000
hsa05200,MAX,1.000000
hsa05200,MAPK3,1.000000
hsa05200,MAPK1,1.000000
hsa05200,CDC42,1.000000
hsa05200,MAPK8,1.000000
hsa05200,ARHGEF12,1.000000
hsa05200,BCR,1.000000
hsa05200,RARA,1.000000
hsa05200,CTNNA2,1.000000
hsa05200,CEBPA,1.000000
hsa05200,LAMA2,1.000000
hsa05200,LAMA3,1.000000
hsa05200,CASP3,1.000000
hsa05200,HRAS,1.000000
hsa05200,SPI1,1.000000
hsa05200,FLT3,1.000000
hsa05200,GLI1,1.000000
hsa05200,CDKN2A,1.000000
hsa05200,PML,1.000000
hsa05200,STAT5A,1.000000
hsa05200,STAT5B,1.000000
hsa05200,STAT3,1.000000
hsa05200,KITLG,1.000000
hsa05200,CCNA1,1.000000
hsa05200,GNAI2,1.000000
hsa05200,ITGAV,1.000000
hsa05200,ADCY5,1.000000
hsa05200,CXCR4,1.000000
hsa05200,EGFR,1.000000
hsa05200,TP53,1.000000
hsa05200,MYC,1.000000
hsa05200,LAMA5,1.000000
hsa05200,EP300,1.000000
hsa05200,AKT1,1.000000
hsa05200,KIT,1.000000
hsa05200,NRAS,1.000000
hsa05200,ZBTB16,1.000000
hsa05200,XIAP,1.000000
hsa05200,CXCL12,1.000000
hsa05200,HDAC2,1.000000
hsa05200,ADCY3,1.000000
hsa05200,GNB1,1.000000
hsa05200,ARHGEF11,1.000000
hsa05200,MDM2,1.000000
hsa05200,CDKN2B,1.000000
hsa05200,PDGFRA,1.000000
hsa05200,PDGFRB,1.000000
hsa05200,KRAS,1.000000
hsa05200,HSP90AA1,1.000000
hsa05200,CSF3R,1.000000
hsa05200,ABL1,1.000000
hsa05200,MECOM,1.000000
hsa05200,CSF1R,1.000000
hsa05200,PRKCG,1.000000
hsa05200,BCL2L1,1.000000
hsa05200,BCL2,1.000000
hsa05200,PIK3CB,1.000000
hsa05200,SOS1,1.000000
hsa05200,MTOR,1.000000
hsa05200,PTCH1,1.000000
hsa05200,FZD1,1.000000
hsa05200,LAMA1,1.000000
hsa05203,JUN,1.000000
hsa05203,CDKN2B,1.000000
hsa05203,C3,1.000000
hsa05203,KRAS,1.000000
hsa05203,CDKN1A,1.000000
hsa05203,CDKN2A,1.000000
hsa05203,CREBBP,1.000000
hsa05203,HLA-A,1.000000
hsa05203,CDC42,1.000000
hsa05203,STAT5A,1.000000
hsa05203,STAT5B,1.000000
hsa05203,STAT3,1.000000
hsa05203,HDAC3,1.000000
hsa05203,HNRNPK,1.000000
hsa05203,NRAS,1.000000
hsa05203,CCNA1,1.000000
hsa05203,MAPK3,1.000000
hsa05203,MAPK1,1.000000
hsa05203,PIK3CB,1.000000
hsa05203,EP300,1.000000
hsa05203,CHD4,1.000000
hsa05203,HDAC2,1.000000
hsa05203,JAK3,1.000000
hsa05203,HRAS,1.000000
hsa05203,CASP3,1.000000
hsa05203,TP53,1.000000
hsa05203,MDM2,1.000000
hsa05203,HLA-B,1.000000
hsa00780,BTD,1.000000
hsa04071,TNF,1.000000
hsa04071,KRAS,1.000000
hsa04071,AKT1,1.000000
hsa04071,PRKCG,1.000000
hsa04071,BCL2,1.000000
hsa04071,NRAS,1.000000
hsa04071,MAPK1,1.000000
hsa04071,PIK3CB,1.000000
hsa04071,MAPK8,1.000000
hsa04071,SPTLC2,1.000000
hsa04071,GNAI2,1.000000
hsa04071,MAPK3,1.000000
hsa04071,PPP2R2B,1.000000
hsa04071,TP53,1.000000
hsa04071,HRAS,1.000000
hsa04070,MTMR3,1.000000
hsa04070,TMEM55A,1.000000
hsa04070,PLCE1,1.000000
hsa04070,SYNJ1,1.000000
hsa04070,MTMR8,1.000000
hsa04070,PLCZ1,1.000000
hsa04070,PRKCG,1.000000
hsa04070,PIK3CB,1.000000
hsa04070,ITPR1,1.000000
hsa04070,ITPR3,1.000000
hsa04070,PI4KA,1.000000
hsa04662,KRAS,1.000000
hsa04662,JUN,1.000000
hsa04662,MAPK1,1.000000
hsa04662,NRAS,1.000000
hsa04662,CD22,1.000000
hsa04662,MAPK3,1.000000
hsa04662,PIK3CB,1.000000
hsa04662,SOS1,1.000000
hsa04662,AKT1,1.000000
hsa04662,HRAS,1.000000
hsa04662,CD19,1.000000
hsa04072,PTPN11,1.000000
hsa04072,PDGFRA,1.000000
hsa04072,PDGFRB,1.000000
hsa04072,KRAS,1.000000
hsa04072,SHC1,1.000000
hsa04072,AKT1,1.000000
hsa04072,KITLG,1.000000
hsa04072,KIT,1.000000
hsa04072,NRAS,1.000000
hsa04072,DNM2,1.000000
hsa04072,MAPK1,1.000000
hsa04072,PIK3CB,1.000000
hsa04072,SOS1,1.000000
hsa04072,PLA2G4C,1.000000
hsa04072,ADCY5,1.000000
hsa04072,PLA2G4D,1.000000
hsa04072,MTOR,1.000000
hsa04072,MAPK3,1.000000
hsa04072,EGFR,1.000000
hsa04072,ADCY3,1.000000
hsa04072,GRM8,1.000000
hsa04072,GRM3,1.000000
hsa04072,HRAS,1.000000
hsa04664,IL3,1.000000
hsa04664,MAPK3,1.000000
hsa04664,TNF,1.000000
hsa04664,NRAS,1.000000
hsa04664,MAPK8,1.000000
hsa04664,PLA2G4C,1.000000
hsa04664,MAPK1,1.000000
hsa04664,PIK3CB,1.000000
hsa04664,SOS1,1.000000
hsa04664,KRAS,1.000000
hsa04664,AKT1,1.000000
hsa04664,CSF2,1.000000
hsa04664,PLA2G4D,1.000000
hsa04664,HRAS,1.000000
hsa04666,PTPRC,1.000000
hsa04666,AKT1,1.000000
hsa04666,PRKCG,1.000000
hsa04666,DNM2,1.000000
hsa04666,MAPK3,1.000000
hsa04666,MAPK1,1.000000
hsa04666,PIK3CB,1.000000
hsa04666,DOCK2,1.000000
hsa04666,PLA2G4D,1.000000
hsa04666,CDC42,1.000000
hsa05110,ADCY3,1.000000
hsa05110,ATP6V1C1,1.000000
hsa05110,TJP1,1.000000
hsa05110,ATP6V1G3,1.000000
hsa04930,TNF,1.000000
hsa04930,CACNA1B,1.000000
hsa04930,MAPK8,1.000000
hsa04930,MAPK3,1.000000
hsa04930,MAPK1,1.000000
hsa04930,CACNA1E,1.000000
hsa04930,PIK3CB,1.000000
hsa04930,HK1,1.000000
hsa04930,MTOR,1.000000
hsa04930,CACNA1G,1.000000
hsa04931,G6PC,1.000000
hsa04931,PTPN11,1.000000
hsa04931,TNF,1.000000
hsa04931,TBC1D4,1.000000
hsa04931,RPS6KA6,1.000000
hsa04931,SLC27A6,1.000000
hsa04931,AKT1,1.000000
hsa04931,STAT3,1.000000
hsa04931,IL6,1.000000
hsa04931,PIK3CB,1.000000
hsa04931,MAPK8,1.000000
hsa04931,PPP1R3A,1.000000
hsa04931,MTOR,1.000000
hsa04931,PRKAA2,1.000000
hsa04932,JUN,1.000000
hsa04932,TNF,1.000000
hsa04932,CYCS,1.000000
hsa04932,CDC42,1.000000
hsa04932,AKT1,1.000000
hsa04932,PRKAA2,1.000000
hsa04932,IL6,1.000000
hsa04932,CASP3,1.000000
hsa04932,PIK3CB,1.000000
hsa04932,UQCR10,1.000000
hsa04932,CEBPA,1.000000
hsa04932,MAPK8,1.000000
hsa01040,BAAT,1.000000
hsa04913,BMP6,1.000000
hsa04913,SCARB1,1.000000
hsa04913,HSD17B1,1.000000
hsa04913,ADCY3,1.000000
hsa04913,PLA2G4C,1.000000
hsa04913,ADCY5,1.000000
hsa04913,PLA2G4D,1.000000
hsa04913,HSD3B1,1.000000
hsa00620,DLD,1.000000
hsa00071,CYP4A22,1.000000
hsa00071,HADH,1.000000
hsa04910,G6PC,1.000000
hsa04910,EIF4E,1.000000
hsa04910,KRAS,1.000000
hsa04910,CBL,1.000000
hsa04910,SHC1,1.000000
hsa04910,AKT1,1.000000
hsa04910,PRKAA2,1.000000
hsa04910,NRAS,1.000000
hsa04910,MAPK3,1.000000
hsa04910,MAPK1,1.000000
hsa04910,PIK3CB,1.000000
hsa04910,MAPK8,1.000000
hsa04910,SOS1,1.000000
hsa04910,PPP1R3A,1.000000
hsa04910,MTOR,1.000000
hsa04910,HK1,1.000000
hsa04910,HRAS,1.000000
hsa05162,JAK3,1.000000
hsa05162,AKT1,1.000000
hsa05162,STAT5A,1.000000
hsa05162,STAT5B,1.000000
hsa05162,STAT3,1.000000
hsa05162,IL6,1.000000
hsa05162,IFNG,1.000000
hsa05162,TP73,1.000000
hsa05162,PIK3CB,1.000000
hsa05162,TLR4,1.000000
hsa05162,IL2,1.000000
hsa05162,JAK2,1.000000
hsa05162,TP53,1.000000
hsa01200,IDH1,1.000000
hsa01200,IDH2,1.000000
hsa01200,DLD,1.000000
hsa01200,HK1,1.000000
hsa03015,MSI2,1.000000
hsa03015,SMG1,1.000000
hsa03015,CSTF2T,1.000000
hsa03015,UPF1,1.000000
hsa03015,ETF1,1.000000
hsa03015,PPP2R2B,1.000000
hsa03015,PABPC3,1.000000
hsa05231,JUN,1.000000
hsa05231,EGFR,1.000000
hsa05231,PDGFRA,1.000000
hsa05231,PDGFRB,1.000000
hsa05231,KRAS,1.000000
hsa05231,AKT1,1.000000
hsa05231,PRKCG,1.000000
hsa05231,NRAS,1.000000
hsa05231,PLA2G4C,1.000000
hsa05231,MAPK3,1.000000
hsa05231,MAPK1,1.000000
hsa05231,PIK3CB,1.000000
hsa05231,MAPK8,1.000000
hsa05231,SOS1,1.000000
hsa05231,PLA2G4D,1.000000
hsa05231,MTOR,1.000000
hsa05231,HRAS,1.000000
hsa04916,DCT,1.000000
hsa04916,KRAS,1.000000
hsa04916,EP300,1.000000
hsa04916,CREBBP,1.000000
hsa04916,KITLG,1.000000
hsa04916,PRKCG,1.000000
hsa04916,KIT,1.000000
hsa04916,NRAS,1.000000
hsa04916,MAPK3,1.000000
hsa04916,MAPK1,1.000000
hsa04916,HRAS,1.000000
hsa04916,GNAI2,1.000000
hsa04916,ADCY5,1.000000
hsa04916,ADCY3,1.000000
hsa04916,FZD1,1.000000
hsa00270,MAT1A,1.000000
hsa00270,DNMT3A,1.000000
hsa00270,DNMT3B,1.000000
hsa00270,DNMT1,1.000000
hsa00270,GCLM,1.000000
hsa00270,AGXT2,1.000000
hsa04260,CACNA2D4,1.000000
hsa04260,UQCR10,1.000000
hsa04260,ATP2A2,1.000000
hsa04260,CACNA2D3,1.000000
hsa04260,CACNA1S,1.000000
hsa04260,CACNG2,1.000000
hsa04260,ATP1B4,1.000000
hsa04260,MYH6,1.000000
hsa04261,ATP2A2,1.000000
hsa04261,ATP2B3,1.000000
hsa04261,ATP2B2,1.000000
hsa04261,MYH6,1.000000
hsa04261,CACNA1S,1.000000
hsa04261,CACNG2,1.000000
hsa04261,AKT1,1.000000
hsa04261,ATP1B4,1.000000
hsa04261,BCL2,1.000000
hsa04261,MAPK3,1.000000
hsa04261,MAPK1,1.000000
hsa04261,PIK3CB,1.000000
hsa04261,GNAI2,1.000000
hsa04261,ADCY5,1.000000
hsa04261,CACNA2D4,1.000000
hsa04261,CACNA2D3,1.000000
hsa04261,ADCY3,1.000000
hsa04261,PPP2R2B,1.000000
hsa03013,EIF4E,1.000000
hsa03013,GEMIN4,1.000000
hsa03013,SUMO2,1.000000
hsa03013,THOC5,1.000000
hsa03013,UPF1,1.000000
hsa03013,NUP98,1.000000
hsa03013,TRNT1,1.000000
hsa03013,POM121C,1.000000
hsa03013,NUP93,1.000000
hsa03013,PABPC3,1.000000
hsa03013,NUP214,1.000000
