2920,63055442930554429GA,1.000000 
2869,19449059494490594CT,0.002000 
2999,9133760430133760430CT,0.004000 
2973,33851967138519671CT,0.192000 
2805,22505081425050814GA,0.034000 
2833,3123071313123071313GA,0.920000 
2812,132505886725058867CT,0.350000 
2929,15101427864101427864CT,0.708000 
2988,142116174221161742GA,0.012000 
2853,4114254323114254323CA,0.997000 
2959,22123539821235398CT,0.001000 
2921,22123544621235446CT,0.005000 
2964,2399003729900372CT,0.950000 
2959,125035739950357399TC,1.000000 
2964,143256048832560488GA,0.957000 
2916,10104449677104449677GT,1.000000 
2964,2330218413021841GA,0.941000 
2963,167282113472821134CT,0.219000 
2804,12110765452110765452CT,0.908000 
2913,31038707210387072GA,0.997000 
2910,23152814259152814259GT,1.000000 
2943,8104068114104068114GT,1.000000 
2988,9104124840104124840GA,0.003000 
3009,8143625648143625648CT,0.848000 
2882,3165548476165548476G-,0.988000 
2905,123253052332530523GA,0.001000 
2971,65563891355638913GA,0.956000 
2904,678454567845456GA,0.860000 
2846,65640159956401599CT,0.984000 
2876,23135574280135574280CT,1.000000 
2916,31568642615686426GA,0.027000 
2851,2111419303111419303GA,0.008000 
2937,63190154331901543CT,0.972000 
2931,1967072036707203CT,0.998000 
2904,1207263773207263773CT,0.256000 
2869,9123732523123732523TG,0.935000 
2899,54098153840981540GAA-,0.668000 
2925,9141015927141015927GT,0.988000 
2814,9140943767140943767CT,1.000000 
2813,9141016357141016357GA,0.967000 
2878,1181727919181727919AG,1.000000 
2964,1181689358181689358CT,1.000000 
3001,1181754552181754552CG,0.971000 
2803,1201054627201054627GA,0.873000 
2990,167141950071419500CT,0.000000 
2872,191305108013051081-A,0.970000 
2964,23110507007110507007CT,1.000000 
3005,1959144485914448CG,0.945000 
2849,2202060580202060580CA,0.011000 
2850,213616459536164617CGCGGCGGCGAGCGCTCGCCGCC-,0.912000 
2959,213623178236231782CT,0.996000 
2805,213625293936252940-G,0.992000 
2949,213617162436171625AG-,0.880000 
2865,213623179236231792CT,1.000000 
2936,213617160736171607GA,0.996000 
2927,213625287636252876CA,1.000000 
2970,213625915336259153GA,1.000000 
2865,213625294036252940GA,1.000000 
2807,213625285636252861CTTCCA-,0.968000 
2983,213625291736252917CG,1.000000 
2912,213625287736252877CT,1.000000 
2978,213623178336231783GA,1.000000 
2927,213623178336231783GA,1.000000 
2890,213623178336231783GA,1.000000 
2805,213623178336231783GA,1.000000 
2933,213625287836252878TC,1.000000 
2899,213625287836252878TC,1.000000 
2821,213625299436252995-CC,1.000000 
3009,213625286936252870-GGCTA,0.992000 
2881,89300405493004054GT,0.995000 
2833,166707060867070608CT,0.992000 
2817,166711617167116172-A,0.996000 
2989,11119148880119148880AG,1.000000 
2968,47808704478087044C-,0.752000 
2994,12125302136125302136CT,0.077000 
2860,109760722797607227GA,0.936000 
2929,1965861446586144GA,0.978000 
2843,5149792285149792285GA,0.901000 
2929,5149784252149784252GA,0.292000 
2868,4151821353151821353TC,1.000000 
2984,12240506022405060CT,1.000000 
2988,206031882960318829CT,0.000000 
2857,166694581166945811CT,0.081000 
3000,193379314633793146CA,0.992000 
2845,193379239033792391-CGGGTTCTGCTT,0.894000 
3000,193379239033792391-CCA,0.908000 
2952,193379289533792896CC-,0.964000 
2940,193379239533792396-CCA,0.940000 
2979,193379239533792400TCCACG-,0.920000 
2845,193379319133793191CG,0.843000 
2955,193379318433793184G-,0.972000 
2808,193379236833792369-TCA,0.824000 
2839,193379229433792294G-,0.916000 
2845,193379319033793191GC-,0.968000 
2874,193379242333792423GA,1.000000 
3008,193379240833792409-CAA,0.844000 
2955,193379240433792405-GCT,0.868000 
2880,193379299133792992-C,0.921000 
2979,193379311933793120TG-,0.973000 
2863,193379236833792370GTC-,0.852000 
2900,193379246433792465-G,0.972000 
2940,193379325333793253G-,0.964000 
2864,2037668793766879CT,0.980000 
2846,1214819808214819808CG,0.163000 
2949,1267015836701583CT,1.000000 
2878,1266970646697064GA,1.000000 
2983,1203186123203186123CT,0.002000 
2886,7143029829143029829GA,0.990000 
3000,11189750811897508GC,0.175000 
2843,29901237399012373CT,0.027000 
2983,124838013648380136CA,1.000000 
2955,34860869848608698GA,0.249000 
2906,67098444470984444GA,0.924000 
2999,63315199533151995CT,0.927000 
2870,67590204875902048GA,0.999000 
2917,67582331875823318GA,0.924000 
2871,67586098975860989CA,1.000000 
2973,67085269970852699CT,0.001000 
2923,1207785328207785328GA,0.997000 
2808,13693343436933434GA,0.999000 
2966,58281669782816697CA,0.149000 
2868,157598205875982058TA,1.000000 
2808,28008526280085262CT,1.000000 
2986,142504396125043961GT,1.000000 
2905,233766566237665662GA,0.932000 
3012,238312870583128705CA,0.284000 
2817,109483568294835682GA,0.780000 
2820,53938302939383030AC-,0.996000 
2841,34956834549568345GA,0.001000 
3009,63328829733288297GA,1.000000 
2849,4183836708183836708GA,0.732000 
2980,139512116595121165CT,0.033000 
2917,239668472696684726CT,1.000000 
2924,148066939480669394CT,0.999000 
2813,7107556026107556026GA,1.000000 
2989,174806889948068899GT,0.601000 
2810,233185490531854905GA,0.081000 
2972,51389483413894834GT,0.000000 
2937,171155459911554599CT,0.014000 
2997,171157280511572805TG,1.000000 
2978,171164225711642257GA,0.090000 
2983,14102453065102453065CT,0.936000 
3009,191090923710909238-GCCATCGT,0.992000 
2833,191028799010287990TA,0.935000 
2968,22546327125463271GA,0.447000 
2891,22546330725463307CT,0.997000 
2867,22546905525469055TC,0.752000 
2928,22547051625470516GA,0.992000 
2861,22546703225467032GA,0.976000 
2968,22546902925469029CA,1.000000 
2818,22545987425459874CG,0.992000 
2938,22547053125470531T-,0.980000 
2824,22546328625463286CT,0.909000 
2934,22546328625463286CT,0.909000 
2869,22546891025468910GA,0.996000 
2993,22546351425463514A-,0.991000 
2966,22546710625467106C-,0.992000 
2867,22545868725458687TC,1.000000 
2988,22545716125457161AC,1.000000 
2830,22545724225457242CG,1.000000 
2934,22546457625464576CA,1.000000 
2912,22546330825463308GA,0.952000 
2802,22545724325457243GA,1.000000 
2816,22545724325457243GA,1.000000 
2908,22545724325457243GA,1.000000 
2916,22545724325457243GA,1.000000 
2931,22545724325457243GA,1.000000 
2974,22545724325457243GA,1.000000 
2981,22545724325457243GA,1.000000 
2967,22546816325468163CA,0.996000 
2919,22546818625468186CT,1.000000 
2811,22545724225457242CT,0.952000 
2809,22545724225457242CT,0.952000 
2825,22545724225457242CT,0.952000 
2833,22545724225457242CT,0.952000 
2853,22545724225457242CT,0.952000 
2859,22545724225457242CT,0.952000 
2863,22545724225457242CT,0.952000 
2864,22545724225457242CT,0.952000 
2873,22545724225457242CT,0.952000 
2884,22545724225457242CT,0.952000 
2895,22545724225457242CT,0.952000 
2896,22545724225457242CT,0.952000 
2925,22545724225457242CT,0.952000 
2945,22545724225457242CT,0.952000 
2947,22545724225457242CT,0.952000 
2949,22545724225457242CT,0.952000 
2955,22545724225457242CT,0.952000 
2965,22545724225457242CT,0.952000 
2969,22545724225457242CT,0.952000 
2987,22545724225457242CT,0.952000 
2839,22546813325468133GA,0.992000 
2928,22546206525462065TC,0.982000 
2898,22546203225462032CT,0.936000 
2887,22546352925463529GA,1.000000 
2851,22546703025467030C-,0.980000 
2882,203138638731386387CT,1.000000 
2912,10128840889128840889TA,0.932000 
2972,5169127134169127134AG,0.366000 
3002,11113283325113283325GA,0.979000 
2819,214164808741648087GA,0.998000 
2813,99527999895279998CT,1.000000 
2899,5172195817172195817TC,0.002000 
2993,139994738799947387GA,0.004000 
2810,34869911048699110TC,0.986000 
2878,75523890055238900CT,0.007000 
2863,75527309955273099CG,0.094000 
2845,11647525916475259GA,1.000000 
2969,19855779855779GT,0.012000 
2983,134150806641508066AG,1.000000 
2871,23129205024129205024CT,1.000000 
2943,38952857289528572GA,0.700000 
2963,12291552822915528GA,0.140000 
2906,3134873071134873071CT,0.996000 
2862,6133789862133789862CA,0.042000 
2963,5137853261137853261AC,1.000000 
2874,1157105311157105311CT,1.000000 
3012,121199222111992233ATCGATCTCCTCA-,0.980000 
2891,121203895912038959AG,1.000000 
2887,7148506443148506443CT,1.000000 
2817,7148504762148504763-ATGCA,0.932000 
2817,7148504763148504764-ATGCA,0.932000 
2891,99801144698011446TC,0.748000 
2968,176590798365907983TG,0.000000 
2952,4187584737187584737CG,0.983000 
2821,5150928964150928964CT,0.977000 
2878,154878946648789466CT,0.001000 
2875,1152277448152277448CT,0.173000 
2915,1152278709152278709TA,0.901000 
2959,132888086928880869AG,0.000000 
2970,132860825828608259-GGCGATATTCATATTCTCTGAAATCAACGTAGAAGTACTCATTATCTGAGGAGCCGG,0.908000 
2913,132860824028608241-AAACTCCCATTTGAGATCATATTCATATTCTCTGAAATCAACGTAGAAGTACTCATTATCTGAGGA,0.884000 
2869,132860825328608254-GATCATATTCATATTCTCCAAACTCTAAATTTTCTCTTGGAAACTCCCATTTGA,0.996000 
2836,132860826728608268-TTCTCTGAAATCAACGTAGAAGTACTCATTATC,0.948000 
2934,132860825728608258-CATATTCATATTCTCTGAAATCAACGTAGAAGTACTCATTATCTTAGGAGCCGGTCC,1.000000 
2814,132859264028592640AC,1.000000 
3006,132860826228608263-TCATATTCTCTGAAATCAACGTAGAAGTACTCA,0.936000 
2910,132859264228592642CG,1.000000 
2969,132859264228592642CG,1.000000 
2871,132860826228608263-TCATATTCTCTGAAATCAACGTAGAAGTACTCATTATCTGAGGAGCCGGTCACCTGTACCATC,0.928000 
2965,132860833828608339-TTCTCTGAAATCAACGTAGAAGTACTCATTATCTGAGGAGCCGGTCACCTGTACCATCTGTAGCTGGCTTTT,0.992000 
2986,132860826328608264-CATATTCTCTGAAATCAACGTAGAAGTACTCATTATCTGAGGAGCCGG,0.924000 
2877,132860824428608245-TCCCATTTGAGATCATAT,0.924000 
2853,132860826828608269-TCTCTGAAATCAACGTAG,0.886000 
2875,132860826128608262-TTCATATTCTCTGAAATCAACGTAGGCCAC,0.948000 
2922,132860827528608276-AATCAACGTAGAAGTACTCATTATCTTCCGGGG,0.894000 
2840,132860824828608249-ATTTGAGATCATATTCAT,0.900000 
2880,132860825128608252-TGAGATCATATTCATATTCTC,0.948000 
2870,132860825828608275CATATTCATATTCTCTGAGGGGTGGGGGGG,0.956000 
2942,132860825828608259-TATTCATATTCTCTGAAATCAACG,0.980000 
2879,132860825028608251-TTGAGATCATATTCATATTCTCTGAAATCAACG,0.904000 
2930,132860827328608274-GAAATCAACGTAGAAGTACTCATTATCTGAGGAGCCGGTACC,0.912000 
2915,132860826028608261-ATTCATATTCTCTGAAATCAACGTAGAAGTACTCATTATCTGAGGAGCCAG,0.912000 
2909,132860827128608272-ATTCTG,0.944000 
2993,132860827328608274-GAAATCAACGTAGAAGTACTCATTATCTGA,0.912000 
2830,132860824228608243-ACTCCCATTTGAGATCATATTCATATTCTCTGAAATCAACGTAGAAGTACTCATTACCCCCTCGGGGGG,0.916000 
2906,132860825528608256-ATCATATTCATATTCTCTGAA,0.916000 
2980,132860825528608256-ATCATATTCATATTCTCTGAA,0.916000 
2994,132860825528608256-ATCATATTCATATTCTCTGAA,0.916000 
2998,132860825528608256-ATCATATTCATATTCTCTGAA,0.916000 
3007,132860825528608256-ATCATATTCATATTCTCTGAA,0.916000 
2925,132860825528608256-ATCATATTCATATTCTCTGAAATCAACGTAGAAGTACTCATT,0.892000 
2811,132859264228592642CA,1.000000 
2816,132859264228592642CA,1.000000 
2818,132859264228592642CA,1.000000 
2851,132859264228592642CA,1.000000 
2900,132859264228592642CA,1.000000 
2924,132859264228592642CA,1.000000 
2926,132859264228592642CA,1.000000 
2947,132859264228592642CA,1.000000 
2957,132859264228592642CA,1.000000 
2963,132859264228592642CA,1.000000 
2974,132859264228592642CA,1.000000 
2918,132860825428608255-ATCATATTCATATTCTCTGAA,0.992000 
2981,132860831128608312-ATTCATATTCTCTGAAATCAACGTAGAAGTACTCATTATCTGAGGAGCCGGCCA,0.904000 
2812,132860825628608257-TCATATTCATATTCTCTGAAATCAACGTAGAAGTACTCATTATCTGAGGAG,0.912000 
2921,132860826228608263-CATATTCTCTGAAATCAACGTATC,0.992000 
2834,132859264028592640AT,1.000000 
2945,132859264028592640AT,1.000000 
2928,132859262928592629TC,0.924000 
2931,132860821928608220-AAACTCTAAATTTTCTCTTGGAAACTCCCATTTGAGATCATATTCATATTCTCTGAAATCAACGTAGAAGCCCTG,0.924000 
2976,132860825628608257-TCATATTCATATTCATATTCATAT,0.924000 
3001,23147891443147891443GA,0.995000 
2863,2216238072216238072CA,1.000000 
2907,2183731076183731076TC,0.133000 
3007,174106300141063001TG,0.069000 
2925,62958117829581178CA,1.000000 
2956,44697321446973214GA,1.000000 
2891,44740544947405449CT,0.998000 
2900,5161576185161576185GT,0.968000 
3009,68989169989891699CT,0.916000 
2821,1230415050230415050AC,0.979000 
3012,154264159642641596GA,0.932000 
2925,3128200151128200151GA,1.000000 
2955,3128202809128202809GT,1.000000 
2849,18952051289520512CA,1.000000 
2907,104842935748429357GA,0.031000 
2917,13525100935251009CT,0.944000 
2935,13525079235250792CG,0.004000 
2926,19436236894362368CT,0.042000 
2969,125785852457858524CA,0.985000 
2986,5151304094151304094GA,0.025000 
2881,1931502773150277CT,1.000000 
3009,35029369550293695GA,1.000000 
2805,117472281747228TG,0.998000 
2804,46861963968619639GA,1.000000 
2817,6110300868110300868GA,0.906000 
2921,146540652765406527GC,0.048000 
2914,75067404150674041GA,0.114000 
2822,108737975987379759TA,1.000000 
2950,108740708287407082GT,0.980000 
2900,6102069829102069829AG,1.000000 
2919,6102516280102516280GA,0.312000 
2813,13730751937307519GA,1.000000 
2858,11120833249120833249GA,1.000000 
2952,11120702587120702587CT,1.000000 
2950,194742310147423101CT,0.096000 
2925,78641597086415970GA,0.900000 
2908,78646836886468368GC,1.000000 
2974,7126173379126173379GA,0.994000 
3006,7126173251126173251GA,1.000000 
2995,1110280813110280813CA,1.000000 
3011,132800898128008981GA,0.999000 
2988,14262919042629190AG,0.002000 
2838,121479823914798239TA,0.990000 
2895,1779172397917239CT,1.000000 
2959,142510121225101212GA,0.016000 
2900,4108948853108948853GT,1.000000 
2966,23153230156153230156GA,0.999000 
2863,3121377178121377178AC,1.000000 
2861,6114274557114274557CT,1.000000 
2925,1196918613196918613CG,0.001000 
3001,61212252912122529TC,0.998000 
2830,6143093951143093951CT,0.001000 
2965,107115853371158533GA,0.010000 
2888,63132491731324917GC,0.293000 
2813,63254854432548544TG,1.000000 
2859,98659191986591920GA-,0.988000 
2814,1120054278120054278GA,0.159000 
2913,174070648840706488AG,0.001000 
2835,5132431896132431896TA,0.980000 
2819,12217867622178676CT,0.956000 
2999,7154862893154862893CG,1.000000 
2929,9117803360117803360GA,0.042000 
2805,9117798422117798422TC,0.792000 
3011,2209113113209113113GT,1.000000 
2821,2209113113209113113GA,1.000000 
2822,2209113113209113113GA,1.000000 
2863,2209113113209113113GA,1.000000 
2867,2209113113209113113GA,1.000000 
2887,2209113113209113113GA,1.000000 
2901,2209113113209113113GA,1.000000 
2919,2209113113209113113GA,1.000000 
2926,2209113113209113113GA,1.000000 
2928,2209113113209113113GA,1.000000 
2977,2209113113209113113GA,1.000000 
2984,2209113113209113113GA,1.000000 
2992,2209113113209113113GA,1.000000 
2990,2209113113209113113GC,1.000000 
2802,2209113112209113112CT,1.000000 
2884,2209113112209113112CT,1.000000 
2945,2209113112209113112CT,1.000000 
2949,2209113112209113112CT,1.000000 
2969,2209113112209113112CT,1.000000 
3002,159063193490631934CA,1.000000 
2821,159063183890631838CT,1.000000 
2864,159063183890631838CT,1.000000 
2898,159063183890631838CT,1.000000 
2805,159063193490631934CT,1.000000 
2807,159063193490631934CT,1.000000 
2810,159063193490631934CT,1.000000 
2826,159063193490631934CT,1.000000 
2850,159063193490631934CT,1.000000 
2866,159063193490631934CT,1.000000 
2874,159063193490631934CT,1.000000 
2877,159063193490631934CT,1.000000 
2891,159063193490631934CT,1.000000 
2907,159063193490631934CT,1.000000 
2934,159063193490631934CT,1.000000 
2936,159063193490631934CT,1.000000 
2948,159063193490631934CT,1.000000 
2959,159063193490631934CT,1.000000 
2966,159063193490631934CT,1.000000 
2973,159063193490631934CT,1.000000 
3005,116870431068704310CT,1.000000 
2905,2102793205102793205GA,0.003000 
2914,157446789174467891CT,0.085000 
2926,2187487079187487079TA,1.000000 
3002,163138299831382998CT,1.000000 
2829,348255464825546GA,0.010000 
2886,63363846733638467GA,0.002000 
2865,950737705073770GT,1.000000 
2886,191794910817949108CT,0.082000 
2916,113003306130033061GA,1.000000 
2920,113003393330033933CT,0.001000 
2899,7150644006150644006CT,0.069000 
2871,213908679239086792CT,1.000000 
2904,1154744661154744661AT,1.000000 
2976,8133182665133182665CT,0.972000 
2839,45598030055980300GA,0.966000 
2826,45595619455956194CT,1.000000 
2846,45558976655589766G-,0.982000 
2945,45559932155599321AT,1.000000 
2939,45559932155599321AT,1.000000 
2937,45559932155599321AT,1.000000 
2843,45559932155599321AT,1.000000 
2819,45558977155589771AC,0.002000 
2843,45556470255564702CT,1.000000 
2846,45558977055589771-AGGTGGG,0.972000 
2881,45559932055599320GT,1.000000 
2888,45558977155589772-CTTCTT,0.614000 
2864,122538028225380282GT,1.000000 
2826,122538027525380275TA,0.901000 
2861,122539828425398284CA,1.000000 
2966,122537856225378562CT,0.988000 
2865,122539828425398284CT,1.000000 
2929,122539828425398284CT,1.000000 
2987,122539828125398281CT,1.000000 
2917,122539821125398211TC,1.000000 
2859,173965895239658952GA,1.000000 
2912,173968021839680218GC,1.000000 
2887,6129704366129704366CT,0.838000 
2808,182139442721394427TC,0.989000 
2990,206090043460900434CT,0.003000 
2900,116811541768115417CT,0.980000 
2984,129642131396421313AG,0.700000 
2917,116532042765320427CT,0.050000 
2863,133744696937446969GA,0.110000 
3006,57149195871491958TC,0.042000 
2875,2210558182210558182GA,0.768000 
2983,2210559334210559334GA,1.000000 
2891,117531687875316878TA,0.965000 
2930,108203999082039990CT,0.038000 
2991,146554474765544747CT,1.000000 
2927,167551315975513159CG,1.000000 
2906,174283724242837242CT,1.000000 
2854,174285539942855399CA,0.128000 
3005,64162121641621216CA,0.988000 
2952,126923051769230517AC,0.999000 
2861,1632945873294587CT,0.046000 
2874,1632994623299462CT,0.036000 
2897,6168352305168352305GA,0.999000 
2860,1158815449158815449GA,0.000000 
2898,157518511975185121GAG-,0.936000 
2996,14381840543818405CG,0.969000 
2885,119419264594192645GC,0.936000 
2927,34993633749936337CT,0.990000 
2954,1110287051028705AG,0.982000 
2916,6135510959135510959TC,1.000000 
2827,8128750684128750684CT,1.000000 
2876,128111090381110903AG,0.145000 
2955,142387485423874854GC,0.984000 
2875,3123427647123427647GT,0.999000 
2813,184751870147518701TC,0.112000 
2865,1171605485171605485GT,0.996000 
2871,2152419193152419193GT,0.918000 
2920,172956274729562747GA,1.000000 
3009,172956298129562981CT,0.996000 
3009,8145668658145668658GA,0.380000 
3011,237051169770511697CA,1.000000 
2905,12117669802117669802CT,0.045000 
2850,9139395132139395132CT,1.000000 
2900,1120464979120464979AT,1.000000 
2806,182111560321115603CT,0.055000 
2993,5170837547170837548-CATG,0.918000 
2988,5170837547170837548-CATG,0.918000 
2976,5170837547170837548-CATG,0.918000 
2869,5170837544170837545-CTGC,0.898000 
2924,5170837546170837547-TGTA,0.948000 
2915,5170834720170834720AG,0.876000 
2859,5170837545170837546-CTGC,0.892000 
2986,5170837547170837548-CCTG,0.886000 
2963,5170837547170837548-CCTG,0.886000 
2973,5170837543170837544-TCTG,0.910000 
2969,5170837543170837544-TCTG,0.910000 
2932,5170837543170837544-TCTG,0.910000 
2931,5170837543170837544-TCTG,0.910000 
2925,5170837543170837544-TCTG,0.910000 
2919,5170837543170837544-TCTG,0.910000 
2903,5170837543170837544-TCTG,0.910000 
2895,5170837543170837544-TCTG,0.910000 
2884,5170837543170837544-TCTG,0.910000 
2877,5170837543170837544-TCTG,0.910000 
2871,5170837543170837544-TCTG,0.910000 
2861,5170837543170837544-TCTG,0.910000 
2853,5170837543170837544-TCTG,0.910000 
2837,5170837543170837544-TCTG,0.910000 
2836,5170837543170837544-TCTG,0.910000 
2826,5170837543170837544-TCTG,0.910000 
2818,5170837543170837544-TCTG,0.910000 
2816,5170837543170837544-TCTG,0.910000 
2810,5170837543170837544-TCTG,0.910000 
2809,5170837543170837544-TCTG,0.910000 
2848,5170837547170837548-CAAG,0.944000 
2839,5170837543170837544-TATG,0.910000 
2802,5170834736170834737-GAGGAGG,0.916000 
2989,5170837547170837548-TCAG,0.928000 
2802,5170834737170834738-T,0.976000 
3011,5170837547170837548-TCTG,0.886000 
2992,5170837547170837548-TCTG,0.886000 
2990,5170837547170837548-TCTG,0.886000 
2987,5170837547170837548-TCTG,0.886000 
2984,5170837547170837548-TCTG,0.886000 
2981,5170837547170837548-TCTG,0.886000 
2974,5170837547170837548-TCTG,0.886000 
2972,5170837547170837548-TCTG,0.886000 
2967,5170837547170837548-TCTG,0.886000 
2965,5170837547170837548-TCTG,0.886000 
2947,5170837547170837548-TCTG,0.886000 
2945,5170837547170837548-TCTG,0.886000 
2913,5170837547170837548-TCTG,0.886000 
2896,5170837547170837548-TCTG,0.886000 
2879,5170837547170837548-TCTG,0.886000 
2835,5170837547170837548-TCTG,0.886000 
2825,5170837547170837548-TCTG,0.886000 
2824,5170837547170837548-TCTG,0.886000 
2811,5170837547170837548-TCTG,0.886000 
2812,5170837545170837546-TGCA,0.910000 
2900,5170837547170837548-CGCG,0.930000 
2959,10115357815115357815GT,0.999000 
2923,1115256529115256529TC,0.900000 
2968,1115256528115256528TA,0.901000 
2838,1115256528115256528TA,0.901000 
2985,1115258748115258748CA,0.944000 
2967,1115258744115258744CT,0.996000 
2932,1115258744115258744CT,0.996000 
2839,1115258744115258744CT,0.996000 
2808,1115258744115258744CT,0.996000 
2816,1115258744115258744CT,0.996000 
2978,1115256529115256529TG,1.000000 
2870,1115256530115256530GT,0.924000 
2892,1115256530115256530GT,0.924000 
2984,1115258747115258747CT,1.000000 
2952,1115258747115258747CT,1.000000 
2887,1115258747115258747CT,1.000000 
2931,7107831727107831727GA,0.901000 
2936,7129348924129348924CT,1.000000 
2821,158847247188472471AG,1.000000 
3006,1162725552162725552GA,0.000000 
2999,1162731018162731018GA,0.908000 
3009,117172445071724451-CCCC,0.984000 
2806,6154411016154411016GT,1.000000 
2920,1731815023181502CT,0.948000 
2846,3170140969170140969GA,1.000000 
2982,1111957502111957525TCACAGACTGATGACTCACAGGGG-,0.662000 
2867,142323655623236556TG,0.002000 
2807,117294627972946279TC,0.185000 
3002,117294559672945596GT,1.000000 
2998,125650100256501002GA,0.361000 
2959,132567065225670652CG,1.000000 
2869,2223086090223086090CT,1.000000 
2900,5141244061141244061AG,1.000000 
2917,1186415594186415594CA,0.076000 
2987,45515656755156567GC,0.992000 
2819,5149504392149504392GA,1.000000 
2989,79521709895217098GA,0.001000 
2803,26125893761258937G-,0.984000 
2861,68388168383881683AT,0.990000 
2938,3138474789138474789CT,0.030000 
2886,222110728121107281CA,0.124000 
2882,65161969051619690CT,0.800000 
2877,214444893644448936GC,0.998000 
2894,8144990833144990833GA,1.000000 
2860,11202481012024810GA,1.000000 
2905,4155458482155458482CT,0.995000 
2807,1910909361090936CA,0.984000 
2803,63113300431133004GT,0.800000 
2827,5122361517122361517CT,1.000000 
2923,1649350494935049GA,0.990000 
2875,7113518991113518991TC,1.000000 
2812,7113519787113519787GT,0.011000 
2864,5145969731145969731GA,0.036000 
2978,15716172357161723CT,0.992000 
2941,6123039093123039093CT,1.000000 
2938,195440797054407970CT,1.000000 
2971,222215339522153395CT,1.000000 
2992,195148090851480908GA,0.968000 
2811,99822052598220525CT,0.981000 
2972,12112926884112926884TC,0.952000 
2871,12112926909112926909AT,1.000000 
2839,12112939981112939981AC,0.206000 
2802,12112888165112888165GA,0.996000 
2914,12112888199112888199CT,1.000000 
2884,12112888195112888195TC,1.000000 
2885,12112888163112888163GT,1.000000 
2855,12112926852112926852CT,0.220000 
2963,12112926910112926910GC,1.000000 
2878,1214542946214542946GA,0.998000 
2987,10129854424129854424TA,0.310000 
2906,36173459361734593CG,0.964000 
3006,2220166388220166388GA,1.000000 
2986,8117869560117869560CA,0.992000 
2886,8117864298117864298C-,0.932000 
2967,8117868492117868493-G,0.992000 
2818,8117875497117875498-C,0.988000 
2886,126904253969042539GA,1.000000 
2871,49926437399264373GA,0.884000 
2926,13313807233138072GA,0.944000 
2919,13313807233138072GA,0.944000 
2814,191896381518963815TA,1.000000 
2963,43930823839308238TC,1.000000 
2925,133440408334404083AC,0.912000 
2885,932710103271010CT,0.960000 
2868,12107075813107075813GA,1.000000 
2878,1155874261155874261CT,0.998000 
3002,85553765555537655GA,0.001000 
2829,156679424466794244CT,0.055000 
2864,12112846412112846412CT,0.001000 
2992,43945925939459259TC,0.000000 
2803,31288099412880994CA,0.128000 
2955,4152024038152024038CT,0.944000 
2860,193898717538987175GA,1.000000 
2803,153404851534048515GA,0.010000 
2901,153412324634123246TA,1.000000 
2914,186130509861305098GA,1.000000 
2857,2166903315166903315TC,0.004000 
2917,2166901716166901716CT,0.800000 
2912,2166003485166003485CG,0.998000 
2900,2120204459120204459CT,1.000000 
2949,173261464132614641CT,1.000000 
2955,173430840434308404GA,0.007000 
2923,2228680272228680272TA,0.999000 
2891,93471005934710059GA,0.149000 
3005,12109017680109017680TG,0.232000 
2850,177473293674732959GGCGGCTGTGGTGTGAGTCCGGGG-,0.932000 
2972,204208852142088521TA,1.000000 
2844,3185643365185643365GC,0.001000 
2926,1154942910154942911-G,0.952000 
3001,3164730805164730805GT,0.836000 
2939,3164733754164733754AG,1.000000 
2839,945760504576050GA,1.000000 
2864,14446862344468623TA,0.385000 
3007,154853917548539175GA,1.000000 
2812,165692695156926951CT,1.000000 
2853,7122755703122755703CA,1.000000 
2993,139937839299378392CT,0.988000 
2844,82003846820038468CT,0.002000 
2820,10119003781119003781GA,0.038000 
2863,204388178643881786CT,0.000000 
2842,920819042081904CT,1.000000 
2927,177317087173170872-TA,0.920000 
2966,2036845413684541CT,0.023000 
3005,213492460734924607AG,0.948000 
2990,23924991439249914CT,0.998000 
2994,122368940623689406GA,0.998000 
2843,7123599598123599598GA,0.901000 
2832,224227402642274026GA,0.024000 
2817,202301662823016628GA,0.943000 
2829,211574596915745969TC,1.000000 
2874,195774403757744037CT,1.000000 
2914,23710514337105145AGA-,0.916000 
2983,23714324437143244AT,0.022000 
3006,2108917366108917366CT,0.808000 
2989,193994965339949653GC,0.932000 
2843,127961135479611354GA,0.001000 
2802,1119469161119469161TA,0.999000 
2927,185289611952896120-G,0.964000 
2878,1151157997151157997CG,0.928000 
2963,6170143231170143231CT,1.000000 
2976,92721357227213572GA,1.000000 
2854,106015479160154791GA,0.911000 
2839,5135396553135396553CT,0.999000 
2830,32416912224169122GA,1.000000 
2908,153000083330000833AG,1.000000 
2843,9120475317120475320TTAA-,0.988000 
2915,6108501563108501563GT,0.975000 
2878,6108499328108499328GA,0.003000 
2812,204445316744453167GT,1.000000 
2904,1775740187574018GA,1.000000 
2878,1775782067578206TC,1.000000 
2943,1775771217577121GA,1.000000 
2860,1775795697579570-CCATCCAG,0.925000 
2938,1775783947578394TC,1.000000 
2908,1775785077578507GC,1.000000 
2885,1775782727578272GA,1.000000 
2941,1775782657578265AC,1.000000 
2908,1775768977576897GA,0.968000 
2829,1775771007577100TC,1.000000 
2952,1775770817577081TC,1.000000 
2820,1775781817578182-GCGGCTC,0.988000 
2878,1775784147578414A-,0.956000 
2935,1775775387577538CT,1.000000 
2813,1775784037578403CT,1.000000 
2938,1775740037574003G-,0.984000 
3002,136387393638739CT,0.832000 
2929,111804446618044466CA,1.000000 
2959,214574691457469CA,0.072000 
2849,51428702414287024GA,1.000000 
2930,235495661154956611GA,0.176000 
3006,3142503880142503880TC,0.265000 
2955,174013388740133887CT,0.002000 
2925,2179516225179516225CT,1.000000 
2907,2179647547179647547TC,1.000000 
3009,2179472757179472758-GAC,0.924000 
2872,2179606055179606055CT,0.011000 
2993,2179476545179476545CT,1.000000 
2927,2179484779179484779AC,1.000000 
2938,131975144419751444GT,1.000000 
2820,131975158419751584GA,1.000000 
2972,1151546791151546791GA,0.820000 
2807,154185488941854889CT,0.007000 
2996,214452445644524456GA,1.000000 
2968,214452445644524456GA,1.000000 
2912,214452445644524456GA,1.000000 
2847,214452445644524456GA,1.000000 
2843,214452445644524456GA,1.000000 
2882,214452445644524456GT,1.000000 
2861,214452445644524456GT,1.000000 
2821,214451477744514777TG,1.000000 
2919,33345027633450276GT,0.998000 
2867,234492300044923000CT,0.995000 
2806,234491851444918514CA,0.992000 
2991,1101196837101196837GA,0.998000 
3002,6159188046159188046TC,1.000000 
2965,34255525342555253GA,0.000000 
2949,926529452652945CG,1.000000 
2861,2175432735175432735GC,1.000000 
2971,1196100369610036GA,0.896000 
2822,83100493331004933GA,0.068000 
2976,113241790932417910-GACCG,0.992000 
3009,113241790932417910-GACCG,0.992000 
2930,113241794532417946-C,0.996000 
2919,113241355732413557GA,0.999000 
2930,113241794132417942-A,0.984000 
2874,113241356632413566GA,1.000000 
2846,113241790932417910-A,0.996000 
2839,113241790832417909-CCGA,0.980000 
2989,113241784632417847AT-,0.996000 
2844,113241791032417911-ACCGTACA,0.996000 
2905,113241792232417923-TCGGGGCTAC,1.000000 
2995,103840644638406446AG,0.332000 
2972,192199171221991712CT,0.253000 
2964,23134428053134428053TC,0.065000 
2928,192295209022952090CT,0.073000 
2959,201829712818297128TG,0.134000 
2996,1631884593188459GA,0.001000 
2935,194493353544933535GC,1.000000 
2907,187458074474580744CG,0.287000 
2805,27374692773746927CT,0.001000 
2803,124957898049578980CT,1.000000 
3009,397867319786731TC,0.096000 
2949,5100222185100222185TC,0.001000 
2861,7144062359144062359GA,0.000000 
2861,81548063715480637CT,0.993000 
2965,11562159562159GT,0.759000 
2939,124942536749425367AT,1.000000 
2872,149618035496180354CT,0.026000 
3005,191856147618561476CT,0.001000 
2949,204626433846264338A-,0.920000 
2877,234710480347104803TA,0.040000 
2934,234102739041027391-CG,1.000000 
2963,235342661753426617AT,0.002000 
2824,235342662653426626CT,1.000000 
2858,235340923253409232TC,1.000000 
2822,235343607853436078GC,1.000000 
2900,235342353753423537CA,0.988000 
2844,235344194153441941CT,1.000000 
2811,235343257953432579CT,1.000000 
2908,12710169127101691GA,0.996000 
2882,27190966271909662GA,1.000000 
3009,79089574590895745GA,1.000000 
2927,62619739626197396TA,1.000000 
2997,2225449691225449691CA,0.901000 
2838,7148454181148454181AG,1.000000 
2938,7148457522148457522GT,0.810000 
2829,115725265457252654TC,0.003000 
2987,57393089873930898CG,0.158000 
2882,222996642629966426TC,0.924000 
2885,1145541826145541826CT,0.916000 
2887,191600032416000324CT,0.010000 
2805,1169345861169345861GA,0.164000 
2914,222993947029939470AC,1.000000 
2927,11963254019632540CG,0.800000 
2827,194860793048607930CG,0.999000 
2924,55472175654721756AC,1.000000 
2926,5172744925172744926-C,0.884000 
2943,36257831362578313CT,0.928000 
2810,36251862762518627CT,0.980000 
2870,74011765940117659A-,0.996000 
3009,2169780250169780250GA,1.000000 
2963,174097038040970380TC,0.296000 
2886,72178467321784673GT,0.078000 
2887,174876097448760974CT,0.999000 
2910,168410136084101360CT,0.901000 
3009,118596859185968591TA,1.000000 
2876,118596144785961447CA,0.996000 
2905,194799533447995334CT,0.956000 
2988,137821686378216863TC,1.000000 
2872,1247058614705861CT,1.000000 
2979,7138266451138266451CT,1.000000 
2820,2102855691102855691CT,0.000000 
2819,5141009284141009284TC,1.000000 
2828,194037694640376946GA,0.115000 
2874,194038411940384119CG,0.936000 
2923,194038403640384036CT,0.132000 
2941,213406750734067507TC,0.350000 
2986,166685716966857169CT,0.948000 
2888,88755703487557034AG,0.001000 
2827,223039893430398934GC,0.872000 
3009,142403330924033309CT,0.999000 
2966,191633726116337261CG,1.000000 
2830,2327938842793884GA,0.388000 
3006,174866794948667949TC,1.000000 
2935,152838925328389253GT,1.000000 
2998,156396655863966558CT,0.379000 
2885,34968959849689598CT,0.001000 
2891,34970190749701907AG,0.923000 
3012,222232472422324724CT,1.000000 
2966,222232885222328852AG,0.884000 
2827,1151337703151337703CT,0.003000 
2974,10102054727102054727CT,0.183000 
2997,82177001521770015GA,1.000000 
2899,142324283823242838CT,0.000000 
2895,68545400985454009GA,1.000000 
2807,1750648245064824GA,1.000000 
2859,168477924384779243C-,0.992000 
2853,10112356174112356174GC,0.977000 
2908,10112361832112361832AG,0.025000 
2839,10112362987112362987CT,1.000000 
2851,10112342356112342356AT,0.988000 
2912,10112343991112343991GA,1.000000 
2993,10112356176112356176GT,1.000000 
2844,1150310718150310718TC,0.924000 
2920,194241013342410133GA,0.536000 
2978,128619919686199196GT,0.002000 
2854,10124921780124921780GT,1.000000 
3002,133642869536428695GA,0.928000 
2807,133644542636445426CT,0.880000 
2849,2238617188238617188CT,0.999000 
2906,1781101668110166GA,0.901000 
2922,116236412562364125TC,0.979000 
2863,116236414362364143TC,0.990000 
2989,36541649365416493CT,0.924000 
2939,1631192973119298-G,0.236000 
2822,61087738810877388GA,1.000000 
2976,234053114840531148TC,0.000000 
2950,154944774849447748AC,0.253000 
2949,147917574079175740AG,0.002000 
2938,148027152280271522AG,0.924000 
2806,25075839550758395CT,0.374000 
2849,122717937827179378TC,0.944000 
2888,124923940549239405CT,0.852000 
2950,23135772783135772783C-,0.988000 
2809,195086227650862276CT,0.995000 
2926,146493541664935416GA,0.107000 
2894,212821474728214747GA,1.000000 
2814,7102939894102939894GT,1.000000 
2833,3121097619121097619CT,0.932000 
2853,147801848778018487TC,0.344000 
2955,192428885624288856CG,1.000000 
2807,6151673742151673742GA,0.003000 
2997,224676566246765662GT,0.998000 
2956,5121786808121786808GA,0.981000 
2857,111224781312247813CG,0.948000 
2977,124183502418350CT,0.031000 
2846,12108600074108600074AG,0.003000 
2877,164858009748580097GA,0.993000 
2959,165683242156832421CA,0.336000 
2858,4160243597160243597GT,1.000000 
2878,11727533717275337CT,0.923000 
2806,11727538217275382GA,0.220000 
2833,11725090017250900GA,0.372000 
3012,194787616047876160GA,0.002000 
2913,163109026931090269CT,0.021000 
2828,154930151249301512CT,0.960000 
2839,35146681351466813TC,0.000000 
2811,7111381644111381644GT,0.000000 
2826,26144753861447538GA,0.996000 
2817,7143573124143573124AG,1.000000 
2970,6136597378136597378GA,0.001000 
2846,203074788530747885GA,1.000000 
3002,125163617251636172AG,0.984000 
2838,1156954161156954161GA,1.000000 
2984,1243362463243362464-ATA,0.892000 
3005,137593030975930309CT,0.385000 
2946,225027776150277761GC,1.000000 
2914,19977236999772369GA,0.964000 
2939,176507447665074476CA,1.000000 
2871,13676716036767160CT,0.972000 
2849,13676223636762236GA,0.334000 
2917,237034721770347217CT,1.000000 
2822,237035616870356168GA,0.992000 
2898,213760013537600135CA,1.000000 
2910,117416852674168526TC,0.001000 
2935,23119387298119387298AC,1.000000 
2959,23119387500119387500TA,0.999000 
2927,12111885536111885536TA,1.000000 
2877,124972296649722966GA,0.006000 
2992,142081876920818769AT,0.973000 
2808,1115596001115596001GA,0.179000 
2978,234045684540456845CT,0.932000 
2907,64619088146190881GC,1.000000 
2817,159041471790414717TC,1.000000 
2804,195478283754782837CT,0.045000 
2870,2220343888220343888CT,0.972000 
2950,214103319241033192GA,0.166000 
2906,75044445950444459AG,0.997000 
2988,176717091767170917TC,0.036000 
2865,223709845337098453CT,0.164000 
2983,78363671283636712CG,1.000000 
2928,78359254383592543CT,0.000000 
2830,231834305018343050CA,1.000000 
2938,81295266612952666GA,1.000000 
2914,81335742113357421GA,0.822000 
2820,1194551509455150GA,0.038000 
2915,116533907365339075CCT-,0.868000 
2884,17912502879125028AT,0.349000 
2927,10123970284123970284CT,0.979000 
3001,1715619471561947CT,0.932000 
2904,1715803921580392CG,0.989000 
2819,133815662838156628GA,0.999000 
2912,8136554945136554945CT,1.000000 
3009,166766046967660469CT,0.992000 
2858,44766706847667068CT,0.068000 
2972,23123197716123197716CT,0.976000 
2964,23123205041123205041CT,1.000000 
2978,23123220476123220476CT,0.976000 
2914,1749057924905792CT,0.984000 
2988,62585033025850330GA,0.886000 
2943,195780301357803013AT,0.325000 
2891,156545644765456447TC,0.996000 
2982,77682595576825955CA,0.952000 
2920,9111625878111625878GC,1.000000 
2910,12106633326106633326GA,0.800000 
2807,12120572142120572142GA,1.000000 
2849,75002298550022985CG,1.000000 
2989,194178708341787083CT,1.000000 
2833,204071055340710553CT,1.000000 
2885,204074708440747084CT,0.936000 
2993,204073084040730840GA,1.000000 
2807,2101643864101643864TG,0.051000 
2868,82011086820110868GC,0.920000 
2997,158626234586262351AAGATCA-,0.992000 
2818,111831445818314458GA,0.936000 
2881,4166235192166235192AT,0.940000 
2986,73937931539379315CT,0.924000 
2851,195617390556173906-G,0.980000 
2867,145252043452520434GA,0.100000 
2882,6155154044155154044GT,0.800000 
2872,6155153900155153900CA,0.997000 
2832,147724436077244360CT,1.000000 
2984,102731785327317853CG,0.668000 
2871,145585258655852586GA,0.666000 
2865,137334599773345997CT,0.000000 
2997,137334633873346338CT,1.000000 
2927,137333771773337717TC,1.000000 
2835,121054139710541397GA,1.000000 
2914,10106802834106802834GC,1.000000 
2911,3108216937108216937CT,1.000000 
2877,11133814258133814258CT,1.000000 
2959,67296795972967959CT,0.999000 
2972,67280685472806854CT,1.000000 
2849,11626023816260238GA,0.984000 
2900,11620308916203089CG,0.900000 
2868,11625468416254684AC,0.966000 
2849,29696897496968974AG,1.000000 
2993,161512279115122791GA,0.062000 
2959,133333867033338670AG,0.099000 
2874,161885294018852940AG,0.983000 
2882,161884995018849950CT,1.000000 
2966,161885297918852979AT,0.983000 
3009,1183221856183221856CT,0.999000 
2858,108827774688277746TG,1.000000 
2862,74354767943547679GA,0.994000 
2925,74360145843601458CT,1.000000 
2991,137773027077730270GA,1.000000 
2891,64316644943166449GA,0.020000 
2869,5160025800160025800AG,0.998000 
2895,5160113140160113140TC,0.010000 
2886,3129303234129303235-G,0.966000 
2874,174247569042475690GA,0.024000 
2892,1854159275415928-A,0.976000 
2844,97292027272920272AT,0.008000 
2910,194279151842791518GA,1.000000 
2819,1183895310183895310CT,0.999000 
2972,10871204871204GA,0.007000 
2854,25411590954115909AC,0.968000 
2844,25412866354128663CA,0.967000 
2814,3182583253182583253GA,1.000000 
2851,87053621270536212CT,1.000000 
3009,8143694874143694874CG,1.000000 
2924,186049742960497429GC,1.000000 
2900,1892566669256666AG,0.994000 
2881,1888069468806946GA,0.040000 
2964,177218157721815GA,0.178000 
2950,154204664142046642TG-,0.980000 
2838,34738520147385201TC,0.000000 
2805,132960051329600513GA,0.038000 
2968,132985591929855919GA,0.969000 
2904,105345869653458696GT,0.896000 
2822,1760238116023811GA,1.000000 
2931,6152738068152738068CT,0.309000 
2844,191946522219465222CT,0.179000 
2890,204950910549509105TG,0.892000 
2959,1197390405197390405GA,0.089000 
2972,23119505057119505057TC,1.000000 
2929,2198266834198266834TC,1.000000 
2922,125465131354651313CT,0.980000 
2920,223953469039534691-GCTC,0.988000 
2920,223953468939534690-GCTC,0.996000 
3009,63986923439869234CT,0.904000 
2972,64279768742797687GA,0.996000 
2996,64283249242832492AG,0.024000 
2949,173031002130310022CT-,0.968000 
3009,173029319830293198GA,0.952000 
2820,173026733830267338GA,1.000000 
2972,213771116537711165TC,0.985000 
2822,2136409334136409334GA,0.973000 
2849,107673589576735895CG,0.001000 
3012,1628126992812700-TC,0.996000 
2849,223633490536334905CT,0.952000 
2819,7123509086123509086CG,0.080000 
2810,213783360937833609CT,1.000000 
2929,21180017811800178GA,0.058000 
2938,166791244367912443CT,0.898000 
2945,116502983265029836AATTG-,0.984000 
2830,2235950773235950773GA,0.998000 
2887,23748034237480342TC,0.884000 
2807,223126655731266557GC,1.000000 
2986,148608941186089411AT,0.000000 
2877,116388418463884184CT,0.896000 
2863,191865259318652593GA,0.000000 
2939,113357272133572721CA,0.920000 
2803,1201915305201915305GA,1.000000 
2934,128637373586373735GT,0.999000 
2888,116610879166108791GA,0.988000 
2889,2332418453241845AC,0.179000 
2912,35217230452172304CT,1.000000 
2807,83769776337697763CT,0.999000 
2904,2242004814242004814TA,0.928000 
3001,2201337597201337597GT,0.800000 
2889,10117486792117486792GA,1.000000 
2917,184253190742531907GA,1.000000 
2899,184253191342531913GA,1.000000 
2843,5138209820138209820GC,0.128000 
2806,2233681679233681680-CGGTAGGACGGGTC,0.922000 
2886,2233681680233681681-GGCT,0.968000 
2807,202007944620079446CT,0.966000 
2890,108599175085991750CT,1.000000 
2989,203368057133680571GA,1.000000 
2877,132392887123928871GA,0.992000 
2921,12044064220440642GA,0.800000 
2922,45488024354880243CT,0.295000 
3009,116906383669063836CA,0.000000 
3002,9125273138125273138CT,0.001000 
2877,78979015889790158GA,0.006000 
2858,93451441634514416TC,0.936000 
2898,3130714936130714936GA,0.820000 
2910,5132228777132228777TG,0.988000 
2931,11634213016342130CT,1.000000 
2995,146344784763447847CT,0.998000 
2808,67602288376022883GA,0.972000 
2996,2219563599219563599AG,0.990000 
2839,314152991415299CA,1.000000 
2875,47059988670599886CT,0.088000 
2831,109996912099969120GA,0.035000 
2821,109996869599968695GA,0.006000 
2925,26909280669092806AT,0.087000 
3002,23135961574135961574CA,1.000000 
2872,239113308991133089CT,0.011000 
2912,238332002383320023GA,0.013000 
2912,27165422371654223GA,0.904000 
2943,224200007242000072GT,0.940000 
2807,78253831782538317CT,1.000000 
2863,159267162092671620CG,1.000000 
2925,5128351606128351606GA,0.811000 
2877,3126071369126071369CT,0.021000 
2932,34716515247165153-C,0.984000 
2972,53140939231409392TA,0.059000 
2907,223016340130163401CA,0.168000 
2882,16387688763876887GA,0.997000 
2922,5140433195140433195GA,0.000000 
2921,194822944048229440CT,1.000000 
2974,6155774556155774556CT,0.921000 
2870,191011227410112274CT,0.001000 
2846,17649463649463AT,1.000000 
2895,1160209996160209996AG,0.881000 
2805,11125871701125871701CT,0.079000 
2984,3100962674100962674CT,0.010000 
3009,195116540451165404CT,1.000000 
2910,1154987446154987446GA,0.910000 
2938,11117063898117063898AG,0.968000 
2817,331897793189779AG,0.896000 
2830,12954313029543130TC,0.130000 
2806,109579119195791191GT,0.001000 
2959,109579151695791516TC,0.012000 
2966,109599394195993941CA,0.000000 
2843,109593119495931194CA,0.174000 
2865,3137742541137742541GT,0.994000 
2805,184456107744561077CT,0.045000 
2868,1272494657249465CT,0.043000 
2938,1983699628369962CG,1.000000 
2906,19373949373949CG,0.011000 
3009,102882467028824671-AGGGC,0.964000 
2863,35038081450380814AC,1.000000 
2995,5176939370176939370CT,1.000000 
2828,82751694027516940GA,0.055000 
2979,125061595250615953-T,1.000000 
2932,5145543937145543937GC,1.000000 
2832,7129666032129666032CT,0.999000 
2863,161988334419883344GA,0.924000 
2824,65705870257058702TC,0.189000 
2897,1619913141991314TC,0.015000 
2922,1235345466235345466TA,0.998000 
2806,9132590500132590500GC,0.022000 
2822,161923608519236085GC,1.000000 
2908,5137727800137727800C-,0.992000 
2849,5137729043137729043GA,0.999000 
2885,2141526782141526782CT,0.956000 
2924,168129329281293292TG,1.000000 
2876,102630578526305785GA,0.980000 
2997,119994498799944987CT,0.951000 
2812,11100211915100211915AC,0.997000 
2935,201995621519956215CT,0.675000 
2807,173904119939041199CT,1.000000 
2976,177139716271397162GT,0.992000 
2922,168402796984027969CT,0.004000 
2999,152389024823890248CT,0.355000 
2905,2234545658234545658CT,1.000000 
2828,3122420027122420027CG,0.712000 
2939,34582362945823629GA,1.000000 
2906,35713171957131719GC,0.984000 
2967,167087402770874027GA,0.940000 
2905,155936827959368279CT,1.000000 
2876,4106157113106157113A-,0.948000 
2971,4106158309106158309T-,0.980000 
2908,4106164778106164778CT,0.972000 
2879,4106164778106164778CT,0.972000 
2937,4106155474106155474C-,0.984000 
2865,4106193801106193802-AT,0.992000 
2822,4106156043106156043C-,0.972000 
2964,4106157845106157845CT,0.984000 
2830,4106190863106190864-G,1.000000 
3006,4106193892106193892CT,0.976000 
2845,4106180893106180893G-,0.965000 
2865,4106193802106193803-TA,0.995000 
2879,4106155921106155921C-,0.980000 
2865,4106157938106157938CT,0.984000 
2876,4106156540106156540CT,1.000000 
2923,4106156747106156747CT,0.976000 
2928,4106158442106158442C-,0.988000 
2923,4106157969106157970-A,0.980000 
2873,4106157737106157737C-,0.988000 
2996,4106190782106190783AG-,0.996000 
2965,4106180919106180919C-,0.984000 
2996,4106197269106197269CT,1.000000 
2830,4106193855106193855A-,0.972000 
2971,4106197255106197255CA,1.000000 
2964,4106197333106197333CT,1.000000 
2978,4106196213106196213CT,0.968000 
2928,4106190777106190777AT,1.000000 
3011,194970526049705260GA,0.985000 
2861,91643673516436735CT,1.000000 
2872,4155156598155156598GA,0.036000 
2860,4155253840155253840TA,0.990000 
2993,5176016333176016333CT,0.001000 
2871,156218256062182560TC,0.101000 
2821,2191300983191300983TG,0.437000 
2923,177279174572791745CT,0.984000 
3002,91722628317226283CT,0.972000 
2968,233993208439932085-G,0.996000 
2970,233993385839933858C-,0.975000 
2830,23106069437106069437TA,0.037000 
2877,9104086335104086335CT,1.000000 
2864,11071579810715798CT,1.000000 
2830,1057725855772585GA,0.000000 
2932,93391717633917178GAG-,0.912000 
2897,67973585279735852CA,0.999000 
2967,67966463679664637-T,0.966000 
2821,2234201946234201946TA,1.000000 
2838,36235694862356948TA,1.000000 
2972,10115891901115891901AC,0.343000 
2823,1283773688377368G-,0.937000 
2915,11794835917948359GA,0.996000 
2999,37286645872866458GC,0.619000 
2919,2152319466152319466TA,0.231000 
2854,11246029612460296GA,0.158000 
2981,4122791466122791466CA,1.000000 
2972,158984711989847119TA,0.114000 
2912,203396200033962000CA,0.866000 
2898,22596723325967234-CT,0.988000 
2986,23106310914106310914AC,0.044000 
2950,2111542370111542370CT,0.022000 
2841,9100971322100971322AC,0.406000 
2828,101323445113234451GA,0.007000 
2855,23134989144134989144GA,0.006000 
2871,89200797992007979CT,1.000000 
2877,11107501281107501281GA,0.002000 
2972,162099405720994057GC,0.000000 
2919,133759147137591471GC,0.038000 
2926,98651816686518166CT,0.088000 
2968,4169141819169141819TC,0.144000 
2999,79487948994879489AG,0.994000 
2885,236357471263574712CT,0.264000 
2971,236348860263488602CT,0.000000 
2857,2225717836225717836CT,0.998000 
2820,3179080206179080206GA,0.990000 
2806,149193720491937204GC,1.000000 
2997,23244546332445463AG,0.940000 
2804,2128412067128412067GC,0.999000 
2943,3183521065183521065CT,1.000000 
2870,12106770184106770184CT,1.000000 
2807,4183664410183664410GA,1.000000 
2828,122706647527066475CA,1.000000 
2910,121461946814619471ACAA-,1.000000 
2895,10127569152127569152AG,1.000000 
2887,129560388095603880CT,0.034000 
2820,1111492550111492550CG,0.021000 
2943,35493083954930839CA,0.984000 
2980,35493386354933863TC,0.972000 
2952,1167873180167873180TA,0.380000 
2810,1167960544167960544TC,1.000000 
2895,126770025467700254TG,0.981000 
2867,168105622381056223CT,0.040000 
2882,11774003317740033CT,0.994000 
2813,23118723959118723959GA,0.960000 
2859,1112270297112270297CT,0.130000 
2802,203524043935240439CT,0.007000 
2917,79793704797937047CT,0.999000 
3002,5140866094140866094CG,0.032000 
2929,5140793765140793767AGA-,0.587000 
2904,5140745018140745018GT,0.176000 
3005,5140724205140724205GA,0.995000 
2983,5140580470140580470TC,1.000000 
2822,5140530312140530312TA,1.000000 
2819,5140480895140480895CT,0.369000 
2908,5140222758140222758CA,0.000000 
3006,5140188067140188067CT,0.278000 
2955,5140167574140167574GA,0.015000 
2806,102476259224762592GA,0.998000 
3005,103440021434400214GT,0.264000 
2983,142197928321979283TC,0.342000 
2884,149065128490651285-G,0.904000 
2922,149065124990651249CA,0.011000 
2872,5151784257151784257CT,0.322000 
2949,5151784554151784554GA,0.989000 
2836,1114522185114522185CT,0.000000 
2861,48876738788767387GA,0.105000 
2905,157254976672549766GT,0.971000 
2859,52352678623526786GA,0.462000 
2846,194993384649933846GA,0.014000 
2959,154091659240916592GC,0.867000 
2838,1256725665672566CA,0.601000 
2989,1156035781156035781CA,1.000000 
2816,1209785354209785354GA,0.002000 
2938,63088790730887907GA,1.000000 
2839,202061021120610211CA,0.208000 
2844,3101136588101136588GA,0.996000 
2992,201966253919662539AG,0.004000 
2994,5167689115167689115GT,0.998000 
2976,1153791329153791329GA,0.984000 
2885,7129093996129093996TC,0.780000 
2877,7129091522129091522CT,0.786000 
2829,5179994980179994980GT,0.928000 
2832,146804053668040536CT,1.000000 
2970,146803671868036718GA,0.000000 
2963,43744670237446702AG,0.884000 
2991,288903608890360GA,0.035000 
2923,1151506464151506464GA,0.899000 
2807,158540132285401322CT,0.002000 
2915,22015361920153619CT,0.080000 
2803,41556935215569352CT,1.000000 
2900,9138642020138642020TA,0.099000 
3006,1151259855151259855CG,0.006000 
2806,1151260427151260427CT,0.860000 
2803,4159754760159754760GA,0.124000 
2810,193176997831769978CT,0.993000 
2990,2120849220120849220GA,1.000000 
2863,177832060378320603GA,0.020000 
2937,177832143378321433GC,0.912000 
2844,144563358345633583GA,1.000000 
2952,194090299840902998TC,0.819000 
2854,5140563348140563348CT,1.000000 
2908,1160718302160718302AG,0.992000 
2875,1159163315159163315GA,0.007000 
2921,23246329032463290AG,0.901000 
2905,212706614927066149GA,0.999000 
2990,9109691231109691231CT,0.999000 
2940,7151874161151874161CA,1.000000 
2968,193630365136303651CT,0.984000 
2924,9990602990602CG,0.956000 
2945,11105009793105009793CT,0.434000 
2818,1202863740202863740TG,0.120000 
2886,195024343150243431GA,1.000000 
2905,1176759024176759024CT,0.034000 
2814,23129148536129148537-A,0.972000 
2912,1156617332156617332CT,1.000000 
2895,133285233328523GA,0.182000 
2935,112666348426663484GC,0.091000 
2980,22806991628069916AC,0.866000 
2810,6169008890169008890GA,0.086000 
2934,11119031351119031351AG,1.000000 
2870,1156146280156146280AG,0.002000 
2905,24407955544079555GA,0.000000 
2913,57313656373136563CA,0.342000 
2963,2238485934238485934GA,0.351000 
2923,2219533395219533395GT,0.962000 
2836,125641748656417486CT,0.000000 
2857,1631004213100421CT,1.000000 
2874,1240656704240656704GT,0.000000 
2993,142351842623518426GT,0.964000 
2937,77113052971130529GA,0.980000 
2820,12118841283118841283CA,0.988000 
2905,830000533000053C-,0.996000 
2916,829661622966162GT,0.997000 
2925,830813373081337GT,0.999000 
2864,176258957862589578TC,0.000000 
2943,63462253034622530TC,1.000000 
2952,224398596443985964GT,0.559000 
2868,193991376339913763CT,1.000000 
2822,53503711735037117GT,0.003000 
2989,55654293456542935-A,0.968000 
2945,2204045161204045161TC,0.990000 
3008,12123001816123001816CG,0.172000 
2865,11291982912919829CT,0.000000 
2849,11291999712919997CT,0.006000 
2926,12970241970241AC,1.000000 
2898,105558726855587268CT,0.975000 
3011,174094039040940390CT,1.000000 
2915,235433436854334368CT,0.990000 
2868,1184744538474453CA,0.304000 
2845,123090662730906627CT,0.960000 
2887,3133114756133114756AT,0.020000 
2890,191579446915794469CT,1.000000 
2912,83345114333451143CA,1.000000 
2935,34989676749896767CT,0.001000 
2948,2101183018101183019-C,0.968000 
2818,2234846004234846004GA,0.105000 
2803,115503314955033149CA,0.283000 
2929,23154305490154305490CT,0.984000 
2871,193643568336435683CT,0.928000 
2967,34657439946574399CT,0.952000 
2827,166757398967573989CT,0.997000 
2814,166757887967578879CT,1.000000 
2822,167557654775576547TC,0.003000 
2985,10103735023103735023AT,0.995000 
2971,2128770686128770686GA,0.948000 
3009,128153690281536902CT,0.001000 
2895,5148406153148406153CT,0.016000 
2965,158253068782530687TC,1.000000 
2922,4126336627126336627GA,1.000000 
2901,165805127358051273CG,0.086000 
2882,11102980403102980403TG,0.000000 
2929,111925236119252361AG,0.000000 
2971,111925110519251105CA,0.972000 
2937,87776410877764108GC,0.445000 
2936,74023464840234648GT,1.000000 
2988,195078338450783384CG,0.750000 
2858,155917960259179602AG,0.896000 
2915,1929896332989633CG,0.214000 
2983,162722181827221818TG,0.976000 
2901,114771205547712055CA,0.976000 
2899,23111003073111003073CT,1.000000 
2934,2172411097172411097GT,1.000000 
2907,16865972168659721GC,0.148000 
2820,7138853105138853105GT,0.988000 
2959,82513611025136110GA,0.932000 
2869,154805605948056059CT,1.000000 
2882,97321834773218347CT,0.990000 
2879,97321831173218311CT,1.000000 
2915,4140270697140270697GA,0.988000 
2977,134694614846946148CT,0.057000 
2875,128848288588482885GA,0.051000 
2806,24803675448036755-GA,1.000000 
2904,154495582344955823GC,0.000000 
2863,83773241237732412CT,0.146000 
3001,5179025796179025796CG,0.162000 
2952,1117663343117663343CT,1.000000 
2949,2228996763228996763GA,0.004000 
2898,107040560470405604CT,0.000000 
2855,107045064970450649CT,0.003000 
2912,12132425864132425864AT,1.000000 
2942,3127396114127396115-C,0.992000 
2804,3127396114127396115-C,0.992000 
2898,201385817013858170CT,1.000000 
2922,191837611118376112-C,0.964000 
2813,191837691818376918TC,0.174000 
2994,8145772894145772894GC,0.000000 
2885,183131430031314300CT,1.000000 
2963,63213515132135151GA,0.000000 
2976,115532266855322668CT,1.000000 
3009,8105367321105367321CT,1.000000 
2996,117514656575146565CT,0.001000 
2811,125145770151457701TC,0.083000 
2849,9434936434937-T,0.996000 
2945,53363778033637780CT,0.007000 
2959,87074477270744772CT,0.952000 
2945,68876368188763681GA,0.038000 
2926,111001407110014071CT,1.000000 
2914,236474961564749615CT,0.322000 
2861,184462570444625704CA,0.007000 
2868,8144940290144940290CG,0.999000 
2913,8144940331144940331CT,0.000000 
2952,23136113704136113704CT,0.007000 
2846,233465740834657408CT,0.045000 
2898,87592966975929669GA,1.000000 
2894,87592885475928854GA,0.145000 
2967,163003713630037136GA,0.984000 
2981,163003656830036568CT,1.000000 
2861,194895439648954396GA,0.332000 
2972,1185958621185958621AG,0.979000 
2890,223069173130691732-C,0.992000 
3007,6167754667167754667GA,0.000000 
2899,7110526705110526705TC,0.000000 
2908,11117785122117785122CT,1.000000 
2829,1228473959228473959TG,0.911000 
2977,58992531889925318GA,0.999000 
2899,177427423874274238TA,0.992000 
2818,6146125956146125956CT,1.000000 
2832,79909124999091249CT,1.000000 
2950,4123202879123202879CG,1.000000 
2943,12203307622033076CA,0.996000 
2849,158233600782336007AG,0.708000 
2976,23133547992133547992GA,1.000000 
2804,23133527979133527979GT,0.992000 
3009,23133551224133551224GT,1.000000 
2912,23133511712133511713-A,0.984000 
2855,23133547903133547904-GGATA,0.992000 
2891,193490037034900370AG,1.000000 
2874,193490474634904746TC,0.980000 
2978,84282328742823287CG,0.971000 
2911,23101138748101138751CTTT-,0.976000 
2923,5126674892126674892GT,0.999000 
2863,6100390958100390958GA,0.010000 
2923,62826967628269676AG,0.010000 
3005,6159653543159653543CT,0.924000 
2938,64322337043223370GT,0.999000 
2865,64323071843230718AG,1.000000 
2850,175190132351901323CT,1.000000 
2838,175190053451900534CT,0.946000 
2806,12121880386121880386TC,0.876000 
2803,45437424954374249CT,0.812000 
2949,3197556523197556523GA,0.961000 
2838,111876227118762271TC,0.904000 
2921,3100373941100373941GA,0.901000 
2949,12122078953122078953AG,0.979000 
2937,13101277848101277848GA,0.071000 
2870,16330049463300494GT,1.000000 
2939,1166962013166962013TC,1.000000 
2992,1943541134354113CT,1.000000 
2891,11101953911101953911GA,1.000000 
2859,173933431439334314AT,0.373000 
3002,9117044566117044566GA,1.000000 
2995,203041887730418877GT,1.000000 
2830,225067177950671779AG,0.938000 
2908,167652367276523672GA,0.001000 
2971,167646138076461380TA,1.000000 
3009,89828890398288903CA,0.076000 
2813,41044553410445534AT,0.212000 
2976,12110471685110471685GA,0.004000 
2915,186123422861234228GA,0.250000 
2905,1201777192201777192CG,1.000000 
2968,121886583518865835GA,0.294000 
2985,3129140523129140523CT,0.872000 
2996,195261822352618223GT,1.000000 
2839,154085508540855085CT,0.005000 
2994,65398959853989598GA,0.948000 
2832,192030807420308074AG,0.182000 
2838,1154931409154931409CG,1.000000 
2802,103745558237455582CT,0.046000 
2817,34476360844763608AT,0.996000 
2865,7131866295131866295CT,0.059000 
3002,12129178490129178490GA,0.988000 
2908,1172425583172425583T-,0.896000 
2923,3141011154141011154TG,1.000000 
2996,91863938118639381GT,1.000000 
2865,8110412530110412530GA,0.700000 
2904,8110523048110523048GA,0.000000 
2997,132001225220012252CT,0.689000 
2945,168203307882033078CT,0.992000 
2839,1219631331963133CA,0.155000 
2872,64346681943466819GT,0.019000 
2888,6129950550129950553TCTT-,0.992000 
2924,1990847159084715CT,1.000000 
2860,1990608499060849GA,1.000000 
2849,1990880959088095GT,0.370000 
2978,239993623299936232CT,0.002000 
2929,233793591137935911GA,0.000000 
2859,11134095072134095072CG,0.000000 
2976,173037710930377110-T,0.828000 
2877,85643602856436028CA,0.999000 
2857,8113678593113678593CT,1.000000 
2808,8113651047113651047CT,0.999000 
2874,138445409484454094GT,0.940000 
2822,6130762082130762082CT,0.901000 
2847,62854369428543694GA,0.093000 
2858,18965270189652701CT,0.116000 
3002,18966098089660980CA,0.820000 
2979,18965214789652147CT,0.943000 
2965,163061651930616519GC,0.886000 
2877,3120050085120050085CT,0.002000 
2885,64155557441555575-A,0.980000 
2882,64298497442984974TC,0.999000 
2846,43615261936152619AG,1.000000 
2861,10124034613124034613CT,0.007000 
2914,10125526584125526584A-,0.976000 
2978,1150209275020927GA,0.868000 
2859,1149294414929441TG,1.000000 
2986,1148702454870245CT,0.005000 
2806,114823846848238468CT,1.000000 
2930,1178183837818384-ATATGGTTACCAGGTAGATGC,0.260000 
3001,125927966159279661CT,0.977000 
2927,149290851792908517GC,1.000000 
2822,155223038352230383GC,0.996000 
2803,158345574083455740CT,0.093000 
2847,162048253820482538GA,0.147000 
2972,168868869088688690CT,0.992000 
2868,168866634688666346AG,0.986000 
2917,1993249949324994TA,1.000000 
2963,195646694656466946GC,0.000000 
2802,1152057522152057522TC,0.311000 
2876,1154516513154516513GA,0.001000 
2867,1248367136248367136TA,0.924000 
2916,1248756299248756299GT,0.972000 
3005,1198509740198509740GA,0.999000 
2832,13522714835227148GA,0.832000 
2900,11880948118809481CT,0.993000 
2828,11652564516525645CT,0.999000 
2949,28509765485097654GT,0.437000 
2885,2168107404168107404GA,0.005000 
2886,2125175092125175092GT,0.336000 
2887,2677320677320GC,0.218000 
2979,2220413919220413919GA,0.445000 
2824,2207619823207619823GA,1.000000 
2904,31949826219498262AC,0.971000 
2881,3194080335194080335CT,0.003000 
2957,3150384671150384671CT,0.001000 
2846,4188924151188924151GA,0.210000 
3006,4118006248118006248AT,1.000000 
2854,54105829741058297GT,0.112000 
2890,53845154438451544GA,1.000000 
2811,5180167000180167000CT,0.939000 
2907,6123384853123384853CT,0.904000 
3009,6126210950126210950AG,0.008000 
2831,67451656774516567GT,1.000000 
2976,77602279176022791CT,0.140000 
2978,85232163352321633CT,0.800000 
2849,23135427148135427148TA,1.000000 
2877,23135431546135431546CT,0.340000 
2844,7100691294100691294TC,0.011000 
2923,231530608415306084GA,0.001000 
2888,7123269106123269106CT,0.931000 
2829,119430073694300736GC,0.002000 
2847,1168066606806660CA,0.001000 
2901,122535722425357224CT,0.023000 
2943,149496445794964457CT,0.061000 
2813,146151724161517241TA,0.472000 
2882,153824336538243365CT,0.000000 
2804,162174218721742187CT,0.134000 
2854,177493414274934142CT,0.999000 
2959,1718406861840686CT,0.000000 
2877,173348171433481714CT,0.924000 
2928,185710328957103289CT,0.326000 
2868,182933984329339843CT,0.993000 
2913,195791121057911210AG,0.001000 
2923,193761861137618611CT,0.963000 
2860,192392774323927744CA-,0.475000 
2939,1150255858150255858CA,0.998000 
2959,14446131944461319CA,0.014000 
2839,214114307041143070GA,0.280000 
2807,223255509432555094CA,0.291000 
2811,29554246195542461AG,0.276000 
2907,2202400926202400926CT,0.128000 
2939,2230910902230910902GA,0.980000 
2905,36880203768802037CT,0.800000 
2938,4146807298146807298G-,0.988000 
2923,62010262120102621T-,0.980000 
2992,23112058654112058654AT,0.001000 
2908,82763459827634598GA,0.002000 
3009,8100205130100205130CA,0.023000 
2917,88724205587242055CT,0.960000 
2922,83677638936776389GA,0.007000 
2912,83664194736641947CT,1.000000 
3008,87399340173993401CT,0.034000 
2819,97932073879320738CT,0.000000 
2939,233415007334150073GA,1.000000 
2899,23101396171101396171CT,0.017000 
2936,23101396081101396081CA,0.928000 
2959,119309012793090127GA,0.106000 
2964,128352607083526070GA,0.999000 
2874,12119968731119968731GA,0.998000 
2923,154391017943910179GA,0.004000 
2838,157417740674177406GC,0.999000 
2872,154148230241482302GA,0.918000 
2828,193649745836497458GA,0.001000 
2813,1152944388152944388CT,0.816000 
2932,33922891939228919CT,0.001000 
2813,4123664618123664618AG,0.119000 
2820,42238982722389827GA,0.296000 
3006,55622465656224656GC,1.000000 
2864,6165715653165715653CT,0.023000 
2926,232301829623018296CT,0.001000 
2875,73394527433945274CA,0.022000 
2985,73418294634182946AC,0.002000 
2931,8139697551139697551GA,0.069000 
2952,938283793828379GA,0.762000 
2862,231368076313680763AG,1.000000 
2899,107467322474673224GA,0.005000 
2847,552398245239824GA,1.000000 
2913,15100589063100589063GA,0.800000 
2990,1941864414186441CT,1.000000 
2907,203102475831024758CT,0.941000 
2807,203102272731022727G-,0.957000 
2821,203102271231022712CT,0.988000 
2864,203102327131023272-ACCA,0.968000 
2833,12124298029124298029CT,0.952000 
2914,127203035672030356TC,0.012000 
2991,124625471946254719CT,0.992000 
2978,193623476536234765GT,0.909000 
2905,15725470357254703CT,0.999000 
2927,14148367241483672CT,0.998000 
2915,29881095198810952-A,0.992000 
2915,35879212258792122GA,1.000000 
2991,3195955063195955063CT,0.096000 
2878,33161795331617953AG,1.000000 
2817,57903441179034411CT,0.008000 
2810,57902765279027652GA,0.930000 
2908,5146752756146752756CT,0.984000 
2904,91574461715744617GA,0.000000 
3005,23105178382105178382TC,0.233000 
2931,195632137456321374TG,0.782000 
2966,132574384325743843TG,0.901000 
2839,115579809455798094CA,1.000000 
2977,115643169956431699GA,1.000000 
2999,107305565573055655CT,0.962000 
2810,107305121873051218CT,0.875000 
2998,11124955556124955556GA,0.003000 
2938,11124412778124412778TC,1.000000 
2924,116104588261045882G-,0.988000 
2999,117698221276982212CT,0.964000 
3006,104411253544112535CG,1.000000 
2857,106496716864967168AG,0.932000 
2996,101529066415290664GA,1.000000 
2897,6109814625109814625GA,0.180000 
2881,6121434261121434261TC,0.991000 
2937,64768180147681801CT,0.944000 
2868,61320632913206329TG,0.996000 
2916,61320613413206135-G,0.960000 
2876,61320613413206135-G,0.960000 
2882,740140564014056GA,0.091000 
2988,7102106693102106693CA,0.017000 
2827,7105278946105278946CG,0.956000 
3009,6117127655117127655CA,1.000000 
2878,22903889629038896AC,0.000000 
2890,47864752178647521CT,1.000000 
2827,156923866169238661GA,0.475000 
2990,38611483386114833CT,0.998000 
3012,38611480986114809TG,0.944000 
2904,6170033132170033132CT,0.901000 
2899,7138969157138969157AG,0.000000 
2822,12122677521122677521GA,0.012000 
2887,237998896479988964TC,0.061000 
2927,232395346023953460CT,0.968000 
2900,47517483475174834CA,0.663000 
2904,4106863541106863541AT,0.024000 
2862,10132891487132891487AG,0.920000 
2934,9116185663116185663AG,0.003000 
2821,41361584313615843TC,0.031000 
2921,1114123202114123202GA,1.000000 
2809,78985631589856315CT,0.992000 
2860,116619241566192415AG,0.035000 
2963,13106142385106142385C-,0.718000 
2807,62896374628963746GA,0.000000 
2956,12662474662474CT,0.003000 
2896,125663101556631016-G,0.880000 
2968,12117922266117922266GA,1.000000 
2952,157373553073735530GA,0.800000 
2807,158257449582574495CT,0.097000 
2925,158257452582574525CT,0.827000 
2955,154237328242373282GA,0.104000 
2861,161853214818532148CT,0.404000 
2906,178005971080059710GA,0.006000 
2914,174424861444248615-G,0.984000 
2807,1870360467036046GT,0.956000 
2806,193785450137854501GA,0.000000 
2930,14761442347614423GA,0.000000 
2891,13818650238186502TC,1.000000 
2841,3126915795126915795GA,0.005000 
2851,3189038554189038554TC,0.988000 
2847,413883451388346CA-,0.834000 
3012,44857721048577210TC,0.601000 
2923,673790087379008GT,0.095000 
2807,75310384053103840GA,0.298000 
2876,82773719927737199CT,0.990000 
2877,3121712623121712623CT,0.999000 
2912,3121725901121725901CT,0.998000 
2986,125321578053215780CT,0.849000 
3002,193700505737005057AG,1.000000 
2998,1190067294190067294GA,0.916000 
2817,1190067861190067861GA,1.000000 
2965,1190067990190067990CT,0.900000 
2838,1190068242190068242GA,0.940000 
2976,1190250762190250762TA,0.008000 
2838,1190250791190250791CT,0.020000 
2926,14096152040961520AG,1.000000 
2983,420655072065507GA,0.998000 
2984,133942265739422657CG,0.928000 
2924,173893853738938537GA,0.002000 
2862,193969137339691373GA,1.000000 
3009,195374037153740371GT,1.000000 
3009,1196197412196197412CT,0.204000 
2904,2133721301133721301CT,0.933000 
2864,3193028481193028481GC,0.993000 
2931,55677773956777739AG,1.000000 
2806,23130678939130678939CT,1.000000 
2813,23130678091130678091TC,1.000000 
3005,13114507886114507886GA,0.296000 
2806,54526218445262184GT,0.983000 
2996,1152785067152785067GT,0.904000 
2937,7142960614142960614CA,1.000000 
2931,7142960620142960620CT,0.039000 
2939,111139888611398886GA,0.991000 
2915,111131470711314707CT,0.269000 
2867,11673634516736345GA,0.010000 
2920,1156875138156875138CT,1.000000 
2832,97234721572347215GA,0.008000 
2849,146541713065417130GA,0.006000 
2868,12652448626524486CA,1.000000 
2987,214603243846032438GA,0.002000 
2808,6127796938127796938GT,1.000000 
2907,195896760258967602GA,1.000000 
3005,1145273366145273366CT,0.940000 
2991,213169211331692113CT,0.017000 
2874,2240968952240968952CA,1.000000 
2952,82792221127922211CT,0.954000 
2816,9135447815135447815GA,0.417000 
2914,1155108405510840GT,0.952000 
2901,1158787555878755TC,0.017000 
2923,115568162855681628AT,1.000000 
2978,115638088156380881GA,0.001000 
2967,11124440298124440298GA,0.004000 
2976,156811853668118536GT,1.000000 
2828,1248344003248344003CT,0.958000 
2871,147398945473989454CT,0.093000 
2945,10124457269124457269CG,0.017000 
2862,17263592263592GA,0.000000 
2886,17263017263017GC,0.016000 
2920,9140140111140140111GA,0.996000 
2969,9138586271138586271GA,0.036000 
2964,39811032198110321CG,0.804000 
2839,154540836445408364CA,0.901000 
2972,29680114996801149GA,0.966000 
2917,124541029045410290GA,0.800000 
2897,141937851219378512CA,1.000000 
2813,141937788519377885GA,0.007000 
2979,15332969253329692CT,0.956000 
2846,142021569220215692AG,0.000000 
2820,4172735732172735732AG,0.901000 
2925,1152733801152733801TG,1.000000 
2910,7141429357141429357AT,0.007000 
2927,213165497031654970GA,0.965000 
3005,2240982243240982243GA,0.000000 
2849,11349787513497875CT,0.000000 
2988,1112697691269769CA,0.032000 
2964,1112717861271786TC,0.000000 
2917,115717911571791GA,0.848000 
2803,77505147375051473CG,1.000000 
2917,9100085148100085148GA,0.712000 
2858,113093851430938514AT,1.000000 
3002,1206772865206772865TC,0.999000 
